[2026-07-05 16:07:17] local.ERROR: PHP Parse error: Syntax error, unexpected T_NS_SEPARATOR on line 1 {"exception":"[object] (Psy\\Exception\\ParseErrorException(code: 0): PHP Parse error: Syntax error, unexpected T_NS_SEPARATOR on line 1 at D:/Global Supply/supply-chain-platform/vendor/psy/psysh/src/Exception/ParseErrorException.php:44)
[stacktrace]
#0 D:/Global Supply/supply-chain-platform/vendor/psy/psysh/src/CodeCleaner.php(657): Psy/Exception/ParseErrorException::fromParseError(Object(PhpParser/Error))
#1 D:/Global Supply/supply-chain-platform/vendor/psy/psysh/src/CodeCleaner.php(273): Psy/CodeCleaner->parse('<?php  try { // ...', false)
#2 D:/Global Supply/supply-chain-platform/vendor/psy/psysh/src/Shell.php(1399): Psy/CodeCleaner->clean(Array, false)
#3 D:/Global Supply/supply-chain-platform/vendor/psy/psysh/src/Shell.php(1506): Psy/Shell->appendCode(' try { // = app(...', true, false)
#4 D:/Global Supply/supply-chain-platform/vendor/psy/psysh/src/Shell.php(2215): Psy/Shell->setCode(' try { // = app(...', true)
#5 D:/Global Supply/supply-chain-platform/vendor/laravel/tinker/src/Console/TinkerCommand.php(77): Psy/Shell->execute(' try { // = app(...')
#6 D:/Global Supply/supply-chain-platform/vendor/laravel/framework/src/Illuminate/Container/BoundMethod.php(36): Laravel/Tinker/Console/TinkerCommand->handle()
#7 D:/Global Supply/supply-chain-platform/vendor/laravel/framework/src/Illuminate/Container/Util.php(43): Illuminate/Container/BoundMethod::Illuminate/Container/{closure}()
#8 D:/Global Supply/supply-chain-platform/vendor/laravel/framework/src/Illuminate/Container/BoundMethod.php(95): Illuminate/Container/Util::unwrapIfClosure(Object(Closure))
#9 D:/Global Supply/supply-chain-platform/vendor/laravel/framework/src/Illuminate/Container/BoundMethod.php(35): Illuminate/Container/BoundMethod::callBoundMethod(Object(Illuminate/Foundation/Application), Array, Object(Closure))
#10 D:/Global Supply/supply-chain-platform/vendor/laravel/framework/src/Illuminate/Container/Container.php(696): Illuminate/Container/BoundMethod::call(Object(Illuminate/Foundation/Application), Array, Array, NULL)
#11 D:/Global Supply/supply-chain-platform/vendor/laravel/framework/src/Illuminate/Console/Command.php(213): Illuminate/Container/Container->call(Array)
#12 D:/Global Supply/supply-chain-platform/vendor/symfony/console/Command/Command.php(341): Illuminate/Console/Command->execute(Object(Symfony/Component/Console/Input/ArgvInput), Object(Illuminate/Console/OutputStyle))
#13 D:/Global Supply/supply-chain-platform/vendor/laravel/framework/src/Illuminate/Console/Command.php(182): Symfony/Component/Console/Command/Command->run(Object(Symfony/Component/Console/Input/ArgvInput), Object(Illuminate/Console/OutputStyle))
#14 D:/Global Supply/supply-chain-platform/vendor/symfony/console/Application.php(1117): Illuminate/Console/Command->run(Object(Symfony/Component/Console/Input/ArgvInput), Object(Symfony/Component/Console/Output/ConsoleOutput))
#15 D:/Global Supply/supply-chain-platform/vendor/symfony/console/Application.php(356): Symfony/Component/Console/Application->doRunCommand(Object(Laravel/Tinker/Console/TinkerCommand), Object(Symfony/Component/Console/Input/ArgvInput), Object(Symfony/Component/Console/Output/ConsoleOutput))
#16 D:/Global Supply/supply-chain-platform/vendor/symfony/console/Application.php(195): Symfony/Component/Console/Application->doRun(Object(Symfony/Component/Console/Input/ArgvInput), Object(Symfony/Component/Console/Output/ConsoleOutput))
#17 D:/Global Supply/supply-chain-platform/vendor/laravel/framework/src/Illuminate/Foundation/Console/Kernel.php(198): Symfony/Component/Console/Application->run(Object(Symfony/Component/Console/Input/ArgvInput), Object(Symfony/Component/Console/Output/ConsoleOutput))
#18 D:/Global Supply/supply-chain-platform/vendor/laravel/framework/src/Illuminate/Foundation/Application.php(1235): Illuminate/Foundation/Console/Kernel->handle(Object(Symfony/Component/Console/Input/ArgvInput), Object(Symfony/Component/Console/Output/ConsoleOutput))
#19 D:/Global Supply/supply-chain-platform/artisan(17): Illuminate/Foundation/Application->handleCommand(Object(Symfony/Component/Console/Input/ArgvInput))
#20 {main}
"} 
[2026-07-05 16:09:05] local.ERROR: [worldbank] cURL error 28: Operation timed out after 15004 milliseconds with 0 bytes received (see https://curl.se/libcurl/c/libcurl-errors.html) for https://api.worldbank.org/v2/country/DE/indicator/NY.GDP.MKTP.CD?format=json&date=2025%3A2025&per_page=1  
[2026-07-05 16:09:33] local.ERROR: [worldbank] cURL error 28: Operation timed out after 15008 milliseconds with 0 bytes received (see https://curl.se/libcurl/c/libcurl-errors.html) for https://api.worldbank.org/v2/country/DE/indicator/NE.IMP.GNFS.CD?format=json&date=2025%3A2025&per_page=1  
[2026-07-05 16:17:46] local.ERROR: Maximum execution time of 60 seconds exceeded {"userId":2,"exception":"[object] (Symfony\\Component\\ErrorHandler\\Error\\FatalError(code: 0): Maximum execution time of 60 seconds exceeded at D:/Global Supply/supply-chain-platform/vendor/guzzlehttp/guzzle/src/Handler/CurlFactory.php:1918)
[stacktrace]
#0 {main}
"} 
[2026-07-05 16:18:20] local.ERROR: [worldbank] cURL error 28: Operation timed out after 15088 milliseconds with 0 bytes received (see https://curl.se/libcurl/c/libcurl-errors.html) for https://api.worldbank.org/v2/country/JP/indicator/FP.CPI.TOTL.ZG?format=json&date=2025%3A2025&per_page=1  
[2026-07-05 16:22:14] local.ERROR: [worldbank] cURL error 28: Operation timed out after 15003 milliseconds with 0 bytes received (see https://curl.se/libcurl/c/libcurl-errors.html) for https://api.worldbank.org/v2/country/BR/indicator/SP.POP.TOTL?format=json&date=2025%3A2025&per_page=1  
[2026-07-05 16:41:25] local.ERROR: [worldbank] cURL error 28: Operation timed out after 15010 milliseconds with 0 bytes received (see https://curl.se/libcurl/c/libcurl-errors.html) for https://api.worldbank.org/v2/country/FR/indicator/NY.GDP.PCAP.CD?format=json&date=2025%3A2025&per_page=1  
[2026-07-05 16:41:40] local.ERROR: [worldbank] cURL error 28: Operation timed out after 15003 milliseconds with 0 bytes received (see https://curl.se/libcurl/c/libcurl-errors.html) for https://api.worldbank.org/v2/country/FR/indicator/FP.CPI.TOTL.ZG?format=json&date=2025%3A2025&per_page=1  
[2026-07-05 16:42:06] local.ERROR: Maximum execution time of 60 seconds exceeded {"userId":2,"exception":"[object] (Symfony\\Component\\ErrorHandler\\Error\\FatalError(code: 0): Maximum execution time of 60 seconds exceeded at D:/Global Supply/supply-chain-platform/vendor/guzzlehttp/guzzle/src/Handler/CurlFactory.php:1918)
[stacktrace]
#0 {main}
"} 
[2026-07-05 16:42:35] local.ERROR: [worldbank] cURL error 28: Operation timed out after 15004 milliseconds with 0 bytes received (see https://curl.se/libcurl/c/libcurl-errors.html) for https://api.worldbank.org/v2/country/FR/indicator/NE.EXP.GNFS.CD?format=json&date=2025%3A2025&per_page=1  
[2026-07-08 00:00:19] local.ERROR: [openmeteo] cURL error 28: SSL connection timeout (see https://curl.se/libcurl/c/libcurl-errors.html) for https://api.open-meteo.com/v1/forecast?latitude=-0.7893&longitude=113.9213&current=temperature_2m%2Capparent_temperature%2Cprecipitation%2Cwindspeed_10m%2Cwindgusts_10m%2Cweathercode%2Ccloudcover%2Crelativehumidity_2m&timezone=auto&forecast_days=1  
[2026-07-08 00:01:06] local.ERROR: [worldbank] cURL error 28: Operation timed out after 15007 milliseconds with 0 bytes received (see https://curl.se/libcurl/c/libcurl-errors.html) for https://api.worldbank.org/v2/country/CN/indicator/NY.GDP.PCAP.CD?format=json&date=2025%3A2025&per_page=1  
[2026-07-08 00:01:12] local.ERROR: Maximum execution time of 60 seconds exceeded {"userId":3,"exception":"[object] (Symfony\\Component\\ErrorHandler\\Error\\FatalError(code: 0): Maximum execution time of 60 seconds exceeded at D:/Global Supply/supply-chain-platform/vendor/guzzlehttp/guzzle/src/Handler/CurlFactory.php:1918)
[stacktrace]
#0 {main}
"} 
[2026-07-08 00:01:35] local.ERROR: [worldbank] cURL error 28: Operation timed out after 15012 milliseconds with 0 bytes received (see https://curl.se/libcurl/c/libcurl-errors.html) for https://api.worldbank.org/v2/country/CN/indicator/NY.GDP.PCAP.CD?format=json&date=2025%3A2025&per_page=1  
[2026-07-08 00:02:07] local.ERROR: [worldbank] cURL error 28: Operation timed out after 15012 milliseconds with 0 bytes received (see https://curl.se/libcurl/c/libcurl-errors.html) for https://api.worldbank.org/v2/country/DE/indicator/NY.GDP.MKTP.CD?format=json&date=2025%3A2025&per_page=1  
[2026-07-08 00:02:07] local.ERROR: [worldbank] cURL error 6: Could not resolve host: api.worldbank.org (see https://curl.se/libcurl/c/libcurl-errors.html) for https://api.worldbank.org/v2/country/DE/indicator/NY.GDP.PCAP.CD?format=json&date=2025%3A2025&per_page=1  
[2026-07-08 00:02:07] local.ERROR: [worldbank] cURL error 6: Could not resolve host: api.worldbank.org (see https://curl.se/libcurl/c/libcurl-errors.html) for https://api.worldbank.org/v2/country/DE/indicator/FP.CPI.TOTL.ZG?format=json&date=2025%3A2025&per_page=1  
[2026-07-08 00:02:07] local.ERROR: [worldbank] cURL error 6: Could not resolve host: api.worldbank.org (see https://curl.se/libcurl/c/libcurl-errors.html) for https://api.worldbank.org/v2/country/DE/indicator/SL.UEM.TOTL.ZS?format=json&date=2025%3A2025&per_page=1  
[2026-07-08 00:02:07] local.ERROR: [worldbank] cURL error 6: Could not resolve host: api.worldbank.org (see https://curl.se/libcurl/c/libcurl-errors.html) for https://api.worldbank.org/v2/country/DE/indicator/SP.POP.TOTL?format=json&date=2025%3A2025&per_page=1  
[2026-07-08 00:02:07] local.ERROR: [worldbank] cURL error 6: Could not resolve host: api.worldbank.org (see https://curl.se/libcurl/c/libcurl-errors.html) for https://api.worldbank.org/v2/country/DE/indicator/NE.EXP.GNFS.CD?format=json&date=2025%3A2025&per_page=1  
[2026-07-08 00:02:07] local.ERROR: [worldbank] cURL error 6: Could not resolve host: api.worldbank.org (see https://curl.se/libcurl/c/libcurl-errors.html) for https://api.worldbank.org/v2/country/DE/indicator/NE.IMP.GNFS.CD?format=json&date=2025%3A2025&per_page=1  
[2026-07-08 00:02:07] local.ERROR: [openmeteo] cURL error 6: Could not resolve host: api.open-meteo.com (see https://curl.se/libcurl/c/libcurl-errors.html) for https://api.open-meteo.com/v1/forecast?latitude=-25&longitude=133&current=temperature_2m%2Capparent_temperature%2Cprecipitation%2Cwindspeed_10m%2Cwindgusts_10m%2Cweathercode%2Ccloudcover%2Crelativehumidity_2m&timezone=auto&forecast_days=1  
[2026-07-08 00:02:07] local.ERROR: [worldbank] cURL error 6: Could not resolve host: api.worldbank.org (see https://curl.se/libcurl/c/libcurl-errors.html) for https://api.worldbank.org/v2/country/AU/indicator/NY.GDP.MKTP.CD?format=json&date=2025%3A2025&per_page=1  
[2026-07-08 00:02:07] local.ERROR: [worldbank] cURL error 6: Could not resolve host: api.worldbank.org (see https://curl.se/libcurl/c/libcurl-errors.html) for https://api.worldbank.org/v2/country/AU/indicator/NY.GDP.PCAP.CD?format=json&date=2025%3A2025&per_page=1  
[2026-07-08 00:02:07] local.ERROR: [worldbank] cURL error 6: Could not resolve host: api.worldbank.org (see https://curl.se/libcurl/c/libcurl-errors.html) for https://api.worldbank.org/v2/country/AU/indicator/FP.CPI.TOTL.ZG?format=json&date=2025%3A2025&per_page=1  
[2026-07-08 00:02:07] local.ERROR: [worldbank] cURL error 6: Could not resolve host: api.worldbank.org (see https://curl.se/libcurl/c/libcurl-errors.html) for https://api.worldbank.org/v2/country/AU/indicator/SL.UEM.TOTL.ZS?format=json&date=2025%3A2025&per_page=1  
[2026-07-08 00:02:07] local.ERROR: [worldbank] cURL error 6: Could not resolve host: api.worldbank.org (see https://curl.se/libcurl/c/libcurl-errors.html) for https://api.worldbank.org/v2/country/AU/indicator/SP.POP.TOTL?format=json&date=2025%3A2025&per_page=1  
[2026-07-08 00:02:07] local.ERROR: [worldbank] cURL error 6: Could not resolve host: api.worldbank.org (see https://curl.se/libcurl/c/libcurl-errors.html) for https://api.worldbank.org/v2/country/AU/indicator/NE.EXP.GNFS.CD?format=json&date=2025%3A2025&per_page=1  
[2026-07-08 00:02:07] local.ERROR: [worldbank] cURL error 6: Could not resolve host: api.worldbank.org (see https://curl.se/libcurl/c/libcurl-errors.html) for https://api.worldbank.org/v2/country/AU/indicator/NE.IMP.GNFS.CD?format=json&date=2025%3A2025&per_page=1  
[2026-07-08 00:02:07] local.ERROR: [openmeteo] cURL error 6: Could not resolve host: api.open-meteo.com (see https://curl.se/libcurl/c/libcurl-errors.html) for https://api.open-meteo.com/v1/forecast?latitude=38&longitude=-97&current=temperature_2m%2Capparent_temperature%2Cprecipitation%2Cwindspeed_10m%2Cwindgusts_10m%2Cweathercode%2Ccloudcover%2Crelativehumidity_2m&timezone=auto&forecast_days=1  
[2026-07-08 00:02:07] local.ERROR: [worldbank] cURL error 6: Could not resolve host: api.worldbank.org (see https://curl.se/libcurl/c/libcurl-errors.html) for https://api.worldbank.org/v2/country/US/indicator/NY.GDP.MKTP.CD?format=json&date=2025%3A2025&per_page=1  
[2026-07-08 00:02:07] local.ERROR: [worldbank] cURL error 6: Could not resolve host: api.worldbank.org (see https://curl.se/libcurl/c/libcurl-errors.html) for https://api.worldbank.org/v2/country/US/indicator/NY.GDP.PCAP.CD?format=json&date=2025%3A2025&per_page=1  
[2026-07-08 00:02:07] local.ERROR: [worldbank] cURL error 6: Could not resolve host: api.worldbank.org (see https://curl.se/libcurl/c/libcurl-errors.html) for https://api.worldbank.org/v2/country/US/indicator/FP.CPI.TOTL.ZG?format=json&date=2025%3A2025&per_page=1  
[2026-07-08 00:02:08] local.ERROR: [worldbank] cURL error 6: Could not resolve host: api.worldbank.org (see https://curl.se/libcurl/c/libcurl-errors.html) for https://api.worldbank.org/v2/country/US/indicator/SL.UEM.TOTL.ZS?format=json&date=2025%3A2025&per_page=1  
[2026-07-08 00:02:08] local.ERROR: [worldbank] cURL error 6: Could not resolve host: api.worldbank.org (see https://curl.se/libcurl/c/libcurl-errors.html) for https://api.worldbank.org/v2/country/US/indicator/SP.POP.TOTL?format=json&date=2025%3A2025&per_page=1  
[2026-07-08 00:02:08] local.ERROR: [worldbank] cURL error 6: Could not resolve host: api.worldbank.org (see https://curl.se/libcurl/c/libcurl-errors.html) for https://api.worldbank.org/v2/country/US/indicator/NE.EXP.GNFS.CD?format=json&date=2025%3A2025&per_page=1  
[2026-07-08 00:02:08] local.ERROR: [worldbank] cURL error 6: Could not resolve host: api.worldbank.org (see https://curl.se/libcurl/c/libcurl-errors.html) for https://api.worldbank.org/v2/country/US/indicator/NE.IMP.GNFS.CD?format=json&date=2025%3A2025&per_page=1  
[2026-07-08 00:02:08] local.ERROR: [openmeteo] cURL error 6: Could not resolve host: api.open-meteo.com (see https://curl.se/libcurl/c/libcurl-errors.html) for https://api.open-meteo.com/v1/forecast?latitude=36.2048&longitude=138.2529&current=temperature_2m%2Capparent_temperature%2Cprecipitation%2Cwindspeed_10m%2Cwindgusts_10m%2Cweathercode%2Ccloudcover%2Crelativehumidity_2m&timezone=auto&forecast_days=1  
[2026-07-08 00:02:08] local.ERROR: [worldbank] cURL error 6: Could not resolve host: api.worldbank.org (see https://curl.se/libcurl/c/libcurl-errors.html) for https://api.worldbank.org/v2/country/JP/indicator/NY.GDP.MKTP.CD?format=json&date=2025%3A2025&per_page=1  
[2026-07-08 00:02:08] local.ERROR: [worldbank] cURL error 6: Could not resolve host: api.worldbank.org (see https://curl.se/libcurl/c/libcurl-errors.html) for https://api.worldbank.org/v2/country/JP/indicator/NY.GDP.PCAP.CD?format=json&date=2025%3A2025&per_page=1  
[2026-07-08 00:02:08] local.ERROR: [worldbank] cURL error 6: Could not resolve host: api.worldbank.org (see https://curl.se/libcurl/c/libcurl-errors.html) for https://api.worldbank.org/v2/country/JP/indicator/FP.CPI.TOTL.ZG?format=json&date=2025%3A2025&per_page=1  
[2026-07-08 00:02:08] local.ERROR: [worldbank] cURL error 6: Could not resolve host: api.worldbank.org (see https://curl.se/libcurl/c/libcurl-errors.html) for https://api.worldbank.org/v2/country/JP/indicator/SL.UEM.TOTL.ZS?format=json&date=2025%3A2025&per_page=1  
[2026-07-08 00:02:08] local.ERROR: [worldbank] cURL error 6: Could not resolve host: api.worldbank.org (see https://curl.se/libcurl/c/libcurl-errors.html) for https://api.worldbank.org/v2/country/JP/indicator/SP.POP.TOTL?format=json&date=2025%3A2025&per_page=1  
[2026-07-08 00:02:08] local.ERROR: [worldbank] cURL error 6: Could not resolve host: api.worldbank.org (see https://curl.se/libcurl/c/libcurl-errors.html) for https://api.worldbank.org/v2/country/JP/indicator/NE.EXP.GNFS.CD?format=json&date=2025%3A2025&per_page=1  
[2026-07-08 00:02:08] local.ERROR: [worldbank] cURL error 6: Could not resolve host: api.worldbank.org (see https://curl.se/libcurl/c/libcurl-errors.html) for https://api.worldbank.org/v2/country/JP/indicator/NE.IMP.GNFS.CD?format=json&date=2025%3A2025&per_page=1  
[2026-07-08 00:05:12] local.ERROR: [worldbank] cURL error 6: Could not resolve host: api.worldbank.org (see https://curl.se/libcurl/c/libcurl-errors.html) for https://api.worldbank.org/v2/country/FR/indicator/NY.GDP.MKTP.CD?format=json&date=2025%3A2025&per_page=1  
[2026-07-08 00:05:12] local.ERROR: [worldbank] cURL error 6: Could not resolve host: api.worldbank.org (see https://curl.se/libcurl/c/libcurl-errors.html) for https://api.worldbank.org/v2/country/FR/indicator/NY.GDP.PCAP.CD?format=json&date=2025%3A2025&per_page=1  
[2026-07-08 00:05:12] local.ERROR: [worldbank] cURL error 6: Could not resolve host: api.worldbank.org (see https://curl.se/libcurl/c/libcurl-errors.html) for https://api.worldbank.org/v2/country/FR/indicator/FP.CPI.TOTL.ZG?format=json&date=2025%3A2025&per_page=1  
[2026-07-08 00:05:12] local.ERROR: [worldbank] cURL error 6: Could not resolve host: api.worldbank.org (see https://curl.se/libcurl/c/libcurl-errors.html) for https://api.worldbank.org/v2/country/FR/indicator/SL.UEM.TOTL.ZS?format=json&date=2025%3A2025&per_page=1  
[2026-07-08 00:05:12] local.ERROR: [worldbank] cURL error 6: Could not resolve host: api.worldbank.org (see https://curl.se/libcurl/c/libcurl-errors.html) for https://api.worldbank.org/v2/country/FR/indicator/SP.POP.TOTL?format=json&date=2025%3A2025&per_page=1  
[2026-07-08 00:05:12] local.ERROR: [worldbank] cURL error 6: Could not resolve host: api.worldbank.org (see https://curl.se/libcurl/c/libcurl-errors.html) for https://api.worldbank.org/v2/country/FR/indicator/NE.EXP.GNFS.CD?format=json&date=2025%3A2025&per_page=1  
[2026-07-08 00:05:12] local.ERROR: [worldbank] cURL error 6: Could not resolve host: api.worldbank.org (see https://curl.se/libcurl/c/libcurl-errors.html) for https://api.worldbank.org/v2/country/FR/indicator/NE.IMP.GNFS.CD?format=json&date=2025%3A2025&per_page=1  
[2026-07-08 00:05:12] local.ERROR: [openmeteo] cURL error 6: Could not resolve host: api.open-meteo.com (see https://curl.se/libcurl/c/libcurl-errors.html) for https://api.open-meteo.com/v1/forecast?latitude=46.2276&longitude=2.2137&current=temperature_2m%2Capparent_temperature%2Cprecipitation%2Cwindspeed_10m%2Cwindgusts_10m%2Cweathercode%2Ccloudcover%2Crelativehumidity_2m&timezone=auto&forecast_days=1  
[2026-07-08 00:05:12] local.ERROR: [openmeteo] cURL error 6: Could not resolve host: api.open-meteo.com (see https://curl.se/libcurl/c/libcurl-errors.html) for https://api.open-meteo.com/v1/forecast?latitude=46.2276&longitude=2.2137&current=temperature_2m%2Capparent_temperature%2Cprecipitation%2Cwindspeed_10m%2Cwindgusts_10m%2Cweathercode%2Ccloudcover%2Crelativehumidity_2m&timezone=auto&forecast_days=1  
[2026-07-08 00:05:12] local.ERROR: [worldbank] cURL error 6: Could not resolve host: api.worldbank.org (see https://curl.se/libcurl/c/libcurl-errors.html) for https://api.worldbank.org/v2/country/FR/indicator/NY.GDP.MKTP.CD?format=json&date=2021%3A2025&per_page=5  
[2026-07-08 00:05:12] local.ERROR: [worldbank] cURL error 6: Could not resolve host: api.worldbank.org (see https://curl.se/libcurl/c/libcurl-errors.html) for https://api.worldbank.org/v2/country/FR/indicator/FP.CPI.TOTL.ZG?format=json&date=2021%3A2025&per_page=5  
[2026-07-08 00:05:12] local.ERROR: [openmeteo] cURL error 6: Could not resolve host: api.open-meteo.com (see https://curl.se/libcurl/c/libcurl-errors.html) for https://api.open-meteo.com/v1/forecast?latitude=46.2276&longitude=2.2137&current=temperature_2m%2Capparent_temperature%2Cprecipitation%2Cwindspeed_10m%2Cwindgusts_10m%2Cweathercode%2Ccloudcover%2Crelativehumidity_2m&timezone=auto&forecast_days=1  
[2026-07-08 00:05:56] local.ERROR: [worldbank] cURL error 6: Could not resolve host: api.worldbank.org (see https://curl.se/libcurl/c/libcurl-errors.html) for https://api.worldbank.org/v2/country/AU/indicator/NY.GDP.MKTP.CD?format=json&date=2021%3A2025&per_page=5  
[2026-07-08 00:05:56] local.ERROR: [worldbank] cURL error 6: Could not resolve host: api.worldbank.org (see https://curl.se/libcurl/c/libcurl-errors.html) for https://api.worldbank.org/v2/country/AU/indicator/FP.CPI.TOTL.ZG?format=json&date=2021%3A2025&per_page=5  
[2026-07-08 00:06:49] local.ERROR: [openmeteo] cURL error 6: Could not resolve host: api.open-meteo.com (see https://curl.se/libcurl/c/libcurl-errors.html) for https://api.open-meteo.com/v1/forecast?latitude=-25&longitude=133&current=temperature_2m%2Capparent_temperature%2Cprecipitation%2Cwindspeed_10m%2Cwindgusts_10m%2Cweathercode%2Ccloudcover%2Crelativehumidity_2m&timezone=auto&forecast_days=1  
[2026-07-08 00:08:23] local.ERROR: [worldbank] cURL error 6: Could not resolve host: api.worldbank.org (see https://curl.se/libcurl/c/libcurl-errors.html) for https://api.worldbank.org/v2/country/EG/indicator/NY.GDP.MKTP.CD?format=json&date=2025%3A2025&per_page=1  
[2026-07-08 00:08:23] local.ERROR: [worldbank] cURL error 6: Could not resolve host: api.worldbank.org (see https://curl.se/libcurl/c/libcurl-errors.html) for https://api.worldbank.org/v2/country/EG/indicator/NY.GDP.PCAP.CD?format=json&date=2025%3A2025&per_page=1  
[2026-07-08 00:08:23] local.ERROR: [worldbank] cURL error 6: Could not resolve host: api.worldbank.org (see https://curl.se/libcurl/c/libcurl-errors.html) for https://api.worldbank.org/v2/country/EG/indicator/FP.CPI.TOTL.ZG?format=json&date=2025%3A2025&per_page=1  
[2026-07-08 00:08:23] local.ERROR: [worldbank] cURL error 6: Could not resolve host: api.worldbank.org (see https://curl.se/libcurl/c/libcurl-errors.html) for https://api.worldbank.org/v2/country/EG/indicator/SL.UEM.TOTL.ZS?format=json&date=2025%3A2025&per_page=1  
[2026-07-08 00:08:23] local.ERROR: [worldbank] cURL error 6: Could not resolve host: api.worldbank.org (see https://curl.se/libcurl/c/libcurl-errors.html) for https://api.worldbank.org/v2/country/EG/indicator/SP.POP.TOTL?format=json&date=2025%3A2025&per_page=1  
[2026-07-08 00:08:23] local.ERROR: [worldbank] cURL error 6: Could not resolve host: api.worldbank.org (see https://curl.se/libcurl/c/libcurl-errors.html) for https://api.worldbank.org/v2/country/EG/indicator/NE.EXP.GNFS.CD?format=json&date=2025%3A2025&per_page=1  
[2026-07-08 00:08:23] local.ERROR: [worldbank] cURL error 6: Could not resolve host: api.worldbank.org (see https://curl.se/libcurl/c/libcurl-errors.html) for https://api.worldbank.org/v2/country/EG/indicator/NE.IMP.GNFS.CD?format=json&date=2025%3A2025&per_page=1  
[2026-07-08 00:08:23] local.ERROR: [openmeteo] cURL error 6: Could not resolve host: api.open-meteo.com (see https://curl.se/libcurl/c/libcurl-errors.html) for https://api.open-meteo.com/v1/forecast?latitude=26.8206&longitude=30.8025&current=temperature_2m%2Capparent_temperature%2Cprecipitation%2Cwindspeed_10m%2Cwindgusts_10m%2Cweathercode%2Ccloudcover%2Crelativehumidity_2m&timezone=auto&forecast_days=1  
[2026-07-08 00:08:23] local.ERROR: [openmeteo] cURL error 6: Could not resolve host: api.open-meteo.com (see https://curl.se/libcurl/c/libcurl-errors.html) for https://api.open-meteo.com/v1/forecast?latitude=26.8206&longitude=30.8025&current=temperature_2m%2Capparent_temperature%2Cprecipitation%2Cwindspeed_10m%2Cwindgusts_10m%2Cweathercode%2Ccloudcover%2Crelativehumidity_2m&timezone=auto&forecast_days=1  
[2026-07-08 00:08:23] local.ERROR: [worldbank] cURL error 6: Could not resolve host: api.worldbank.org (see https://curl.se/libcurl/c/libcurl-errors.html) for https://api.worldbank.org/v2/country/EG/indicator/NY.GDP.MKTP.CD?format=json&date=2021%3A2025&per_page=5  
[2026-07-08 00:08:23] local.ERROR: [worldbank] cURL error 6: Could not resolve host: api.worldbank.org (see https://curl.se/libcurl/c/libcurl-errors.html) for https://api.worldbank.org/v2/country/EG/indicator/FP.CPI.TOTL.ZG?format=json&date=2021%3A2025&per_page=5  
[2026-07-08 00:08:24] local.ERROR: [openmeteo] cURL error 6: Could not resolve host: api.open-meteo.com (see https://curl.se/libcurl/c/libcurl-errors.html) for https://api.open-meteo.com/v1/forecast?latitude=26.8206&longitude=30.8025&current=temperature_2m%2Capparent_temperature%2Cprecipitation%2Cwindspeed_10m%2Cwindgusts_10m%2Cweathercode%2Ccloudcover%2Crelativehumidity_2m&timezone=auto&forecast_days=1  
[2026-07-08 00:08:27] local.ERROR: [openmeteo] cURL error 6: Could not resolve host: api.open-meteo.com (see https://curl.se/libcurl/c/libcurl-errors.html) for https://api.open-meteo.com/v1/forecast?latitude=26.8206&longitude=30.8025&current=temperature_2m%2Capparent_temperature%2Cprecipitation%2Cwindspeed_10m%2Cwindgusts_10m%2Cweathercode%2Ccloudcover%2Crelativehumidity_2m&timezone=auto&forecast_days=1  
[2026-07-08 00:08:27] local.ERROR: [openmeteo] cURL error 6: Could not resolve host: api.open-meteo.com (see https://curl.se/libcurl/c/libcurl-errors.html) for https://api.open-meteo.com/v1/forecast?latitude=26.8206&longitude=30.8025&daily=weathercode%2Ctemperature_2m_max%2Ctemperature_2m_min%2Cprecipitation_sum%2Cwindspeed_10m_max&timezone=auto&forecast_days=7  
[2026-07-08 00:08:40] local.ERROR: [worldbank] cURL error 6: Could not resolve host: api.worldbank.org (see https://curl.se/libcurl/c/libcurl-errors.html) for https://api.worldbank.org/v2/country/DE/indicator/NY.GDP.MKTP.CD?format=json&date=2021%3A2025&per_page=5  
[2026-07-08 00:08:40] local.ERROR: [worldbank] cURL error 6: Could not resolve host: api.worldbank.org (see https://curl.se/libcurl/c/libcurl-errors.html) for https://api.worldbank.org/v2/country/DE/indicator/FP.CPI.TOTL.ZG?format=json&date=2021%3A2025&per_page=5  
[2026-07-12 22:17:16] local.ERROR: [openmeteo] cURL error 6: Could not resolve host: api.open-meteo.com (see https://curl.se/libcurl/c/libcurl-errors.html) for https://api.open-meteo.com/v1/forecast?latitude=-0.7893&longitude=113.9213&current=temperature_2m%2Capparent_temperature%2Cprecipitation%2Cwindspeed_10m%2Cwindgusts_10m%2Cweathercode%2Ccloudcover%2Crelativehumidity_2m&timezone=auto&forecast_days=1  
[2026-07-12 22:17:26] local.ERROR: [worldbank] cURL error 28: Resolving timed out after 10016 milliseconds (see https://curl.se/libcurl/c/libcurl-errors.html) for https://api.worldbank.org/v2/country/ID/indicator/NY.GDP.MKTP.CD?format=json&date=2025%3A2025&per_page=1  
[2026-07-12 22:17:37] local.ERROR: [worldbank] cURL error 28: Resolving timed out after 10005 milliseconds (see https://curl.se/libcurl/c/libcurl-errors.html) for https://api.worldbank.org/v2/country/ID/indicator/NY.GDP.PCAP.CD?format=json&date=2025%3A2025&per_page=1  
[2026-07-12 22:17:46] local.ERROR: [worldbank] cURL error 6: Could not resolve host: api.worldbank.org (see https://curl.se/libcurl/c/libcurl-errors.html) for https://api.worldbank.org/v2/country/ID/indicator/FP.CPI.TOTL.ZG?format=json&date=2025%3A2025&per_page=1  
[2026-07-12 22:17:56] local.ERROR: [worldbank] cURL error 28: Resolving timed out after 10012 milliseconds (see https://curl.se/libcurl/c/libcurl-errors.html) for https://api.worldbank.org/v2/country/ID/indicator/SL.UEM.TOTL.ZS?format=json&date=2025%3A2025&per_page=1  
[2026-07-12 22:18:07] local.ERROR: Maximum execution time of 60 seconds exceeded {"userId":1,"exception":"[object] (Symfony\\Component\\ErrorHandler\\Error\\FatalError(code: 0): Maximum execution time of 60 seconds exceeded at D:/Global Supply/supply-chain-platform/vendor/guzzlehttp/guzzle/src/Handler/CurlHandler.php:68)
[stacktrace]
#0 {main}
"} 
[2026-07-12 22:20:21] local.ERROR: Maximum execution time of 60 seconds exceeded {"userId":1,"exception":"[object] (Symfony\\Component\\ErrorHandler\\Error\\FatalError(code: 0): Maximum execution time of 60 seconds exceeded at D:/Global Supply/supply-chain-platform/vendor/guzzlehttp/guzzle/src/Handler/CurlFactory.php:1918)
[stacktrace]
#0 {main}
"} 
[2026-07-13 08:23:34] local.ERROR: SQLSTATE[HY000] [1049] Unknown database 'supply_chain_db' (Connection: mysql, SQL: select exists (select 1 from information_schema.tables where table_schema = 'supply_chain_db' and table_name = 'migrations' and table_type in ('BASE TABLE', 'SYSTEM VERSIONED')) as `exists`) {"exception":"[object] (Illuminate\\Database\\QueryException(code: 1049): SQLSTATE[HY000] [1049] Unknown database 'supply_chain_db' (Connection: mysql, SQL: select exists (select 1 from information_schema.tables where table_schema = 'supply_chain_db' and table_name = 'migrations' and table_type in ('BASE TABLE', 'SYSTEM VERSIONED')) as `exists`) at C:/laragon/www/supply-chain-platform/vendor/laravel/framework/src/Illuminate/Database/Connection.php:825)
[stacktrace]
#0 C:/laragon/www/supply-chain-platform/vendor/laravel/framework/src/Illuminate/Database/Connection.php(779): Illuminate/Database/Connection->runQueryCallback('select exists (...', Array, Object(Closure))
#1 C:/laragon/www/supply-chain-platform/vendor/laravel/framework/src/Illuminate/Database/Connection.php(398): Illuminate/Database/Connection->run('select exists (...', Array, Object(Closure))
#2 C:/laragon/www/supply-chain-platform/vendor/laravel/framework/src/Illuminate/Database/Connection.php(344): Illuminate/Database/Connection->select('select exists (...', Array, true)
#3 C:/laragon/www/supply-chain-platform/vendor/laravel/framework/src/Illuminate/Database/Connection.php(361): Illuminate/Database/Connection->selectOne('select exists (...', Array, true)
#4 C:/laragon/www/supply-chain-platform/vendor/laravel/framework/src/Illuminate/Database/Schema/MySqlBuilder.php(45): Illuminate/Database/Connection->scalar('select exists (...')
#5 C:/laragon/www/supply-chain-platform/vendor/laravel/framework/src/Illuminate/Database/Migrations/DatabaseMigrationRepository.php(184): Illuminate/Database/Schema/MySqlBuilder->hasTable('migrations')
#6 C:/laragon/www/supply-chain-platform/vendor/laravel/framework/src/Illuminate/Database/Migrations/Migrator.php(742): Illuminate/Database/Migrations/DatabaseMigrationRepository->repositoryExists()
#7 C:/laragon/www/supply-chain-platform/vendor/laravel/framework/src/Illuminate/Database/Console/Migrations/FreshCommand.php(68): Illuminate/Database/Migrations/Migrator->repositoryExists()
#8 C:/laragon/www/supply-chain-platform/vendor/laravel/framework/src/Illuminate/Database/Migrations/Migrator.php(658): Illuminate/Database/Console/Migrations/FreshCommand->{closure:Illuminate/Database/Console/Migrations/FreshCommand::handle():67}()
#9 C:/laragon/www/supply-chain-platform/vendor/laravel/framework/src/Illuminate/Database/Console/Migrations/FreshCommand.php(67): Illuminate/Database/Migrations/Migrator->usingConnection(NULL, Object(Closure))
#10 C:/laragon/www/supply-chain-platform/vendor/laravel/framework/src/Illuminate/Container/BoundMethod.php(36): Illuminate/Database/Console/Migrations/FreshCommand->handle()
#11 C:/laragon/www/supply-chain-platform/vendor/laravel/framework/src/Illuminate/Container/Util.php(43): Illuminate/Container/BoundMethod::{closure:Illuminate/Container/BoundMethod::call():35}()
#12 C:/laragon/www/supply-chain-platform/vendor/laravel/framework/src/Illuminate/Container/BoundMethod.php(95): Illuminate/Container/Util::unwrapIfClosure(Object(Closure))
#13 C:/laragon/www/supply-chain-platform/vendor/laravel/framework/src/Illuminate/Container/BoundMethod.php(35): Illuminate/Container/BoundMethod::callBoundMethod(Object(Illuminate/Foundation/Application), Array, Object(Closure))
#14 C:/laragon/www/supply-chain-platform/vendor/laravel/framework/src/Illuminate/Container/Container.php(696): Illuminate/Container/BoundMethod::call(Object(Illuminate/Foundation/Application), Array, Array, NULL)
#15 C:/laragon/www/supply-chain-platform/vendor/laravel/framework/src/Illuminate/Console/Command.php(213): Illuminate/Container/Container->call(Array)
#16 C:/laragon/www/supply-chain-platform/vendor/symfony/console/Command/Command.php(341): Illuminate/Console/Command->execute(Object(Symfony/Component/Console/Input/ArgvInput), Object(Illuminate/Console/OutputStyle))
#17 C:/laragon/www/supply-chain-platform/vendor/laravel/framework/src/Illuminate/Console/Command.php(182): Symfony/Component/Console/Command/Command->run(Object(Symfony/Component/Console/Input/ArgvInput), Object(Illuminate/Console/OutputStyle))
#18 C:/laragon/www/supply-chain-platform/vendor/symfony/console/Application.php(1117): Illuminate/Console/Command->run(Object(Symfony/Component/Console/Input/ArgvInput), Object(Symfony/Component/Console/Output/ConsoleOutput))
#19 C:/laragon/www/supply-chain-platform/vendor/symfony/console/Application.php(356): Symfony/Component/Console/Application->doRunCommand(Object(Illuminate/Database/Console/Migrations/FreshCommand), Object(Symfony/Component/Console/Input/ArgvInput), Object(Symfony/Component/Console/Output/ConsoleOutput))
#20 C:/laragon/www/supply-chain-platform/vendor/symfony/console/Application.php(195): Symfony/Component/Console/Application->doRun(Object(Symfony/Component/Console/Input/ArgvInput), Object(Symfony/Component/Console/Output/ConsoleOutput))
#21 C:/laragon/www/supply-chain-platform/vendor/laravel/framework/src/Illuminate/Foundation/Console/Kernel.php(198): Symfony/Component/Console/Application->run(Object(Symfony/Component/Console/Input/ArgvInput), Object(Symfony/Component/Console/Output/ConsoleOutput))
#22 C:/laragon/www/supply-chain-platform/vendor/laravel/framework/src/Illuminate/Foundation/Application.php(1235): Illuminate/Foundation/Console/Kernel->handle(Object(Symfony/Component/Console/Input/ArgvInput), Object(Symfony/Component/Console/Output/ConsoleOutput))
#23 C:/laragon/www/supply-chain-platform/artisan(17): Illuminate/Foundation/Application->handleCommand(Object(Symfony/Component/Console/Input/ArgvInput))
#24 {main}

[previous exception] [object] (PDOException(code: 1049): SQLSTATE[HY000] [1049] Unknown database 'supply_chain_db' at C:/laragon/www/supply-chain-platform/vendor/laravel/framework/src/Illuminate/Database/Connectors/Connector.php:67)
[stacktrace]
#0 C:/laragon/www/supply-chain-platform/vendor/laravel/framework/src/Illuminate/Database/Connectors/Connector.php(67): PDO::connect('mysql:host=127....', 'root', Object(SensitiveParameterValue), Array)
#1 C:/laragon/www/supply-chain-platform/vendor/laravel/framework/src/Illuminate/Database/Connectors/Connector.php(44): Illuminate/Database/Connectors/Connector->createPdoConnection('mysql:host=127....', 'root', Object(SensitiveParameterValue), Array)
#2 C:/laragon/www/supply-chain-platform/vendor/laravel/framework/src/Illuminate/Database/Connectors/MySqlConnector.php(24): Illuminate/Database/Connectors/Connector->createConnection('mysql:host=127....', Array, Array)
#3 C:/laragon/www/supply-chain-platform/vendor/laravel/framework/src/Illuminate/Database/Connectors/ConnectionFactory.php(185): Illuminate/Database/Connectors/MySqlConnector->connect(Array)
#4 [internal function]: Illuminate/Database/Connectors/ConnectionFactory->{closure:Illuminate/Database/Connectors/ConnectionFactory::createPdoResolverWithHosts():180}()
#5 C:/laragon/www/supply-chain-platform/vendor/laravel/framework/src/Illuminate/Database/Connection.php(1231): call_user_func(Object(Closure))
#6 C:/laragon/www/supply-chain-platform/vendor/laravel/framework/src/Illuminate/Database/Connection.php(1267): Illuminate/Database/Connection->getPdo()
#7 C:/laragon/www/supply-chain-platform/vendor/laravel/framework/src/Illuminate/Database/Connection.php(512): Illuminate/Database/Connection->getReadPdo()
#8 C:/laragon/www/supply-chain-platform/vendor/laravel/framework/src/Illuminate/Database/Connection.php(407): Illuminate/Database/Connection->getPdoForSelect(true)
#9 C:/laragon/www/supply-chain-platform/vendor/laravel/framework/src/Illuminate/Database/Connection.php(812): Illuminate/Database/Connection->{closure:Illuminate/Database/Connection::select():398}('select exists (...', Array)
#10 C:/laragon/www/supply-chain-platform/vendor/laravel/framework/src/Illuminate/Database/Connection.php(779): Illuminate/Database/Connection->runQueryCallback('select exists (...', Array, Object(Closure))
#11 C:/laragon/www/supply-chain-platform/vendor/laravel/framework/src/Illuminate/Database/Connection.php(398): Illuminate/Database/Connection->run('select exists (...', Array, Object(Closure))
#12 C:/laragon/www/supply-chain-platform/vendor/laravel/framework/src/Illuminate/Database/Connection.php(344): Illuminate/Database/Connection->select('select exists (...', Array, true)
#13 C:/laragon/www/supply-chain-platform/vendor/laravel/framework/src/Illuminate/Database/Connection.php(361): Illuminate/Database/Connection->selectOne('select exists (...', Array, true)
#14 C:/laragon/www/supply-chain-platform/vendor/laravel/framework/src/Illuminate/Database/Schema/MySqlBuilder.php(45): Illuminate/Database/Connection->scalar('select exists (...')
#15 C:/laragon/www/supply-chain-platform/vendor/laravel/framework/src/Illuminate/Database/Migrations/DatabaseMigrationRepository.php(184): Illuminate/Database/Schema/MySqlBuilder->hasTable('migrations')
#16 C:/laragon/www/supply-chain-platform/vendor/laravel/framework/src/Illuminate/Database/Migrations/Migrator.php(742): Illuminate/Database/Migrations/DatabaseMigrationRepository->repositoryExists()
#17 C:/laragon/www/supply-chain-platform/vendor/laravel/framework/src/Illuminate/Database/Console/Migrations/FreshCommand.php(68): Illuminate/Database/Migrations/Migrator->repositoryExists()
#18 C:/laragon/www/supply-chain-platform/vendor/laravel/framework/src/Illuminate/Database/Migrations/Migrator.php(658): Illuminate/Database/Console/Migrations/FreshCommand->{closure:Illuminate/Database/Console/Migrations/FreshCommand::handle():67}()
#19 C:/laragon/www/supply-chain-platform/vendor/laravel/framework/src/Illuminate/Database/Console/Migrations/FreshCommand.php(67): Illuminate/Database/Migrations/Migrator->usingConnection(NULL, Object(Closure))
#20 C:/laragon/www/supply-chain-platform/vendor/laravel/framework/src/Illuminate/Container/BoundMethod.php(36): Illuminate/Database/Console/Migrations/FreshCommand->handle()
#21 C:/laragon/www/supply-chain-platform/vendor/laravel/framework/src/Illuminate/Container/Util.php(43): Illuminate/Container/BoundMethod::{closure:Illuminate/Container/BoundMethod::call():35}()
#22 C:/laragon/www/supply-chain-platform/vendor/laravel/framework/src/Illuminate/Container/BoundMethod.php(95): Illuminate/Container/Util::unwrapIfClosure(Object(Closure))
#23 C:/laragon/www/supply-chain-platform/vendor/laravel/framework/src/Illuminate/Container/BoundMethod.php(35): Illuminate/Container/BoundMethod::callBoundMethod(Object(Illuminate/Foundation/Application), Array, Object(Closure))
#24 C:/laragon/www/supply-chain-platform/vendor/laravel/framework/src/Illuminate/Container/Container.php(696): Illuminate/Container/BoundMethod::call(Object(Illuminate/Foundation/Application), Array, Array, NULL)
#25 C:/laragon/www/supply-chain-platform/vendor/laravel/framework/src/Illuminate/Console/Command.php(213): Illuminate/Container/Container->call(Array)
#26 C:/laragon/www/supply-chain-platform/vendor/symfony/console/Command/Command.php(341): Illuminate/Console/Command->execute(Object(Symfony/Component/Console/Input/ArgvInput), Object(Illuminate/Console/OutputStyle))
#27 C:/laragon/www/supply-chain-platform/vendor/laravel/framework/src/Illuminate/Console/Command.php(182): Symfony/Component/Console/Command/Command->run(Object(Symfony/Component/Console/Input/ArgvInput), Object(Illuminate/Console/OutputStyle))
#28 C:/laragon/www/supply-chain-platform/vendor/symfony/console/Application.php(1117): Illuminate/Console/Command->run(Object(Symfony/Component/Console/Input/ArgvInput), Object(Symfony/Component/Console/Output/ConsoleOutput))
#29 C:/laragon/www/supply-chain-platform/vendor/symfony/console/Application.php(356): Symfony/Component/Console/Application->doRunCommand(Object(Illuminate/Database/Console/Migrations/FreshCommand), Object(Symfony/Component/Console/Input/ArgvInput), Object(Symfony/Component/Console/Output/ConsoleOutput))
#30 C:/laragon/www/supply-chain-platform/vendor/symfony/console/Application.php(195): Symfony/Component/Console/Application->doRun(Object(Symfony/Component/Console/Input/ArgvInput), Object(Symfony/Component/Console/Output/ConsoleOutput))
#31 C:/laragon/www/supply-chain-platform/vendor/laravel/framework/src/Illuminate/Foundation/Console/Kernel.php(198): Symfony/Component/Console/Application->run(Object(Symfony/Component/Console/Input/ArgvInput), Object(Symfony/Component/Console/Output/ConsoleOutput))
#32 C:/laragon/www/supply-chain-platform/vendor/laravel/framework/src/Illuminate/Foundation/Application.php(1235): Illuminate/Foundation/Console/Kernel->handle(Object(Symfony/Component/Console/Input/ArgvInput), Object(Symfony/Component/Console/Output/ConsoleOutput))
#33 C:/laragon/www/supply-chain-platform/artisan(17): Illuminate/Foundation/Application->handleCommand(Object(Symfony/Component/Console/Input/ArgvInput))
#34 {main}
"} 
[2026-07-13 08:30:30] local.ERROR: [openmeteo] cURL error 28: Connection timed out after 10016 milliseconds (see https://curl.se/libcurl/c/libcurl-errors.html) for https://api.open-meteo.com/v1/forecast?latitude=-0.7893&longitude=113.9213&current=temperature_2m%2Capparent_temperature%2Cprecipitation%2Cwindspeed_10m%2Cwindgusts_10m%2Cweathercode%2Ccloudcover%2Crelativehumidity_2m&timezone=auto&forecast_days=1  
[2026-07-13 08:30:45] local.ERROR: [openmeteo] cURL error 28: Connection timed out after 10015 milliseconds (see https://curl.se/libcurl/c/libcurl-errors.html) for https://api.open-meteo.com/v1/forecast?latitude=36.2048&longitude=138.2529&current=temperature_2m%2Capparent_temperature%2Cprecipitation%2Cwindspeed_10m%2Cwindgusts_10m%2Cweathercode%2Ccloudcover%2Crelativehumidity_2m&timezone=auto&forecast_days=1  
[2026-07-20 20:21:43] local.ERROR: SQLSTATE[HY000] [2002] No connection could be made because the target machine actively refused it (Connection: mysql, SQL: select * from `users` where `email` = admin@supplychain.com limit 1) {"exception":"[object] (Illuminate\\Database\\QueryException(code: 2002): SQLSTATE[HY000] [2002] No connection could be made because the target machine actively refused it (Connection: mysql, SQL: select * from `users` where `email` = admin@supplychain.com limit 1) at C:/Users/Victus/supply-chain-platform/vendor/laravel/framework/src/Illuminate/Database/Connection.php:825)
[stacktrace]
#0 C:/Users/Victus/supply-chain-platform/vendor/laravel/framework/src/Illuminate/Database/Connection.php(979): Illuminate/Database/Connection->runQueryCallback('select * from `...', Array, Object(Closure))
#1 C:/Users/Victus/supply-chain-platform/vendor/laravel/framework/src/Illuminate/Database/Connection.php(958): Illuminate/Database/Connection->tryAgainIfCausedByLostConnection(Object(Illuminate/Database/QueryException), 'select * from `...', Array, Object(Closure))
#2 C:/Users/Victus/supply-chain-platform/vendor/laravel/framework/src/Illuminate/Database/Connection.php(781): Illuminate/Database/Connection->handleQueryException(Object(Illuminate/Database/QueryException), 'select * from `...', Array, Object(Closure))
#3 C:/Users/Victus/supply-chain-platform/vendor/laravel/framework/src/Illuminate/Database/Connection.php(398): Illuminate/Database/Connection->run('select * from `...', Array, Object(Closure))
#4 C:/Users/Victus/supply-chain-platform/vendor/laravel/framework/src/Illuminate/Database/Query/Builder.php(3106): Illuminate/Database/Connection->select('select * from `...', Array, true)
#5 C:/Users/Victus/supply-chain-platform/vendor/laravel/framework/src/Illuminate/Database/Query/Builder.php(3091): Illuminate/Database/Query/Builder->runSelect()
#6 C:/Users/Victus/supply-chain-platform/vendor/laravel/framework/src/Illuminate/Database/Query/Builder.php(3676): Illuminate/Database/Query/Builder->Illuminate/Database/Query/{closure}()
#7 C:/Users/Victus/supply-chain-platform/vendor/laravel/framework/src/Illuminate/Database/Query/Builder.php(3090): Illuminate/Database/Query/Builder->onceWithColumns(Array, Object(Closure))
#8 C:/Users/Victus/supply-chain-platform/vendor/laravel/framework/src/Illuminate/Database/Eloquent/Builder.php(811): Illuminate/Database/Query/Builder->get(Array)
#9 C:/Users/Victus/supply-chain-platform/vendor/laravel/framework/src/Illuminate/Database/Eloquent/Builder.php(793): Illuminate/Database/Eloquent/Builder->getModels(Array)
#10 C:/Users/Victus/supply-chain-platform/vendor/laravel/framework/src/Illuminate/Database/Concerns/BuildsQueries.php(343): Illuminate/Database/Eloquent/Builder->get(Array)
#11 C:/Users/Victus/supply-chain-platform/vendor/laravel/framework/src/Illuminate/Auth/EloquentUserProvider.php(139): Illuminate/Database/Eloquent/Builder->first()
#12 C:/Users/Victus/supply-chain-platform/vendor/laravel/framework/src/Illuminate/Auth/SessionGuard.php(415): Illuminate/Auth/EloquentUserProvider->retrieveByCredentials(Object(SensitiveParameterValue))
#13 C:/Users/Victus/supply-chain-platform/vendor/laravel/framework/src/Illuminate/Support/Timebox.php(34): Illuminate/Auth/SessionGuard->Illuminate/Auth/{closure}(Object(Illuminate/Support/Timebox))
#14 C:/Users/Victus/supply-chain-platform/vendor/laravel/framework/src/Illuminate/Auth/SessionGuard.php(412): Illuminate/Support/Timebox->call(Object(Closure), 200000)
#15 C:/Users/Victus/supply-chain-platform/vendor/laravel/framework/src/Illuminate/Auth/AuthManager.php(340): Illuminate/Auth/SessionGuard->attempt(Array, false)
#16 C:/Users/Victus/supply-chain-platform/vendor/laravel/framework/src/Illuminate/Support/Facades/Facade.php(361): Illuminate/Auth/AuthManager->__call('attempt', Array)
#17 C:/Users/Victus/supply-chain-platform/app/Http/Controllers/AuthController.php(26): Illuminate/Support/Facades/Facade::__callStatic('attempt', Array)
#18 C:/Users/Victus/supply-chain-platform/vendor/laravel/framework/src/Illuminate/Routing/ControllerDispatcher.php(47): App/Http/Controllers/AuthController->login(Object(Illuminate/Http/Request))
#19 C:/Users/Victus/supply-chain-platform/vendor/laravel/framework/src/Illuminate/Routing/Route.php(266): Illuminate/Routing/ControllerDispatcher->dispatch(Object(Illuminate/Routing/Route), Object(App/Http/Controllers/AuthController), 'login')
#20 C:/Users/Victus/supply-chain-platform/vendor/laravel/framework/src/Illuminate/Routing/Route.php(212): Illuminate/Routing/Route->runController()
#21 C:/Users/Victus/supply-chain-platform/vendor/laravel/framework/src/Illuminate/Routing/Router.php(808): Illuminate/Routing/Route->run()
#22 C:/Users/Victus/supply-chain-platform/vendor/laravel/framework/src/Illuminate/Pipeline/Pipeline.php(170): Illuminate/Routing/Router->Illuminate/Routing/{closure}(Object(Illuminate/Http/Request))
#23 C:/Users/Victus/supply-chain-platform/vendor/laravel/framework/src/Illuminate/Routing/Middleware/SubstituteBindings.php(51): Illuminate/Pipeline/Pipeline->Illuminate/Pipeline/{closure}(Object(Illuminate/Http/Request))
#24 C:/Users/Victus/supply-chain-platform/vendor/laravel/framework/src/Illuminate/Pipeline/Pipeline.php(209): Illuminate/Routing/Middleware/SubstituteBindings->handle(Object(Illuminate/Http/Request), Object(Closure))
#25 C:/Users/Victus/supply-chain-platform/vendor/laravel/framework/src/Illuminate/Foundation/Http/Middleware/VerifyCsrfToken.php(88): Illuminate/Pipeline/Pipeline->Illuminate/Pipeline/{closure}(Object(Illuminate/Http/Request))
#26 C:/Users/Victus/supply-chain-platform/vendor/laravel/framework/src/Illuminate/Pipeline/Pipeline.php(209): Illuminate/Foundation/Http/Middleware/VerifyCsrfToken->handle(Object(Illuminate/Http/Request), Object(Closure))
#27 C:/Users/Victus/supply-chain-platform/vendor/laravel/framework/src/Illuminate/View/Middleware/ShareErrorsFromSession.php(49): Illuminate/Pipeline/Pipeline->Illuminate/Pipeline/{closure}(Object(Illuminate/Http/Request))
#28 C:/Users/Victus/supply-chain-platform/vendor/laravel/framework/src/Illuminate/Pipeline/Pipeline.php(209): Illuminate/View/Middleware/ShareErrorsFromSession->handle(Object(Illuminate/Http/Request), Object(Closure))
#29 C:/Users/Victus/supply-chain-platform/vendor/laravel/framework/src/Illuminate/Session/Middleware/StartSession.php(121): Illuminate/Pipeline/Pipeline->Illuminate/Pipeline/{closure}(Object(Illuminate/Http/Request))
#30 C:/Users/Victus/supply-chain-platform/vendor/laravel/framework/src/Illuminate/Session/Middleware/StartSession.php(64): Illuminate/Session/Middleware/StartSession->handleStatefulRequest(Object(Illuminate/Http/Request), Object(Illuminate/Session/Store), Object(Closure))
#31 C:/Users/Victus/supply-chain-platform/vendor/laravel/framework/src/Illuminate/Pipeline/Pipeline.php(209): Illuminate/Session/Middleware/StartSession->handle(Object(Illuminate/Http/Request), Object(Closure))
#32 C:/Users/Victus/supply-chain-platform/vendor/laravel/framework/src/Illuminate/Cookie/Middleware/AddQueuedCookiesToResponse.php(37): Illuminate/Pipeline/Pipeline->Illuminate/Pipeline/{closure}(Object(Illuminate/Http/Request))
#33 C:/Users/Victus/supply-chain-platform/vendor/laravel/framework/src/Illuminate/Pipeline/Pipeline.php(209): Illuminate/Cookie/Middleware/AddQueuedCookiesToResponse->handle(Object(Illuminate/Http/Request), Object(Closure))
#34 C:/Users/Victus/supply-chain-platform/vendor/laravel/framework/src/Illuminate/Cookie/Middleware/EncryptCookies.php(75): Illuminate/Pipeline/Pipeline->Illuminate/Pipeline/{closure}(Object(Illuminate/Http/Request))
#35 C:/Users/Victus/supply-chain-platform/vendor/laravel/framework/src/Illuminate/Pipeline/Pipeline.php(209): Illuminate/Cookie/Middleware/EncryptCookies->handle(Object(Illuminate/Http/Request), Object(Closure))
#36 C:/Users/Victus/supply-chain-platform/vendor/laravel/framework/src/Illuminate/Pipeline/Pipeline.php(127): Illuminate/Pipeline/Pipeline->Illuminate/Pipeline/{closure}(Object(Illuminate/Http/Request))
#37 C:/Users/Victus/supply-chain-platform/vendor/laravel/framework/src/Illuminate/Routing/Router.php(807): Illuminate/Pipeline/Pipeline->then(Object(Closure))
#38 C:/Users/Victus/supply-chain-platform/vendor/laravel/framework/src/Illuminate/Routing/Router.php(786): Illuminate/Routing/Router->runRouteWithinStack(Object(Illuminate/Routing/Route), Object(Illuminate/Http/Request))
#39 C:/Users/Victus/supply-chain-platform/vendor/laravel/framework/src/Illuminate/Routing/Router.php(750): Illuminate/Routing/Router->runRoute(Object(Illuminate/Http/Request), Object(Illuminate/Routing/Route))
#40 C:/Users/Victus/supply-chain-platform/vendor/laravel/framework/src/Illuminate/Routing/Router.php(739): Illuminate/Routing/Router->dispatchToRoute(Object(Illuminate/Http/Request))
#41 C:/Users/Victus/supply-chain-platform/vendor/laravel/framework/src/Illuminate/Foundation/Http/Kernel.php(201): Illuminate/Routing/Router->dispatch(Object(Illuminate/Http/Request))
#42 C:/Users/Victus/supply-chain-platform/vendor/laravel/framework/src/Illuminate/Pipeline/Pipeline.php(170): Illuminate/Foundation/Http/Kernel->Illuminate/Foundation/Http/{closure}(Object(Illuminate/Http/Request))
#43 C:/Users/Victus/supply-chain-platform/app/Http/Middleware/CopyrightMiddleware.php(16): Illuminate/Pipeline/Pipeline->Illuminate/Pipeline/{closure}(Object(Illuminate/Http/Request))
#44 C:/Users/Victus/supply-chain-platform/vendor/laravel/framework/src/Illuminate/Pipeline/Pipeline.php(209): App/Http/Middleware/CopyrightMiddleware->handle(Object(Illuminate/Http/Request), Object(Closure))
#45 C:/Users/Victus/supply-chain-platform/vendor/laravel/framework/src/Illuminate/Foundation/Http/Middleware/TransformsRequest.php(21): Illuminate/Pipeline/Pipeline->Illuminate/Pipeline/{closure}(Object(Illuminate/Http/Request))
#46 C:/Users/Victus/supply-chain-platform/vendor/laravel/framework/src/Illuminate/Foundation/Http/Middleware/ConvertEmptyStringsToNull.php(31): Illuminate/Foundation/Http/Middleware/TransformsRequest->handle(Object(Illuminate/Http/Request), Object(Closure))
#47 C:/Users/Victus/supply-chain-platform/vendor/laravel/framework/src/Illuminate/Pipeline/Pipeline.php(209): Illuminate/Foundation/Http/Middleware/ConvertEmptyStringsToNull->handle(Object(Illuminate/Http/Request), Object(Closure))
#48 C:/Users/Victus/supply-chain-platform/vendor/laravel/framework/src/Illuminate/Foundation/Http/Middleware/TransformsRequest.php(21): Illuminate/Pipeline/Pipeline->Illuminate/Pipeline/{closure}(Object(Illuminate/Http/Request))
#49 C:/Users/Victus/supply-chain-platform/vendor/laravel/framework/src/Illuminate/Foundation/Http/Middleware/TrimStrings.php(51): Illuminate/Foundation/Http/Middleware/TransformsRequest->handle(Object(Illuminate/Http/Request), Object(Closure))
#50 C:/Users/Victus/supply-chain-platform/vendor/laravel/framework/src/Illuminate/Pipeline/Pipeline.php(209): Illuminate/Foundation/Http/Middleware/TrimStrings->handle(Object(Illuminate/Http/Request), Object(Closure))
#51 C:/Users/Victus/supply-chain-platform/vendor/laravel/framework/src/Illuminate/Http/Middleware/ValidatePostSize.php(27): Illuminate/Pipeline/Pipeline->Illuminate/Pipeline/{closure}(Object(Illuminate/Http/Request))
#52 C:/Users/Victus/supply-chain-platform/vendor/laravel/framework/src/Illuminate/Pipeline/Pipeline.php(209): Illuminate/Http/Middleware/ValidatePostSize->handle(Object(Illuminate/Http/Request), Object(Closure))
#53 C:/Users/Victus/supply-chain-platform/vendor/laravel/framework/src/Illuminate/Foundation/Http/Middleware/PreventRequestsDuringMaintenance.php(110): Illuminate/Pipeline/Pipeline->Illuminate/Pipeline/{closure}(Object(Illuminate/Http/Request))
#54 C:/Users/Victus/supply-chain-platform/vendor/laravel/framework/src/Illuminate/Pipeline/Pipeline.php(209): Illuminate/Foundation/Http/Middleware/PreventRequestsDuringMaintenance->handle(Object(Illuminate/Http/Request), Object(Closure))
#55 C:/Users/Victus/supply-chain-platform/vendor/laravel/framework/src/Illuminate/Http/Middleware/HandleCors.php(49): Illuminate/Pipeline/Pipeline->Illuminate/Pipeline/{closure}(Object(Illuminate/Http/Request))
#56 C:/Users/Victus/supply-chain-platform/vendor/laravel/framework/src/Illuminate/Pipeline/Pipeline.php(209): Illuminate/Http/Middleware/HandleCors->handle(Object(Illuminate/Http/Request), Object(Closure))
#57 C:/Users/Victus/supply-chain-platform/vendor/laravel/framework/src/Illuminate/Http/Middleware/TrustProxies.php(58): Illuminate/Pipeline/Pipeline->Illuminate/Pipeline/{closure}(Object(Illuminate/Http/Request))
#58 C:/Users/Victus/supply-chain-platform/vendor/laravel/framework/src/Illuminate/Pipeline/Pipeline.php(209): Illuminate/Http/Middleware/TrustProxies->handle(Object(Illuminate/Http/Request), Object(Closure))
#59 C:/Users/Victus/supply-chain-platform/vendor/laravel/framework/src/Illuminate/Foundation/Http/Middleware/InvokeDeferredCallbacks.php(22): Illuminate/Pipeline/Pipeline->Illuminate/Pipeline/{closure}(Object(Illuminate/Http/Request))
#60 C:/Users/Victus/supply-chain-platform/vendor/laravel/framework/src/Illuminate/Pipeline/Pipeline.php(209): Illuminate/Foundation/Http/Middleware/InvokeDeferredCallbacks->handle(Object(Illuminate/Http/Request), Object(Closure))
#61 C:/Users/Victus/supply-chain-platform/vendor/laravel/framework/src/Illuminate/Pipeline/Pipeline.php(127): Illuminate/Pipeline/Pipeline->Illuminate/Pipeline/{closure}(Object(Illuminate/Http/Request))
#62 C:/Users/Victus/supply-chain-platform/vendor/laravel/framework/src/Illuminate/Foundation/Http/Kernel.php(176): Illuminate/Pipeline/Pipeline->then(Object(Closure))
#63 C:/Users/Victus/supply-chain-platform/vendor/laravel/framework/src/Illuminate/Foundation/Http/Kernel.php(145): Illuminate/Foundation/Http/Kernel->sendRequestThroughRouter(Object(Illuminate/Http/Request))
#64 C:/Users/Victus/supply-chain-platform/vendor/laravel/framework/src/Illuminate/Foundation/Application.php(1220): Illuminate/Foundation/Http/Kernel->handle(Object(Illuminate/Http/Request))
#65 C:/Users/Victus/supply-chain-platform/public/index.php(20): Illuminate/Foundation/Application->handleRequest(Object(Illuminate/Http/Request))
#66 C:/Users/Victus/supply-chain-platform/vendor/laravel/framework/src/Illuminate/Foundation/resources/server.php(23): require_once('C://Users//Victus...')
#67 {main}

[previous exception] [object] (PDOException(code: 2002): SQLSTATE[HY000] [2002] No connection could be made because the target machine actively refused it at C:/Users/Victus/supply-chain-platform/vendor/laravel/framework/src/Illuminate/Database/Connectors/Connector.php:66)
[stacktrace]
#0 C:/Users/Victus/supply-chain-platform/vendor/laravel/framework/src/Illuminate/Database/Connectors/Connector.php(66): PDO->__construct('mysql:host=127....', 'root', Object(SensitiveParameterValue), Array)
#1 C:/Users/Victus/supply-chain-platform/vendor/laravel/framework/src/Illuminate/Database/Connectors/Connector.php(85): Illuminate/Database/Connectors/Connector->createPdoConnection('mysql:host=127....', 'root', Object(SensitiveParameterValue), Array)
#2 C:/Users/Victus/supply-chain-platform/vendor/laravel/framework/src/Illuminate/Database/Connectors/Connector.php(48): Illuminate/Database/Connectors/Connector->tryAgainIfCausedByLostConnection(Object(PDOException), 'mysql:host=127....', 'root', Object(SensitiveParameterValue), Array)
#3 C:/Users/Victus/supply-chain-platform/vendor/laravel/framework/src/Illuminate/Database/Connectors/MySqlConnector.php(24): Illuminate/Database/Connectors/Connector->createConnection('mysql:host=127....', Array, Array)
#4 C:/Users/Victus/supply-chain-platform/vendor/laravel/framework/src/Illuminate/Database/Connectors/ConnectionFactory.php(185): Illuminate/Database/Connectors/MySqlConnector->connect(Array)
#5 [internal function]: Illuminate/Database/Connectors/ConnectionFactory->Illuminate/Database/Connectors/{closure}()
#6 C:/Users/Victus/supply-chain-platform/vendor/laravel/framework/src/Illuminate/Database/Connection.php(1231): call_user_func(Object(Closure))
#7 C:/Users/Victus/supply-chain-platform/vendor/laravel/framework/src/Illuminate/Database/Connection.php(1267): Illuminate/Database/Connection->getPdo()
#8 C:/Users/Victus/supply-chain-platform/vendor/laravel/framework/src/Illuminate/Database/Connection.php(512): Illuminate/Database/Connection->getReadPdo()
#9 C:/Users/Victus/supply-chain-platform/vendor/laravel/framework/src/Illuminate/Database/Connection.php(407): Illuminate/Database/Connection->getPdoForSelect(true)
#10 C:/Users/Victus/supply-chain-platform/vendor/laravel/framework/src/Illuminate/Database/Connection.php(812): Illuminate/Database/Connection->Illuminate/Database/{closure}('select * from `...', Array)
#11 C:/Users/Victus/supply-chain-platform/vendor/laravel/framework/src/Illuminate/Database/Connection.php(979): Illuminate/Database/Connection->runQueryCallback('select * from `...', Array, Object(Closure))
#12 C:/Users/Victus/supply-chain-platform/vendor/laravel/framework/src/Illuminate/Database/Connection.php(958): Illuminate/Database/Connection->tryAgainIfCausedByLostConnection(Object(Illuminate/Database/QueryException), 'select * from `...', Array, Object(Closure))
#13 C:/Users/Victus/supply-chain-platform/vendor/laravel/framework/src/Illuminate/Database/Connection.php(781): Illuminate/Database/Connection->handleQueryException(Object(Illuminate/Database/QueryException), 'select * from `...', Array, Object(Closure))
#14 C:/Users/Victus/supply-chain-platform/vendor/laravel/framework/src/Illuminate/Database/Connection.php(398): Illuminate/Database/Connection->run('select * from `...', Array, Object(Closure))
#15 C:/Users/Victus/supply-chain-platform/vendor/laravel/framework/src/Illuminate/Database/Query/Builder.php(3106): Illuminate/Database/Connection->select('select * from `...', Array, true)
#16 C:/Users/Victus/supply-chain-platform/vendor/laravel/framework/src/Illuminate/Database/Query/Builder.php(3091): Illuminate/Database/Query/Builder->runSelect()
#17 C:/Users/Victus/supply-chain-platform/vendor/laravel/framework/src/Illuminate/Database/Query/Builder.php(3676): Illuminate/Database/Query/Builder->Illuminate/Database/Query/{closure}()
#18 C:/Users/Victus/supply-chain-platform/vendor/laravel/framework/src/Illuminate/Database/Query/Builder.php(3090): Illuminate/Database/Query/Builder->onceWithColumns(Array, Object(Closure))
#19 C:/Users/Victus/supply-chain-platform/vendor/laravel/framework/src/Illuminate/Database/Eloquent/Builder.php(811): Illuminate/Database/Query/Builder->get(Array)
#20 C:/Users/Victus/supply-chain-platform/vendor/laravel/framework/src/Illuminate/Database/Eloquent/Builder.php(793): Illuminate/Database/Eloquent/Builder->getModels(Array)
#21 C:/Users/Victus/supply-chain-platform/vendor/laravel/framework/src/Illuminate/Database/Concerns/BuildsQueries.php(343): Illuminate/Database/Eloquent/Builder->get(Array)
#22 C:/Users/Victus/supply-chain-platform/vendor/laravel/framework/src/Illuminate/Auth/EloquentUserProvider.php(139): Illuminate/Database/Eloquent/Builder->first()
#23 C:/Users/Victus/supply-chain-platform/vendor/laravel/framework/src/Illuminate/Auth/SessionGuard.php(415): Illuminate/Auth/EloquentUserProvider->retrieveByCredentials(Object(SensitiveParameterValue))
#24 C:/Users/Victus/supply-chain-platform/vendor/laravel/framework/src/Illuminate/Support/Timebox.php(34): Illuminate/Auth/SessionGuard->Illuminate/Auth/{closure}(Object(Illuminate/Support/Timebox))
#25 C:/Users/Victus/supply-chain-platform/vendor/laravel/framework/src/Illuminate/Auth/SessionGuard.php(412): Illuminate/Support/Timebox->call(Object(Closure), 200000)
#26 C:/Users/Victus/supply-chain-platform/vendor/laravel/framework/src/Illuminate/Auth/AuthManager.php(340): Illuminate/Auth/SessionGuard->attempt(Array, false)
#27 C:/Users/Victus/supply-chain-platform/vendor/laravel/framework/src/Illuminate/Support/Facades/Facade.php(361): Illuminate/Auth/AuthManager->__call('attempt', Array)
#28 C:/Users/Victus/supply-chain-platform/app/Http/Controllers/AuthController.php(26): Illuminate/Support/Facades/Facade::__callStatic('attempt', Array)
#29 C:/Users/Victus/supply-chain-platform/vendor/laravel/framework/src/Illuminate/Routing/ControllerDispatcher.php(47): App/Http/Controllers/AuthController->login(Object(Illuminate/Http/Request))
#30 C:/Users/Victus/supply-chain-platform/vendor/laravel/framework/src/Illuminate/Routing/Route.php(266): Illuminate/Routing/ControllerDispatcher->dispatch(Object(Illuminate/Routing/Route), Object(App/Http/Controllers/AuthController), 'login')
#31 C:/Users/Victus/supply-chain-platform/vendor/laravel/framework/src/Illuminate/Routing/Route.php(212): Illuminate/Routing/Route->runController()
#32 C:/Users/Victus/supply-chain-platform/vendor/laravel/framework/src/Illuminate/Routing/Router.php(808): Illuminate/Routing/Route->run()
#33 C:/Users/Victus/supply-chain-platform/vendor/laravel/framework/src/Illuminate/Pipeline/Pipeline.php(170): Illuminate/Routing/Router->Illuminate/Routing/{closure}(Object(Illuminate/Http/Request))
#34 C:/Users/Victus/supply-chain-platform/vendor/laravel/framework/src/Illuminate/Routing/Middleware/SubstituteBindings.php(51): Illuminate/Pipeline/Pipeline->Illuminate/Pipeline/{closure}(Object(Illuminate/Http/Request))
#35 C:/Users/Victus/supply-chain-platform/vendor/laravel/framework/src/Illuminate/Pipeline/Pipeline.php(209): Illuminate/Routing/Middleware/SubstituteBindings->handle(Object(Illuminate/Http/Request), Object(Closure))
#36 C:/Users/Victus/supply-chain-platform/vendor/laravel/framework/src/Illuminate/Foundation/Http/Middleware/VerifyCsrfToken.php(88): Illuminate/Pipeline/Pipeline->Illuminate/Pipeline/{closure}(Object(Illuminate/Http/Request))
#37 C:/Users/Victus/supply-chain-platform/vendor/laravel/framework/src/Illuminate/Pipeline/Pipeline.php(209): Illuminate/Foundation/Http/Middleware/VerifyCsrfToken->handle(Object(Illuminate/Http/Request), Object(Closure))
#38 C:/Users/Victus/supply-chain-platform/vendor/laravel/framework/src/Illuminate/View/Middleware/ShareErrorsFromSession.php(49): Illuminate/Pipeline/Pipeline->Illuminate/Pipeline/{closure}(Object(Illuminate/Http/Request))
#39 C:/Users/Victus/supply-chain-platform/vendor/laravel/framework/src/Illuminate/Pipeline/Pipeline.php(209): Illuminate/View/Middleware/ShareErrorsFromSession->handle(Object(Illuminate/Http/Request), Object(Closure))
#40 C:/Users/Victus/supply-chain-platform/vendor/laravel/framework/src/Illuminate/Session/Middleware/StartSession.php(121): Illuminate/Pipeline/Pipeline->Illuminate/Pipeline/{closure}(Object(Illuminate/Http/Request))
#41 C:/Users/Victus/supply-chain-platform/vendor/laravel/framework/src/Illuminate/Session/Middleware/StartSession.php(64): Illuminate/Session/Middleware/StartSession->handleStatefulRequest(Object(Illuminate/Http/Request), Object(Illuminate/Session/Store), Object(Closure))
#42 C:/Users/Victus/supply-chain-platform/vendor/laravel/framework/src/Illuminate/Pipeline/Pipeline.php(209): Illuminate/Session/Middleware/StartSession->handle(Object(Illuminate/Http/Request), Object(Closure))
#43 C:/Users/Victus/supply-chain-platform/vendor/laravel/framework/src/Illuminate/Cookie/Middleware/AddQueuedCookiesToResponse.php(37): Illuminate/Pipeline/Pipeline->Illuminate/Pipeline/{closure}(Object(Illuminate/Http/Request))
#44 C:/Users/Victus/supply-chain-platform/vendor/laravel/framework/src/Illuminate/Pipeline/Pipeline.php(209): Illuminate/Cookie/Middleware/AddQueuedCookiesToResponse->handle(Object(Illuminate/Http/Request), Object(Closure))
#45 C:/Users/Victus/supply-chain-platform/vendor/laravel/framework/src/Illuminate/Cookie/Middleware/EncryptCookies.php(75): Illuminate/Pipeline/Pipeline->Illuminate/Pipeline/{closure}(Object(Illuminate/Http/Request))
#46 C:/Users/Victus/supply-chain-platform/vendor/laravel/framework/src/Illuminate/Pipeline/Pipeline.php(209): Illuminate/Cookie/Middleware/EncryptCookies->handle(Object(Illuminate/Http/Request), Object(Closure))
#47 C:/Users/Victus/supply-chain-platform/vendor/laravel/framework/src/Illuminate/Pipeline/Pipeline.php(127): Illuminate/Pipeline/Pipeline->Illuminate/Pipeline/{closure}(Object(Illuminate/Http/Request))
#48 C:/Users/Victus/supply-chain-platform/vendor/laravel/framework/src/Illuminate/Routing/Router.php(807): Illuminate/Pipeline/Pipeline->then(Object(Closure))
#49 C:/Users/Victus/supply-chain-platform/vendor/laravel/framework/src/Illuminate/Routing/Router.php(786): Illuminate/Routing/Router->runRouteWithinStack(Object(Illuminate/Routing/Route), Object(Illuminate/Http/Request))
#50 C:/Users/Victus/supply-chain-platform/vendor/laravel/framework/src/Illuminate/Routing/Router.php(750): Illuminate/Routing/Router->runRoute(Object(Illuminate/Http/Request), Object(Illuminate/Routing/Route))
#51 C:/Users/Victus/supply-chain-platform/vendor/laravel/framework/src/Illuminate/Routing/Router.php(739): Illuminate/Routing/Router->dispatchToRoute(Object(Illuminate/Http/Request))
#52 C:/Users/Victus/supply-chain-platform/vendor/laravel/framework/src/Illuminate/Foundation/Http/Kernel.php(201): Illuminate/Routing/Router->dispatch(Object(Illuminate/Http/Request))
#53 C:/Users/Victus/supply-chain-platform/vendor/laravel/framework/src/Illuminate/Pipeline/Pipeline.php(170): Illuminate/Foundation/Http/Kernel->Illuminate/Foundation/Http/{closure}(Object(Illuminate/Http/Request))
#54 C:/Users/Victus/supply-chain-platform/app/Http/Middleware/CopyrightMiddleware.php(16): Illuminate/Pipeline/Pipeline->Illuminate/Pipeline/{closure}(Object(Illuminate/Http/Request))
#55 C:/Users/Victus/supply-chain-platform/vendor/laravel/framework/src/Illuminate/Pipeline/Pipeline.php(209): App/Http/Middleware/CopyrightMiddleware->handle(Object(Illuminate/Http/Request), Object(Closure))
#56 C:/Users/Victus/supply-chain-platform/vendor/laravel/framework/src/Illuminate/Foundation/Http/Middleware/TransformsRequest.php(21): Illuminate/Pipeline/Pipeline->Illuminate/Pipeline/{closure}(Object(Illuminate/Http/Request))
#57 C:/Users/Victus/supply-chain-platform/vendor/laravel/framework/src/Illuminate/Foundation/Http/Middleware/ConvertEmptyStringsToNull.php(31): Illuminate/Foundation/Http/Middleware/TransformsRequest->handle(Object(Illuminate/Http/Request), Object(Closure))
#58 C:/Users/Victus/supply-chain-platform/vendor/laravel/framework/src/Illuminate/Pipeline/Pipeline.php(209): Illuminate/Foundation/Http/Middleware/ConvertEmptyStringsToNull->handle(Object(Illuminate/Http/Request), Object(Closure))
#59 C:/Users/Victus/supply-chain-platform/vendor/laravel/framework/src/Illuminate/Foundation/Http/Middleware/TransformsRequest.php(21): Illuminate/Pipeline/Pipeline->Illuminate/Pipeline/{closure}(Object(Illuminate/Http/Request))
#60 C:/Users/Victus/supply-chain-platform/vendor/laravel/framework/src/Illuminate/Foundation/Http/Middleware/TrimStrings.php(51): Illuminate/Foundation/Http/Middleware/TransformsRequest->handle(Object(Illuminate/Http/Request), Object(Closure))
#61 C:/Users/Victus/supply-chain-platform/vendor/laravel/framework/src/Illuminate/Pipeline/Pipeline.php(209): Illuminate/Foundation/Http/Middleware/TrimStrings->handle(Object(Illuminate/Http/Request), Object(Closure))
#62 C:/Users/Victus/supply-chain-platform/vendor/laravel/framework/src/Illuminate/Http/Middleware/ValidatePostSize.php(27): Illuminate/Pipeline/Pipeline->Illuminate/Pipeline/{closure}(Object(Illuminate/Http/Request))
#63 C:/Users/Victus/supply-chain-platform/vendor/laravel/framework/src/Illuminate/Pipeline/Pipeline.php(209): Illuminate/Http/Middleware/ValidatePostSize->handle(Object(Illuminate/Http/Request), Object(Closure))
#64 C:/Users/Victus/supply-chain-platform/vendor/laravel/framework/src/Illuminate/Foundation/Http/Middleware/PreventRequestsDuringMaintenance.php(110): Illuminate/Pipeline/Pipeline->Illuminate/Pipeline/{closure}(Object(Illuminate/Http/Request))
#65 C:/Users/Victus/supply-chain-platform/vendor/laravel/framework/src/Illuminate/Pipeline/Pipeline.php(209): Illuminate/Foundation/Http/Middleware/PreventRequestsDuringMaintenance->handle(Object(Illuminate/Http/Request), Object(Closure))
#66 C:/Users/Victus/supply-chain-platform/vendor/laravel/framework/src/Illuminate/Http/Middleware/HandleCors.php(49): Illuminate/Pipeline/Pipeline->Illuminate/Pipeline/{closure}(Object(Illuminate/Http/Request))
#67 C:/Users/Victus/supply-chain-platform/vendor/laravel/framework/src/Illuminate/Pipeline/Pipeline.php(209): Illuminate/Http/Middleware/HandleCors->handle(Object(Illuminate/Http/Request), Object(Closure))
#68 C:/Users/Victus/supply-chain-platform/vendor/laravel/framework/src/Illuminate/Http/Middleware/TrustProxies.php(58): Illuminate/Pipeline/Pipeline->Illuminate/Pipeline/{closure}(Object(Illuminate/Http/Request))
#69 C:/Users/Victus/supply-chain-platform/vendor/laravel/framework/src/Illuminate/Pipeline/Pipeline.php(209): Illuminate/Http/Middleware/TrustProxies->handle(Object(Illuminate/Http/Request), Object(Closure))
#70 C:/Users/Victus/supply-chain-platform/vendor/laravel/framework/src/Illuminate/Foundation/Http/Middleware/InvokeDeferredCallbacks.php(22): Illuminate/Pipeline/Pipeline->Illuminate/Pipeline/{closure}(Object(Illuminate/Http/Request))
#71 C:/Users/Victus/supply-chain-platform/vendor/laravel/framework/src/Illuminate/Pipeline/Pipeline.php(209): Illuminate/Foundation/Http/Middleware/InvokeDeferredCallbacks->handle(Object(Illuminate/Http/Request), Object(Closure))
#72 C:/Users/Victus/supply-chain-platform/vendor/laravel/framework/src/Illuminate/Pipeline/Pipeline.php(127): Illuminate/Pipeline/Pipeline->Illuminate/Pipeline/{closure}(Object(Illuminate/Http/Request))
#73 C:/Users/Victus/supply-chain-platform/vendor/laravel/framework/src/Illuminate/Foundation/Http/Kernel.php(176): Illuminate/Pipeline/Pipeline->then(Object(Closure))
#74 C:/Users/Victus/supply-chain-platform/vendor/laravel/framework/src/Illuminate/Foundation/Http/Kernel.php(145): Illuminate/Foundation/Http/Kernel->sendRequestThroughRouter(Object(Illuminate/Http/Request))
#75 C:/Users/Victus/supply-chain-platform/vendor/laravel/framework/src/Illuminate/Foundation/Application.php(1220): Illuminate/Foundation/Http/Kernel->handle(Object(Illuminate/Http/Request))
#76 C:/Users/Victus/supply-chain-platform/public/index.php(20): Illuminate/Foundation/Application->handleRequest(Object(Illuminate/Http/Request))
#77 C:/Users/Victus/supply-chain-platform/vendor/laravel/framework/src/Illuminate/Foundation/resources/server.php(23): require_once('C://Users//Victus...')
#78 {main}
"} 
[2026-07-20 20:21:56] local.ERROR: SQLSTATE[HY000] [2002] No connection could be made because the target machine actively refused it (Connection: mysql, SQL: select * from `users` where `email` = admin@supplychain.com limit 1) {"exception":"[object] (Illuminate\\Database\\QueryException(code: 2002): SQLSTATE[HY000] [2002] No connection could be made because the target machine actively refused it (Connection: mysql, SQL: select * from `users` where `email` = admin@supplychain.com limit 1) at C:/Users/Victus/supply-chain-platform/vendor/laravel/framework/src/Illuminate/Database/Connection.php:825)
[stacktrace]
#0 C:/Users/Victus/supply-chain-platform/vendor/laravel/framework/src/Illuminate/Database/Connection.php(979): Illuminate/Database/Connection->runQueryCallback('select * from `...', Array, Object(Closure))
#1 C:/Users/Victus/supply-chain-platform/vendor/laravel/framework/src/Illuminate/Database/Connection.php(958): Illuminate/Database/Connection->tryAgainIfCausedByLostConnection(Object(Illuminate/Database/QueryException), 'select * from `...', Array, Object(Closure))
#2 C:/Users/Victus/supply-chain-platform/vendor/laravel/framework/src/Illuminate/Database/Connection.php(781): Illuminate/Database/Connection->handleQueryException(Object(Illuminate/Database/QueryException), 'select * from `...', Array, Object(Closure))
#3 C:/Users/Victus/supply-chain-platform/vendor/laravel/framework/src/Illuminate/Database/Connection.php(398): Illuminate/Database/Connection->run('select * from `...', Array, Object(Closure))
#4 C:/Users/Victus/supply-chain-platform/vendor/laravel/framework/src/Illuminate/Database/Query/Builder.php(3106): Illuminate/Database/Connection->select('select * from `...', Array, true)
#5 C:/Users/Victus/supply-chain-platform/vendor/laravel/framework/src/Illuminate/Database/Query/Builder.php(3091): Illuminate/Database/Query/Builder->runSelect()
#6 C:/Users/Victus/supply-chain-platform/vendor/laravel/framework/src/Illuminate/Database/Query/Builder.php(3676): Illuminate/Database/Query/Builder->Illuminate/Database/Query/{closure}()
#7 C:/Users/Victus/supply-chain-platform/vendor/laravel/framework/src/Illuminate/Database/Query/Builder.php(3090): Illuminate/Database/Query/Builder->onceWithColumns(Array, Object(Closure))
#8 C:/Users/Victus/supply-chain-platform/vendor/laravel/framework/src/Illuminate/Database/Eloquent/Builder.php(811): Illuminate/Database/Query/Builder->get(Array)
#9 C:/Users/Victus/supply-chain-platform/vendor/laravel/framework/src/Illuminate/Database/Eloquent/Builder.php(793): Illuminate/Database/Eloquent/Builder->getModels(Array)
#10 C:/Users/Victus/supply-chain-platform/vendor/laravel/framework/src/Illuminate/Database/Concerns/BuildsQueries.php(343): Illuminate/Database/Eloquent/Builder->get(Array)
#11 C:/Users/Victus/supply-chain-platform/vendor/laravel/framework/src/Illuminate/Auth/EloquentUserProvider.php(139): Illuminate/Database/Eloquent/Builder->first()
#12 C:/Users/Victus/supply-chain-platform/vendor/laravel/framework/src/Illuminate/Auth/SessionGuard.php(415): Illuminate/Auth/EloquentUserProvider->retrieveByCredentials(Object(SensitiveParameterValue))
#13 C:/Users/Victus/supply-chain-platform/vendor/laravel/framework/src/Illuminate/Support/Timebox.php(34): Illuminate/Auth/SessionGuard->Illuminate/Auth/{closure}(Object(Illuminate/Support/Timebox))
#14 C:/Users/Victus/supply-chain-platform/vendor/laravel/framework/src/Illuminate/Auth/SessionGuard.php(412): Illuminate/Support/Timebox->call(Object(Closure), 200000)
#15 C:/Users/Victus/supply-chain-platform/vendor/laravel/framework/src/Illuminate/Auth/AuthManager.php(340): Illuminate/Auth/SessionGuard->attempt(Array, false)
#16 C:/Users/Victus/supply-chain-platform/vendor/laravel/framework/src/Illuminate/Support/Facades/Facade.php(361): Illuminate/Auth/AuthManager->__call('attempt', Array)
#17 C:/Users/Victus/supply-chain-platform/app/Http/Controllers/AuthController.php(26): Illuminate/Support/Facades/Facade::__callStatic('attempt', Array)
#18 C:/Users/Victus/supply-chain-platform/vendor/laravel/framework/src/Illuminate/Routing/ControllerDispatcher.php(47): App/Http/Controllers/AuthController->login(Object(Illuminate/Http/Request))
#19 C:/Users/Victus/supply-chain-platform/vendor/laravel/framework/src/Illuminate/Routing/Route.php(266): Illuminate/Routing/ControllerDispatcher->dispatch(Object(Illuminate/Routing/Route), Object(App/Http/Controllers/AuthController), 'login')
#20 C:/Users/Victus/supply-chain-platform/vendor/laravel/framework/src/Illuminate/Routing/Route.php(212): Illuminate/Routing/Route->runController()
#21 C:/Users/Victus/supply-chain-platform/vendor/laravel/framework/src/Illuminate/Routing/Router.php(808): Illuminate/Routing/Route->run()
#22 C:/Users/Victus/supply-chain-platform/vendor/laravel/framework/src/Illuminate/Pipeline/Pipeline.php(170): Illuminate/Routing/Router->Illuminate/Routing/{closure}(Object(Illuminate/Http/Request))
#23 C:/Users/Victus/supply-chain-platform/vendor/laravel/framework/src/Illuminate/Routing/Middleware/SubstituteBindings.php(51): Illuminate/Pipeline/Pipeline->Illuminate/Pipeline/{closure}(Object(Illuminate/Http/Request))
#24 C:/Users/Victus/supply-chain-platform/vendor/laravel/framework/src/Illuminate/Pipeline/Pipeline.php(209): Illuminate/Routing/Middleware/SubstituteBindings->handle(Object(Illuminate/Http/Request), Object(Closure))
#25 C:/Users/Victus/supply-chain-platform/vendor/laravel/framework/src/Illuminate/Foundation/Http/Middleware/VerifyCsrfToken.php(88): Illuminate/Pipeline/Pipeline->Illuminate/Pipeline/{closure}(Object(Illuminate/Http/Request))
#26 C:/Users/Victus/supply-chain-platform/vendor/laravel/framework/src/Illuminate/Pipeline/Pipeline.php(209): Illuminate/Foundation/Http/Middleware/VerifyCsrfToken->handle(Object(Illuminate/Http/Request), Object(Closure))
#27 C:/Users/Victus/supply-chain-platform/vendor/laravel/framework/src/Illuminate/View/Middleware/ShareErrorsFromSession.php(49): Illuminate/Pipeline/Pipeline->Illuminate/Pipeline/{closure}(Object(Illuminate/Http/Request))
#28 C:/Users/Victus/supply-chain-platform/vendor/laravel/framework/src/Illuminate/Pipeline/Pipeline.php(209): Illuminate/View/Middleware/ShareErrorsFromSession->handle(Object(Illuminate/Http/Request), Object(Closure))
#29 C:/Users/Victus/supply-chain-platform/vendor/laravel/framework/src/Illuminate/Session/Middleware/StartSession.php(121): Illuminate/Pipeline/Pipeline->Illuminate/Pipeline/{closure}(Object(Illuminate/Http/Request))
#30 C:/Users/Victus/supply-chain-platform/vendor/laravel/framework/src/Illuminate/Session/Middleware/StartSession.php(64): Illuminate/Session/Middleware/StartSession->handleStatefulRequest(Object(Illuminate/Http/Request), Object(Illuminate/Session/Store), Object(Closure))
#31 C:/Users/Victus/supply-chain-platform/vendor/laravel/framework/src/Illuminate/Pipeline/Pipeline.php(209): Illuminate/Session/Middleware/StartSession->handle(Object(Illuminate/Http/Request), Object(Closure))
#32 C:/Users/Victus/supply-chain-platform/vendor/laravel/framework/src/Illuminate/Cookie/Middleware/AddQueuedCookiesToResponse.php(37): Illuminate/Pipeline/Pipeline->Illuminate/Pipeline/{closure}(Object(Illuminate/Http/Request))
#33 C:/Users/Victus/supply-chain-platform/vendor/laravel/framework/src/Illuminate/Pipeline/Pipeline.php(209): Illuminate/Cookie/Middleware/AddQueuedCookiesToResponse->handle(Object(Illuminate/Http/Request), Object(Closure))
#34 C:/Users/Victus/supply-chain-platform/vendor/laravel/framework/src/Illuminate/Cookie/Middleware/EncryptCookies.php(75): Illuminate/Pipeline/Pipeline->Illuminate/Pipeline/{closure}(Object(Illuminate/Http/Request))
#35 C:/Users/Victus/supply-chain-platform/vendor/laravel/framework/src/Illuminate/Pipeline/Pipeline.php(209): Illuminate/Cookie/Middleware/EncryptCookies->handle(Object(Illuminate/Http/Request), Object(Closure))
#36 C:/Users/Victus/supply-chain-platform/vendor/laravel/framework/src/Illuminate/Pipeline/Pipeline.php(127): Illuminate/Pipeline/Pipeline->Illuminate/Pipeline/{closure}(Object(Illuminate/Http/Request))
#37 C:/Users/Victus/supply-chain-platform/vendor/laravel/framework/src/Illuminate/Routing/Router.php(807): Illuminate/Pipeline/Pipeline->then(Object(Closure))
#38 C:/Users/Victus/supply-chain-platform/vendor/laravel/framework/src/Illuminate/Routing/Router.php(786): Illuminate/Routing/Router->runRouteWithinStack(Object(Illuminate/Routing/Route), Object(Illuminate/Http/Request))
#39 C:/Users/Victus/supply-chain-platform/vendor/laravel/framework/src/Illuminate/Routing/Router.php(750): Illuminate/Routing/Router->runRoute(Object(Illuminate/Http/Request), Object(Illuminate/Routing/Route))
#40 C:/Users/Victus/supply-chain-platform/vendor/laravel/framework/src/Illuminate/Routing/Router.php(739): Illuminate/Routing/Router->dispatchToRoute(Object(Illuminate/Http/Request))
#41 C:/Users/Victus/supply-chain-platform/vendor/laravel/framework/src/Illuminate/Foundation/Http/Kernel.php(201): Illuminate/Routing/Router->dispatch(Object(Illuminate/Http/Request))
#42 C:/Users/Victus/supply-chain-platform/vendor/laravel/framework/src/Illuminate/Pipeline/Pipeline.php(170): Illuminate/Foundation/Http/Kernel->Illuminate/Foundation/Http/{closure}(Object(Illuminate/Http/Request))
#43 C:/Users/Victus/supply-chain-platform/app/Http/Middleware/CopyrightMiddleware.php(16): Illuminate/Pipeline/Pipeline->Illuminate/Pipeline/{closure}(Object(Illuminate/Http/Request))
#44 C:/Users/Victus/supply-chain-platform/vendor/laravel/framework/src/Illuminate/Pipeline/Pipeline.php(209): App/Http/Middleware/CopyrightMiddleware->handle(Object(Illuminate/Http/Request), Object(Closure))
#45 C:/Users/Victus/supply-chain-platform/vendor/laravel/framework/src/Illuminate/Foundation/Http/Middleware/TransformsRequest.php(21): Illuminate/Pipeline/Pipeline->Illuminate/Pipeline/{closure}(Object(Illuminate/Http/Request))
#46 C:/Users/Victus/supply-chain-platform/vendor/laravel/framework/src/Illuminate/Foundation/Http/Middleware/ConvertEmptyStringsToNull.php(31): Illuminate/Foundation/Http/Middleware/TransformsRequest->handle(Object(Illuminate/Http/Request), Object(Closure))
#47 C:/Users/Victus/supply-chain-platform/vendor/laravel/framework/src/Illuminate/Pipeline/Pipeline.php(209): Illuminate/Foundation/Http/Middleware/ConvertEmptyStringsToNull->handle(Object(Illuminate/Http/Request), Object(Closure))
#48 C:/Users/Victus/supply-chain-platform/vendor/laravel/framework/src/Illuminate/Foundation/Http/Middleware/TransformsRequest.php(21): Illuminate/Pipeline/Pipeline->Illuminate/Pipeline/{closure}(Object(Illuminate/Http/Request))
#49 C:/Users/Victus/supply-chain-platform/vendor/laravel/framework/src/Illuminate/Foundation/Http/Middleware/TrimStrings.php(51): Illuminate/Foundation/Http/Middleware/TransformsRequest->handle(Object(Illuminate/Http/Request), Object(Closure))
#50 C:/Users/Victus/supply-chain-platform/vendor/laravel/framework/src/Illuminate/Pipeline/Pipeline.php(209): Illuminate/Foundation/Http/Middleware/TrimStrings->handle(Object(Illuminate/Http/Request), Object(Closure))
#51 C:/Users/Victus/supply-chain-platform/vendor/laravel/framework/src/Illuminate/Http/Middleware/ValidatePostSize.php(27): Illuminate/Pipeline/Pipeline->Illuminate/Pipeline/{closure}(Object(Illuminate/Http/Request))
#52 C:/Users/Victus/supply-chain-platform/vendor/laravel/framework/src/Illuminate/Pipeline/Pipeline.php(209): Illuminate/Http/Middleware/ValidatePostSize->handle(Object(Illuminate/Http/Request), Object(Closure))
#53 C:/Users/Victus/supply-chain-platform/vendor/laravel/framework/src/Illuminate/Foundation/Http/Middleware/PreventRequestsDuringMaintenance.php(110): Illuminate/Pipeline/Pipeline->Illuminate/Pipeline/{closure}(Object(Illuminate/Http/Request))
#54 C:/Users/Victus/supply-chain-platform/vendor/laravel/framework/src/Illuminate/Pipeline/Pipeline.php(209): Illuminate/Foundation/Http/Middleware/PreventRequestsDuringMaintenance->handle(Object(Illuminate/Http/Request), Object(Closure))
#55 C:/Users/Victus/supply-chain-platform/vendor/laravel/framework/src/Illuminate/Http/Middleware/HandleCors.php(49): Illuminate/Pipeline/Pipeline->Illuminate/Pipeline/{closure}(Object(Illuminate/Http/Request))
#56 C:/Users/Victus/supply-chain-platform/vendor/laravel/framework/src/Illuminate/Pipeline/Pipeline.php(209): Illuminate/Http/Middleware/HandleCors->handle(Object(Illuminate/Http/Request), Object(Closure))
#57 C:/Users/Victus/supply-chain-platform/vendor/laravel/framework/src/Illuminate/Http/Middleware/TrustProxies.php(58): Illuminate/Pipeline/Pipeline->Illuminate/Pipeline/{closure}(Object(Illuminate/Http/Request))
#58 C:/Users/Victus/supply-chain-platform/vendor/laravel/framework/src/Illuminate/Pipeline/Pipeline.php(209): Illuminate/Http/Middleware/TrustProxies->handle(Object(Illuminate/Http/Request), Object(Closure))
#59 C:/Users/Victus/supply-chain-platform/vendor/laravel/framework/src/Illuminate/Foundation/Http/Middleware/InvokeDeferredCallbacks.php(22): Illuminate/Pipeline/Pipeline->Illuminate/Pipeline/{closure}(Object(Illuminate/Http/Request))
#60 C:/Users/Victus/supply-chain-platform/vendor/laravel/framework/src/Illuminate/Pipeline/Pipeline.php(209): Illuminate/Foundation/Http/Middleware/InvokeDeferredCallbacks->handle(Object(Illuminate/Http/Request), Object(Closure))
#61 C:/Users/Victus/supply-chain-platform/vendor/laravel/framework/src/Illuminate/Pipeline/Pipeline.php(127): Illuminate/Pipeline/Pipeline->Illuminate/Pipeline/{closure}(Object(Illuminate/Http/Request))
#62 C:/Users/Victus/supply-chain-platform/vendor/laravel/framework/src/Illuminate/Foundation/Http/Kernel.php(176): Illuminate/Pipeline/Pipeline->then(Object(Closure))
#63 C:/Users/Victus/supply-chain-platform/vendor/laravel/framework/src/Illuminate/Foundation/Http/Kernel.php(145): Illuminate/Foundation/Http/Kernel->sendRequestThroughRouter(Object(Illuminate/Http/Request))
#64 C:/Users/Victus/supply-chain-platform/vendor/laravel/framework/src/Illuminate/Foundation/Application.php(1220): Illuminate/Foundation/Http/Kernel->handle(Object(Illuminate/Http/Request))
#65 C:/Users/Victus/supply-chain-platform/public/index.php(20): Illuminate/Foundation/Application->handleRequest(Object(Illuminate/Http/Request))
#66 C:/Users/Victus/supply-chain-platform/vendor/laravel/framework/src/Illuminate/Foundation/resources/server.php(23): require_once('C://Users//Victus...')
#67 {main}

[previous exception] [object] (PDOException(code: 2002): SQLSTATE[HY000] [2002] No connection could be made because the target machine actively refused it at C:/Users/Victus/supply-chain-platform/vendor/laravel/framework/src/Illuminate/Database/Connectors/Connector.php:66)
[stacktrace]
#0 C:/Users/Victus/supply-chain-platform/vendor/laravel/framework/src/Illuminate/Database/Connectors/Connector.php(66): PDO->__construct('mysql:host=127....', 'root', Object(SensitiveParameterValue), Array)
#1 C:/Users/Victus/supply-chain-platform/vendor/laravel/framework/src/Illuminate/Database/Connectors/Connector.php(85): Illuminate/Database/Connectors/Connector->createPdoConnection('mysql:host=127....', 'root', Object(SensitiveParameterValue), Array)
#2 C:/Users/Victus/supply-chain-platform/vendor/laravel/framework/src/Illuminate/Database/Connectors/Connector.php(48): Illuminate/Database/Connectors/Connector->tryAgainIfCausedByLostConnection(Object(PDOException), 'mysql:host=127....', 'root', Object(SensitiveParameterValue), Array)
#3 C:/Users/Victus/supply-chain-platform/vendor/laravel/framework/src/Illuminate/Database/Connectors/MySqlConnector.php(24): Illuminate/Database/Connectors/Connector->createConnection('mysql:host=127....', Array, Array)
#4 C:/Users/Victus/supply-chain-platform/vendor/laravel/framework/src/Illuminate/Database/Connectors/ConnectionFactory.php(185): Illuminate/Database/Connectors/MySqlConnector->connect(Array)
#5 [internal function]: Illuminate/Database/Connectors/ConnectionFactory->Illuminate/Database/Connectors/{closure}()
#6 C:/Users/Victus/supply-chain-platform/vendor/laravel/framework/src/Illuminate/Database/Connection.php(1231): call_user_func(Object(Closure))
#7 C:/Users/Victus/supply-chain-platform/vendor/laravel/framework/src/Illuminate/Database/Connection.php(1267): Illuminate/Database/Connection->getPdo()
#8 C:/Users/Victus/supply-chain-platform/vendor/laravel/framework/src/Illuminate/Database/Connection.php(512): Illuminate/Database/Connection->getReadPdo()
#9 C:/Users/Victus/supply-chain-platform/vendor/laravel/framework/src/Illuminate/Database/Connection.php(407): Illuminate/Database/Connection->getPdoForSelect(true)
#10 C:/Users/Victus/supply-chain-platform/vendor/laravel/framework/src/Illuminate/Database/Connection.php(812): Illuminate/Database/Connection->Illuminate/Database/{closure}('select * from `...', Array)
#11 C:/Users/Victus/supply-chain-platform/vendor/laravel/framework/src/Illuminate/Database/Connection.php(979): Illuminate/Database/Connection->runQueryCallback('select * from `...', Array, Object(Closure))
#12 C:/Users/Victus/supply-chain-platform/vendor/laravel/framework/src/Illuminate/Database/Connection.php(958): Illuminate/Database/Connection->tryAgainIfCausedByLostConnection(Object(Illuminate/Database/QueryException), 'select * from `...', Array, Object(Closure))
#13 C:/Users/Victus/supply-chain-platform/vendor/laravel/framework/src/Illuminate/Database/Connection.php(781): Illuminate/Database/Connection->handleQueryException(Object(Illuminate/Database/QueryException), 'select * from `...', Array, Object(Closure))
#14 C:/Users/Victus/supply-chain-platform/vendor/laravel/framework/src/Illuminate/Database/Connection.php(398): Illuminate/Database/Connection->run('select * from `...', Array, Object(Closure))
#15 C:/Users/Victus/supply-chain-platform/vendor/laravel/framework/src/Illuminate/Database/Query/Builder.php(3106): Illuminate/Database/Connection->select('select * from `...', Array, true)
#16 C:/Users/Victus/supply-chain-platform/vendor/laravel/framework/src/Illuminate/Database/Query/Builder.php(3091): Illuminate/Database/Query/Builder->runSelect()
#17 C:/Users/Victus/supply-chain-platform/vendor/laravel/framework/src/Illuminate/Database/Query/Builder.php(3676): Illuminate/Database/Query/Builder->Illuminate/Database/Query/{closure}()
#18 C:/Users/Victus/supply-chain-platform/vendor/laravel/framework/src/Illuminate/Database/Query/Builder.php(3090): Illuminate/Database/Query/Builder->onceWithColumns(Array, Object(Closure))
#19 C:/Users/Victus/supply-chain-platform/vendor/laravel/framework/src/Illuminate/Database/Eloquent/Builder.php(811): Illuminate/Database/Query/Builder->get(Array)
#20 C:/Users/Victus/supply-chain-platform/vendor/laravel/framework/src/Illuminate/Database/Eloquent/Builder.php(793): Illuminate/Database/Eloquent/Builder->getModels(Array)
#21 C:/Users/Victus/supply-chain-platform/vendor/laravel/framework/src/Illuminate/Database/Concerns/BuildsQueries.php(343): Illuminate/Database/Eloquent/Builder->get(Array)
#22 C:/Users/Victus/supply-chain-platform/vendor/laravel/framework/src/Illuminate/Auth/EloquentUserProvider.php(139): Illuminate/Database/Eloquent/Builder->first()
#23 C:/Users/Victus/supply-chain-platform/vendor/laravel/framework/src/Illuminate/Auth/SessionGuard.php(415): Illuminate/Auth/EloquentUserProvider->retrieveByCredentials(Object(SensitiveParameterValue))
#24 C:/Users/Victus/supply-chain-platform/vendor/laravel/framework/src/Illuminate/Support/Timebox.php(34): Illuminate/Auth/SessionGuard->Illuminate/Auth/{closure}(Object(Illuminate/Support/Timebox))
#25 C:/Users/Victus/supply-chain-platform/vendor/laravel/framework/src/Illuminate/Auth/SessionGuard.php(412): Illuminate/Support/Timebox->call(Object(Closure), 200000)
#26 C:/Users/Victus/supply-chain-platform/vendor/laravel/framework/src/Illuminate/Auth/AuthManager.php(340): Illuminate/Auth/SessionGuard->attempt(Array, false)
#27 C:/Users/Victus/supply-chain-platform/vendor/laravel/framework/src/Illuminate/Support/Facades/Facade.php(361): Illuminate/Auth/AuthManager->__call('attempt', Array)
#28 C:/Users/Victus/supply-chain-platform/app/Http/Controllers/AuthController.php(26): Illuminate/Support/Facades/Facade::__callStatic('attempt', Array)
#29 C:/Users/Victus/supply-chain-platform/vendor/laravel/framework/src/Illuminate/Routing/ControllerDispatcher.php(47): App/Http/Controllers/AuthController->login(Object(Illuminate/Http/Request))
#30 C:/Users/Victus/supply-chain-platform/vendor/laravel/framework/src/Illuminate/Routing/Route.php(266): Illuminate/Routing/ControllerDispatcher->dispatch(Object(Illuminate/Routing/Route), Object(App/Http/Controllers/AuthController), 'login')
#31 C:/Users/Victus/supply-chain-platform/vendor/laravel/framework/src/Illuminate/Routing/Route.php(212): Illuminate/Routing/Route->runController()
#32 C:/Users/Victus/supply-chain-platform/vendor/laravel/framework/src/Illuminate/Routing/Router.php(808): Illuminate/Routing/Route->run()
#33 C:/Users/Victus/supply-chain-platform/vendor/laravel/framework/src/Illuminate/Pipeline/Pipeline.php(170): Illuminate/Routing/Router->Illuminate/Routing/{closure}(Object(Illuminate/Http/Request))
#34 C:/Users/Victus/supply-chain-platform/vendor/laravel/framework/src/Illuminate/Routing/Middleware/SubstituteBindings.php(51): Illuminate/Pipeline/Pipeline->Illuminate/Pipeline/{closure}(Object(Illuminate/Http/Request))
#35 C:/Users/Victus/supply-chain-platform/vendor/laravel/framework/src/Illuminate/Pipeline/Pipeline.php(209): Illuminate/Routing/Middleware/SubstituteBindings->handle(Object(Illuminate/Http/Request), Object(Closure))
#36 C:/Users/Victus/supply-chain-platform/vendor/laravel/framework/src/Illuminate/Foundation/Http/Middleware/VerifyCsrfToken.php(88): Illuminate/Pipeline/Pipeline->Illuminate/Pipeline/{closure}(Object(Illuminate/Http/Request))
#37 C:/Users/Victus/supply-chain-platform/vendor/laravel/framework/src/Illuminate/Pipeline/Pipeline.php(209): Illuminate/Foundation/Http/Middleware/VerifyCsrfToken->handle(Object(Illuminate/Http/Request), Object(Closure))
#38 C:/Users/Victus/supply-chain-platform/vendor/laravel/framework/src/Illuminate/View/Middleware/ShareErrorsFromSession.php(49): Illuminate/Pipeline/Pipeline->Illuminate/Pipeline/{closure}(Object(Illuminate/Http/Request))
#39 C:/Users/Victus/supply-chain-platform/vendor/laravel/framework/src/Illuminate/Pipeline/Pipeline.php(209): Illuminate/View/Middleware/ShareErrorsFromSession->handle(Object(Illuminate/Http/Request), Object(Closure))
#40 C:/Users/Victus/supply-chain-platform/vendor/laravel/framework/src/Illuminate/Session/Middleware/StartSession.php(121): Illuminate/Pipeline/Pipeline->Illuminate/Pipeline/{closure}(Object(Illuminate/Http/Request))
#41 C:/Users/Victus/supply-chain-platform/vendor/laravel/framework/src/Illuminate/Session/Middleware/StartSession.php(64): Illuminate/Session/Middleware/StartSession->handleStatefulRequest(Object(Illuminate/Http/Request), Object(Illuminate/Session/Store), Object(Closure))
#42 C:/Users/Victus/supply-chain-platform/vendor/laravel/framework/src/Illuminate/Pipeline/Pipeline.php(209): Illuminate/Session/Middleware/StartSession->handle(Object(Illuminate/Http/Request), Object(Closure))
#43 C:/Users/Victus/supply-chain-platform/vendor/laravel/framework/src/Illuminate/Cookie/Middleware/AddQueuedCookiesToResponse.php(37): Illuminate/Pipeline/Pipeline->Illuminate/Pipeline/{closure}(Object(Illuminate/Http/Request))
#44 C:/Users/Victus/supply-chain-platform/vendor/laravel/framework/src/Illuminate/Pipeline/Pipeline.php(209): Illuminate/Cookie/Middleware/AddQueuedCookiesToResponse->handle(Object(Illuminate/Http/Request), Object(Closure))
#45 C:/Users/Victus/supply-chain-platform/vendor/laravel/framework/src/Illuminate/Cookie/Middleware/EncryptCookies.php(75): Illuminate/Pipeline/Pipeline->Illuminate/Pipeline/{closure}(Object(Illuminate/Http/Request))
#46 C:/Users/Victus/supply-chain-platform/vendor/laravel/framework/src/Illuminate/Pipeline/Pipeline.php(209): Illuminate/Cookie/Middleware/EncryptCookies->handle(Object(Illuminate/Http/Request), Object(Closure))
#47 C:/Users/Victus/supply-chain-platform/vendor/laravel/framework/src/Illuminate/Pipeline/Pipeline.php(127): Illuminate/Pipeline/Pipeline->Illuminate/Pipeline/{closure}(Object(Illuminate/Http/Request))
#48 C:/Users/Victus/supply-chain-platform/vendor/laravel/framework/src/Illuminate/Routing/Router.php(807): Illuminate/Pipeline/Pipeline->then(Object(Closure))
#49 C:/Users/Victus/supply-chain-platform/vendor/laravel/framework/src/Illuminate/Routing/Router.php(786): Illuminate/Routing/Router->runRouteWithinStack(Object(Illuminate/Routing/Route), Object(Illuminate/Http/Request))
#50 C:/Users/Victus/supply-chain-platform/vendor/laravel/framework/src/Illuminate/Routing/Router.php(750): Illuminate/Routing/Router->runRoute(Object(Illuminate/Http/Request), Object(Illuminate/Routing/Route))
#51 C:/Users/Victus/supply-chain-platform/vendor/laravel/framework/src/Illuminate/Routing/Router.php(739): Illuminate/Routing/Router->dispatchToRoute(Object(Illuminate/Http/Request))
#52 C:/Users/Victus/supply-chain-platform/vendor/laravel/framework/src/Illuminate/Foundation/Http/Kernel.php(201): Illuminate/Routing/Router->dispatch(Object(Illuminate/Http/Request))
#53 C:/Users/Victus/supply-chain-platform/vendor/laravel/framework/src/Illuminate/Pipeline/Pipeline.php(170): Illuminate/Foundation/Http/Kernel->Illuminate/Foundation/Http/{closure}(Object(Illuminate/Http/Request))
#54 C:/Users/Victus/supply-chain-platform/app/Http/Middleware/CopyrightMiddleware.php(16): Illuminate/Pipeline/Pipeline->Illuminate/Pipeline/{closure}(Object(Illuminate/Http/Request))
#55 C:/Users/Victus/supply-chain-platform/vendor/laravel/framework/src/Illuminate/Pipeline/Pipeline.php(209): App/Http/Middleware/CopyrightMiddleware->handle(Object(Illuminate/Http/Request), Object(Closure))
#56 C:/Users/Victus/supply-chain-platform/vendor/laravel/framework/src/Illuminate/Foundation/Http/Middleware/TransformsRequest.php(21): Illuminate/Pipeline/Pipeline->Illuminate/Pipeline/{closure}(Object(Illuminate/Http/Request))
#57 C:/Users/Victus/supply-chain-platform/vendor/laravel/framework/src/Illuminate/Foundation/Http/Middleware/ConvertEmptyStringsToNull.php(31): Illuminate/Foundation/Http/Middleware/TransformsRequest->handle(Object(Illuminate/Http/Request), Object(Closure))
#58 C:/Users/Victus/supply-chain-platform/vendor/laravel/framework/src/Illuminate/Pipeline/Pipeline.php(209): Illuminate/Foundation/Http/Middleware/ConvertEmptyStringsToNull->handle(Object(Illuminate/Http/Request), Object(Closure))
#59 C:/Users/Victus/supply-chain-platform/vendor/laravel/framework/src/Illuminate/Foundation/Http/Middleware/TransformsRequest.php(21): Illuminate/Pipeline/Pipeline->Illuminate/Pipeline/{closure}(Object(Illuminate/Http/Request))
#60 C:/Users/Victus/supply-chain-platform/vendor/laravel/framework/src/Illuminate/Foundation/Http/Middleware/TrimStrings.php(51): Illuminate/Foundation/Http/Middleware/TransformsRequest->handle(Object(Illuminate/Http/Request), Object(Closure))
#61 C:/Users/Victus/supply-chain-platform/vendor/laravel/framework/src/Illuminate/Pipeline/Pipeline.php(209): Illuminate/Foundation/Http/Middleware/TrimStrings->handle(Object(Illuminate/Http/Request), Object(Closure))
#62 C:/Users/Victus/supply-chain-platform/vendor/laravel/framework/src/Illuminate/Http/Middleware/ValidatePostSize.php(27): Illuminate/Pipeline/Pipeline->Illuminate/Pipeline/{closure}(Object(Illuminate/Http/Request))
#63 C:/Users/Victus/supply-chain-platform/vendor/laravel/framework/src/Illuminate/Pipeline/Pipeline.php(209): Illuminate/Http/Middleware/ValidatePostSize->handle(Object(Illuminate/Http/Request), Object(Closure))
#64 C:/Users/Victus/supply-chain-platform/vendor/laravel/framework/src/Illuminate/Foundation/Http/Middleware/PreventRequestsDuringMaintenance.php(110): Illuminate/Pipeline/Pipeline->Illuminate/Pipeline/{closure}(Object(Illuminate/Http/Request))
#65 C:/Users/Victus/supply-chain-platform/vendor/laravel/framework/src/Illuminate/Pipeline/Pipeline.php(209): Illuminate/Foundation/Http/Middleware/PreventRequestsDuringMaintenance->handle(Object(Illuminate/Http/Request), Object(Closure))
#66 C:/Users/Victus/supply-chain-platform/vendor/laravel/framework/src/Illuminate/Http/Middleware/HandleCors.php(49): Illuminate/Pipeline/Pipeline->Illuminate/Pipeline/{closure}(Object(Illuminate/Http/Request))
#67 C:/Users/Victus/supply-chain-platform/vendor/laravel/framework/src/Illuminate/Pipeline/Pipeline.php(209): Illuminate/Http/Middleware/HandleCors->handle(Object(Illuminate/Http/Request), Object(Closure))
#68 C:/Users/Victus/supply-chain-platform/vendor/laravel/framework/src/Illuminate/Http/Middleware/TrustProxies.php(58): Illuminate/Pipeline/Pipeline->Illuminate/Pipeline/{closure}(Object(Illuminate/Http/Request))
#69 C:/Users/Victus/supply-chain-platform/vendor/laravel/framework/src/Illuminate/Pipeline/Pipeline.php(209): Illuminate/Http/Middleware/TrustProxies->handle(Object(Illuminate/Http/Request), Object(Closure))
#70 C:/Users/Victus/supply-chain-platform/vendor/laravel/framework/src/Illuminate/Foundation/Http/Middleware/InvokeDeferredCallbacks.php(22): Illuminate/Pipeline/Pipeline->Illuminate/Pipeline/{closure}(Object(Illuminate/Http/Request))
#71 C:/Users/Victus/supply-chain-platform/vendor/laravel/framework/src/Illuminate/Pipeline/Pipeline.php(209): Illuminate/Foundation/Http/Middleware/InvokeDeferredCallbacks->handle(Object(Illuminate/Http/Request), Object(Closure))
#72 C:/Users/Victus/supply-chain-platform/vendor/laravel/framework/src/Illuminate/Pipeline/Pipeline.php(127): Illuminate/Pipeline/Pipeline->Illuminate/Pipeline/{closure}(Object(Illuminate/Http/Request))
#73 C:/Users/Victus/supply-chain-platform/vendor/laravel/framework/src/Illuminate/Foundation/Http/Kernel.php(176): Illuminate/Pipeline/Pipeline->then(Object(Closure))
#74 C:/Users/Victus/supply-chain-platform/vendor/laravel/framework/src/Illuminate/Foundation/Http/Kernel.php(145): Illuminate/Foundation/Http/Kernel->sendRequestThroughRouter(Object(Illuminate/Http/Request))
#75 C:/Users/Victus/supply-chain-platform/vendor/laravel/framework/src/Illuminate/Foundation/Application.php(1220): Illuminate/Foundation/Http/Kernel->handle(Object(Illuminate/Http/Request))
#76 C:/Users/Victus/supply-chain-platform/public/index.php(20): Illuminate/Foundation/Application->handleRequest(Object(Illuminate/Http/Request))
#77 C:/Users/Victus/supply-chain-platform/vendor/laravel/framework/src/Illuminate/Foundation/resources/server.php(23): require_once('C://Users//Victus...')
#78 {main}
"} 
[2026-07-20 20:32:10] local.ERROR: SQLSTATE[HY000] [2002] No connection could be made because the target machine actively refused it (Connection: mysql, SQL: select exists (select 1 from information_schema.tables where table_schema = 'supply_chain_db' and table_name = 'migrations' and table_type in ('BASE TABLE', 'SYSTEM VERSIONED')) as `exists`) {"exception":"[object] (Illuminate\\Database\\QueryException(code: 2002): SQLSTATE[HY000] [2002] No connection could be made because the target machine actively refused it (Connection: mysql, SQL: select exists (select 1 from information_schema.tables where table_schema = 'supply_chain_db' and table_name = 'migrations' and table_type in ('BASE TABLE', 'SYSTEM VERSIONED')) as `exists`) at C:/Users/Victus/supply-chain-platform/vendor/laravel/framework/src/Illuminate/Database/Connection.php:825)
[stacktrace]
#0 C:/Users/Victus/supply-chain-platform/vendor/laravel/framework/src/Illuminate/Database/Connection.php(979): Illuminate/Database/Connection->runQueryCallback('select exists (...', Array, Object(Closure))
#1 C:/Users/Victus/supply-chain-platform/vendor/laravel/framework/src/Illuminate/Database/Connection.php(958): Illuminate/Database/Connection->tryAgainIfCausedByLostConnection(Object(Illuminate/Database/QueryException), 'select exists (...', Array, Object(Closure))
#2 C:/Users/Victus/supply-chain-platform/vendor/laravel/framework/src/Illuminate/Database/Connection.php(781): Illuminate/Database/Connection->handleQueryException(Object(Illuminate/Database/QueryException), 'select exists (...', Array, Object(Closure))
#3 C:/Users/Victus/supply-chain-platform/vendor/laravel/framework/src/Illuminate/Database/Connection.php(398): Illuminate/Database/Connection->run('select exists (...', Array, Object(Closure))
#4 C:/Users/Victus/supply-chain-platform/vendor/laravel/framework/src/Illuminate/Database/Connection.php(344): Illuminate/Database/Connection->select('select exists (...', Array, true)
#5 C:/Users/Victus/supply-chain-platform/vendor/laravel/framework/src/Illuminate/Database/Connection.php(361): Illuminate/Database/Connection->selectOne('select exists (...', Array, true)
#6 C:/Users/Victus/supply-chain-platform/vendor/laravel/framework/src/Illuminate/Database/Schema/MySqlBuilder.php(45): Illuminate/Database/Connection->scalar('select exists (...')
#7 C:/Users/Victus/supply-chain-platform/vendor/laravel/framework/src/Illuminate/Database/Migrations/DatabaseMigrationRepository.php(184): Illuminate/Database/Schema/MySqlBuilder->hasTable('migrations')
#8 C:/Users/Victus/supply-chain-platform/vendor/laravel/framework/src/Illuminate/Database/Migrations/Migrator.php(742): Illuminate/Database/Migrations/DatabaseMigrationRepository->repositoryExists()
#9 C:/Users/Victus/supply-chain-platform/vendor/laravel/framework/src/Illuminate/Database/Console/Migrations/MigrateCommand.php(165): Illuminate/Database/Migrations/Migrator->repositoryExists()
#10 C:/Users/Victus/supply-chain-platform/vendor/laravel/framework/src/Illuminate/Support/helpers.php(338): Illuminate/Database/Console/Migrations/MigrateCommand->Illuminate/Database/Console/Migrations/{closure}(1)
#11 C:/Users/Victus/supply-chain-platform/vendor/laravel/framework/src/Illuminate/Database/Console/Migrations/MigrateCommand.php(165): retry(1, Object(Closure), 0, Object(Closure))
#12 C:/Users/Victus/supply-chain-platform/vendor/laravel/framework/src/Illuminate/Database/Console/Migrations/MigrateCommand.php(141): Illuminate/Database/Console/Migrations/MigrateCommand->repositoryExists()
#13 C:/Users/Victus/supply-chain-platform/vendor/laravel/framework/src/Illuminate/Database/Console/Migrations/MigrateCommand.php(111): Illuminate/Database/Console/Migrations/MigrateCommand->prepareDatabase()
#14 C:/Users/Victus/supply-chain-platform/vendor/laravel/framework/src/Illuminate/Database/Migrations/Migrator.php(658): Illuminate/Database/Console/Migrations/MigrateCommand->Illuminate/Database/Console/Migrations/{closure}()
#15 C:/Users/Victus/supply-chain-platform/vendor/laravel/framework/src/Illuminate/Database/Console/Migrations/MigrateCommand.php(110): Illuminate/Database/Migrations/Migrator->usingConnection(NULL, Object(Closure))
#16 C:/Users/Victus/supply-chain-platform/vendor/laravel/framework/src/Illuminate/Database/Console/Migrations/MigrateCommand.php(89): Illuminate/Database/Console/Migrations/MigrateCommand->runMigrations()
#17 C:/Users/Victus/supply-chain-platform/vendor/laravel/framework/src/Illuminate/Container/BoundMethod.php(36): Illuminate/Database/Console/Migrations/MigrateCommand->handle()
#18 C:/Users/Victus/supply-chain-platform/vendor/laravel/framework/src/Illuminate/Container/Util.php(43): Illuminate/Container/BoundMethod::Illuminate/Container/{closure}()
#19 C:/Users/Victus/supply-chain-platform/vendor/laravel/framework/src/Illuminate/Container/BoundMethod.php(95): Illuminate/Container/Util::unwrapIfClosure(Object(Closure))
#20 C:/Users/Victus/supply-chain-platform/vendor/laravel/framework/src/Illuminate/Container/BoundMethod.php(35): Illuminate/Container/BoundMethod::callBoundMethod(Object(Illuminate/Foundation/Application), Array, Object(Closure))
#21 C:/Users/Victus/supply-chain-platform/vendor/laravel/framework/src/Illuminate/Container/Container.php(696): Illuminate/Container/BoundMethod::call(Object(Illuminate/Foundation/Application), Array, Array, NULL)
#22 C:/Users/Victus/supply-chain-platform/vendor/laravel/framework/src/Illuminate/Console/Command.php(213): Illuminate/Container/Container->call(Array)
#23 C:/Users/Victus/supply-chain-platform/vendor/symfony/console/Command/Command.php(341): Illuminate/Console/Command->execute(Object(Symfony/Component/Console/Input/ArgvInput), Object(Illuminate/Console/OutputStyle))
#24 C:/Users/Victus/supply-chain-platform/vendor/laravel/framework/src/Illuminate/Console/Command.php(182): Symfony/Component/Console/Command/Command->run(Object(Symfony/Component/Console/Input/ArgvInput), Object(Illuminate/Console/OutputStyle))
#25 C:/Users/Victus/supply-chain-platform/vendor/symfony/console/Application.php(1117): Illuminate/Console/Command->run(Object(Symfony/Component/Console/Input/ArgvInput), Object(Symfony/Component/Console/Output/ConsoleOutput))
#26 C:/Users/Victus/supply-chain-platform/vendor/symfony/console/Application.php(356): Symfony/Component/Console/Application->doRunCommand(Object(Illuminate/Database/Console/Migrations/MigrateCommand), Object(Symfony/Component/Console/Input/ArgvInput), Object(Symfony/Component/Console/Output/ConsoleOutput))
#27 C:/Users/Victus/supply-chain-platform/vendor/symfony/console/Application.php(195): Symfony/Component/Console/Application->doRun(Object(Symfony/Component/Console/Input/ArgvInput), Object(Symfony/Component/Console/Output/ConsoleOutput))
#28 C:/Users/Victus/supply-chain-platform/vendor/laravel/framework/src/Illuminate/Foundation/Console/Kernel.php(198): Symfony/Component/Console/Application->run(Object(Symfony/Component/Console/Input/ArgvInput), Object(Symfony/Component/Console/Output/ConsoleOutput))
#29 C:/Users/Victus/supply-chain-platform/vendor/laravel/framework/src/Illuminate/Foundation/Application.php(1235): Illuminate/Foundation/Console/Kernel->handle(Object(Symfony/Component/Console/Input/ArgvInput), Object(Symfony/Component/Console/Output/ConsoleOutput))
#30 C:/Users/Victus/supply-chain-platform/artisan(17): Illuminate/Foundation/Application->handleCommand(Object(Symfony/Component/Console/Input/ArgvInput))
#31 {main}

[previous exception] [object] (PDOException(code: 2002): SQLSTATE[HY000] [2002] No connection could be made because the target machine actively refused it at C:/Users/Victus/supply-chain-platform/vendor/laravel/framework/src/Illuminate/Database/Connectors/Connector.php:66)
[stacktrace]
#0 C:/Users/Victus/supply-chain-platform/vendor/laravel/framework/src/Illuminate/Database/Connectors/Connector.php(66): PDO->__construct('mysql:host=127....', 'root', Object(SensitiveParameterValue), Array)
#1 C:/Users/Victus/supply-chain-platform/vendor/laravel/framework/src/Illuminate/Database/Connectors/Connector.php(85): Illuminate/Database/Connectors/Connector->createPdoConnection('mysql:host=127....', 'root', Object(SensitiveParameterValue), Array)
#2 C:/Users/Victus/supply-chain-platform/vendor/laravel/framework/src/Illuminate/Database/Connectors/Connector.php(48): Illuminate/Database/Connectors/Connector->tryAgainIfCausedByLostConnection(Object(PDOException), 'mysql:host=127....', 'root', Object(SensitiveParameterValue), Array)
#3 C:/Users/Victus/supply-chain-platform/vendor/laravel/framework/src/Illuminate/Database/Connectors/MySqlConnector.php(24): Illuminate/Database/Connectors/Connector->createConnection('mysql:host=127....', Array, Array)
#4 C:/Users/Victus/supply-chain-platform/vendor/laravel/framework/src/Illuminate/Database/Connectors/ConnectionFactory.php(185): Illuminate/Database/Connectors/MySqlConnector->connect(Array)
#5 [internal function]: Illuminate/Database/Connectors/ConnectionFactory->Illuminate/Database/Connectors/{closure}()
#6 C:/Users/Victus/supply-chain-platform/vendor/laravel/framework/src/Illuminate/Database/Connection.php(1231): call_user_func(Object(Closure))
#7 C:/Users/Victus/supply-chain-platform/vendor/laravel/framework/src/Illuminate/Database/Connection.php(1267): Illuminate/Database/Connection->getPdo()
#8 C:/Users/Victus/supply-chain-platform/vendor/laravel/framework/src/Illuminate/Database/Connection.php(512): Illuminate/Database/Connection->getReadPdo()
#9 C:/Users/Victus/supply-chain-platform/vendor/laravel/framework/src/Illuminate/Database/Connection.php(407): Illuminate/Database/Connection->getPdoForSelect(true)
#10 C:/Users/Victus/supply-chain-platform/vendor/laravel/framework/src/Illuminate/Database/Connection.php(812): Illuminate/Database/Connection->Illuminate/Database/{closure}('select exists (...', Array)
#11 C:/Users/Victus/supply-chain-platform/vendor/laravel/framework/src/Illuminate/Database/Connection.php(979): Illuminate/Database/Connection->runQueryCallback('select exists (...', Array, Object(Closure))
#12 C:/Users/Victus/supply-chain-platform/vendor/laravel/framework/src/Illuminate/Database/Connection.php(958): Illuminate/Database/Connection->tryAgainIfCausedByLostConnection(Object(Illuminate/Database/QueryException), 'select exists (...', Array, Object(Closure))
#13 C:/Users/Victus/supply-chain-platform/vendor/laravel/framework/src/Illuminate/Database/Connection.php(781): Illuminate/Database/Connection->handleQueryException(Object(Illuminate/Database/QueryException), 'select exists (...', Array, Object(Closure))
#14 C:/Users/Victus/supply-chain-platform/vendor/laravel/framework/src/Illuminate/Database/Connection.php(398): Illuminate/Database/Connection->run('select exists (...', Array, Object(Closure))
#15 C:/Users/Victus/supply-chain-platform/vendor/laravel/framework/src/Illuminate/Database/Connection.php(344): Illuminate/Database/Connection->select('select exists (...', Array, true)
#16 C:/Users/Victus/supply-chain-platform/vendor/laravel/framework/src/Illuminate/Database/Connection.php(361): Illuminate/Database/Connection->selectOne('select exists (...', Array, true)
#17 C:/Users/Victus/supply-chain-platform/vendor/laravel/framework/src/Illuminate/Database/Schema/MySqlBuilder.php(45): Illuminate/Database/Connection->scalar('select exists (...')
#18 C:/Users/Victus/supply-chain-platform/vendor/laravel/framework/src/Illuminate/Database/Migrations/DatabaseMigrationRepository.php(184): Illuminate/Database/Schema/MySqlBuilder->hasTable('migrations')
#19 C:/Users/Victus/supply-chain-platform/vendor/laravel/framework/src/Illuminate/Database/Migrations/Migrator.php(742): Illuminate/Database/Migrations/DatabaseMigrationRepository->repositoryExists()
#20 C:/Users/Victus/supply-chain-platform/vendor/laravel/framework/src/Illuminate/Database/Console/Migrations/MigrateCommand.php(165): Illuminate/Database/Migrations/Migrator->repositoryExists()
#21 C:/Users/Victus/supply-chain-platform/vendor/laravel/framework/src/Illuminate/Support/helpers.php(338): Illuminate/Database/Console/Migrations/MigrateCommand->Illuminate/Database/Console/Migrations/{closure}(1)
#22 C:/Users/Victus/supply-chain-platform/vendor/laravel/framework/src/Illuminate/Database/Console/Migrations/MigrateCommand.php(165): retry(1, Object(Closure), 0, Object(Closure))
#23 C:/Users/Victus/supply-chain-platform/vendor/laravel/framework/src/Illuminate/Database/Console/Migrations/MigrateCommand.php(141): Illuminate/Database/Console/Migrations/MigrateCommand->repositoryExists()
#24 C:/Users/Victus/supply-chain-platform/vendor/laravel/framework/src/Illuminate/Database/Console/Migrations/MigrateCommand.php(111): Illuminate/Database/Console/Migrations/MigrateCommand->prepareDatabase()
#25 C:/Users/Victus/supply-chain-platform/vendor/laravel/framework/src/Illuminate/Database/Migrations/Migrator.php(658): Illuminate/Database/Console/Migrations/MigrateCommand->Illuminate/Database/Console/Migrations/{closure}()
#26 C:/Users/Victus/supply-chain-platform/vendor/laravel/framework/src/Illuminate/Database/Console/Migrations/MigrateCommand.php(110): Illuminate/Database/Migrations/Migrator->usingConnection(NULL, Object(Closure))
#27 C:/Users/Victus/supply-chain-platform/vendor/laravel/framework/src/Illuminate/Database/Console/Migrations/MigrateCommand.php(89): Illuminate/Database/Console/Migrations/MigrateCommand->runMigrations()
#28 C:/Users/Victus/supply-chain-platform/vendor/laravel/framework/src/Illuminate/Container/BoundMethod.php(36): Illuminate/Database/Console/Migrations/MigrateCommand->handle()
#29 C:/Users/Victus/supply-chain-platform/vendor/laravel/framework/src/Illuminate/Container/Util.php(43): Illuminate/Container/BoundMethod::Illuminate/Container/{closure}()
#30 C:/Users/Victus/supply-chain-platform/vendor/laravel/framework/src/Illuminate/Container/BoundMethod.php(95): Illuminate/Container/Util::unwrapIfClosure(Object(Closure))
#31 C:/Users/Victus/supply-chain-platform/vendor/laravel/framework/src/Illuminate/Container/BoundMethod.php(35): Illuminate/Container/BoundMethod::callBoundMethod(Object(Illuminate/Foundation/Application), Array, Object(Closure))
#32 C:/Users/Victus/supply-chain-platform/vendor/laravel/framework/src/Illuminate/Container/Container.php(696): Illuminate/Container/BoundMethod::call(Object(Illuminate/Foundation/Application), Array, Array, NULL)
#33 C:/Users/Victus/supply-chain-platform/vendor/laravel/framework/src/Illuminate/Console/Command.php(213): Illuminate/Container/Container->call(Array)
#34 C:/Users/Victus/supply-chain-platform/vendor/symfony/console/Command/Command.php(341): Illuminate/Console/Command->execute(Object(Symfony/Component/Console/Input/ArgvInput), Object(Illuminate/Console/OutputStyle))
#35 C:/Users/Victus/supply-chain-platform/vendor/laravel/framework/src/Illuminate/Console/Command.php(182): Symfony/Component/Console/Command/Command->run(Object(Symfony/Component/Console/Input/ArgvInput), Object(Illuminate/Console/OutputStyle))
#36 C:/Users/Victus/supply-chain-platform/vendor/symfony/console/Application.php(1117): Illuminate/Console/Command->run(Object(Symfony/Component/Console/Input/ArgvInput), Object(Symfony/Component/Console/Output/ConsoleOutput))
#37 C:/Users/Victus/supply-chain-platform/vendor/symfony/console/Application.php(356): Symfony/Component/Console/Application->doRunCommand(Object(Illuminate/Database/Console/Migrations/MigrateCommand), Object(Symfony/Component/Console/Input/ArgvInput), Object(Symfony/Component/Console/Output/ConsoleOutput))
#38 C:/Users/Victus/supply-chain-platform/vendor/symfony/console/Application.php(195): Symfony/Component/Console/Application->doRun(Object(Symfony/Component/Console/Input/ArgvInput), Object(Symfony/Component/Console/Output/ConsoleOutput))
#39 C:/Users/Victus/supply-chain-platform/vendor/laravel/framework/src/Illuminate/Foundation/Console/Kernel.php(198): Symfony/Component/Console/Application->run(Object(Symfony/Component/Console/Input/ArgvInput), Object(Symfony/Component/Console/Output/ConsoleOutput))
#40 C:/Users/Victus/supply-chain-platform/vendor/laravel/framework/src/Illuminate/Foundation/Application.php(1235): Illuminate/Foundation/Console/Kernel->handle(Object(Symfony/Component/Console/Input/ArgvInput), Object(Symfony/Component/Console/Output/ConsoleOutput))
#41 C:/Users/Victus/supply-chain-platform/artisan(17): Illuminate/Foundation/Application->handleCommand(Object(Symfony/Component/Console/Input/ArgvInput))
#42 {main}
"} 
[2026-07-20 20:33:03] local.ERROR: SQLSTATE[HY000] [2002] No connection could be made because the target machine actively refused it (Connection: mysql, SQL: select count(*) as aggregate from `users` where `email` = raihananas1607@gmail.com) {"exception":"[object] (Illuminate\\Database\\QueryException(code: 2002): SQLSTATE[HY000] [2002] No connection could be made because the target machine actively refused it (Connection: mysql, SQL: select count(*) as aggregate from `users` where `email` = raihananas1607@gmail.com) at C:/Users/Victus/supply-chain-platform/vendor/laravel/framework/src/Illuminate/Database/Connection.php:825)
[stacktrace]
#0 C:/Users/Victus/supply-chain-platform/vendor/laravel/framework/src/Illuminate/Database/Connection.php(979): Illuminate/Database/Connection->runQueryCallback('select count(*)...', Array, Object(Closure))
#1 C:/Users/Victus/supply-chain-platform/vendor/laravel/framework/src/Illuminate/Database/Connection.php(958): Illuminate/Database/Connection->tryAgainIfCausedByLostConnection(Object(Illuminate/Database/QueryException), 'select count(*)...', Array, Object(Closure))
#2 C:/Users/Victus/supply-chain-platform/vendor/laravel/framework/src/Illuminate/Database/Connection.php(781): Illuminate/Database/Connection->handleQueryException(Object(Illuminate/Database/QueryException), 'select count(*)...', Array, Object(Closure))
#3 C:/Users/Victus/supply-chain-platform/vendor/laravel/framework/src/Illuminate/Database/Connection.php(398): Illuminate/Database/Connection->run('select count(*)...', Array, Object(Closure))
#4 C:/Users/Victus/supply-chain-platform/vendor/laravel/framework/src/Illuminate/Database/Query/Builder.php(3106): Illuminate/Database/Connection->select('select count(*)...', Array, false)
#5 C:/Users/Victus/supply-chain-platform/vendor/laravel/framework/src/Illuminate/Database/Query/Builder.php(3091): Illuminate/Database/Query/Builder->runSelect()
#6 C:/Users/Victus/supply-chain-platform/vendor/laravel/framework/src/Illuminate/Database/Query/Builder.php(3676): Illuminate/Database/Query/Builder->Illuminate/Database/Query/{closure}()
#7 C:/Users/Victus/supply-chain-platform/vendor/laravel/framework/src/Illuminate/Database/Query/Builder.php(3090): Illuminate/Database/Query/Builder->onceWithColumns(Array, Object(Closure))
#8 C:/Users/Victus/supply-chain-platform/vendor/laravel/framework/src/Illuminate/Database/Query/Builder.php(3603): Illuminate/Database/Query/Builder->get(Array)
#9 C:/Users/Victus/supply-chain-platform/vendor/laravel/framework/src/Illuminate/Database/Query/Builder.php(3531): Illuminate/Database/Query/Builder->aggregate('count', Array)
#10 C:/Users/Victus/supply-chain-platform/vendor/laravel/framework/src/Illuminate/Validation/DatabasePresenceVerifier.php(54): Illuminate/Database/Query/Builder->count()
#11 C:/Users/Victus/supply-chain-platform/vendor/laravel/framework/src/Illuminate/Validation/Concerns/ValidatesAttributes.php(1033): Illuminate/Validation/DatabasePresenceVerifier->getCount('users', 'email', 'raihananas1607@...', NULL, NULL, Array)
#12 C:/Users/Victus/supply-chain-platform/vendor/laravel/framework/src/Illuminate/Validation/Validator.php(686): Illuminate/Validation/Validator->validateUnique('email', 'raihananas1607@...', Array, Object(Illuminate/Validation/Validator))
#13 C:/Users/Victus/supply-chain-platform/vendor/laravel/framework/src/Illuminate/Validation/Validator.php(481): Illuminate/Validation/Validator->validateAttribute('email', 'Unique')
#14 C:/Users/Victus/supply-chain-platform/vendor/laravel/framework/src/Illuminate/Validation/Validator.php(516): Illuminate/Validation/Validator->passes()
#15 C:/Users/Victus/supply-chain-platform/vendor/laravel/framework/src/Illuminate/Validation/Validator.php(558): Illuminate/Validation/Validator->fails()
#16 C:/Users/Victus/supply-chain-platform/vendor/laravel/framework/src/Illuminate/Foundation/Providers/FoundationServiceProvider.php(155): Illuminate/Validation/Validator->validate()
#17 C:/Users/Victus/supply-chain-platform/vendor/laravel/framework/src/Illuminate/Macroable/Traits/Macroable.php(126): Illuminate/Http/Request->Illuminate/Foundation/Providers/{closure}(Array)
#18 C:/Users/Victus/supply-chain-platform/app/Http/Controllers/AuthController.php(45): Illuminate/Http/Request->__call('validate', Array)
#19 C:/Users/Victus/supply-chain-platform/vendor/laravel/framework/src/Illuminate/Routing/ControllerDispatcher.php(47): App/Http/Controllers/AuthController->register(Object(Illuminate/Http/Request))
#20 C:/Users/Victus/supply-chain-platform/vendor/laravel/framework/src/Illuminate/Routing/Route.php(266): Illuminate/Routing/ControllerDispatcher->dispatch(Object(Illuminate/Routing/Route), Object(App/Http/Controllers/AuthController), 'register')
#21 C:/Users/Victus/supply-chain-platform/vendor/laravel/framework/src/Illuminate/Routing/Route.php(212): Illuminate/Routing/Route->runController()
#22 C:/Users/Victus/supply-chain-platform/vendor/laravel/framework/src/Illuminate/Routing/Router.php(808): Illuminate/Routing/Route->run()
#23 C:/Users/Victus/supply-chain-platform/vendor/laravel/framework/src/Illuminate/Pipeline/Pipeline.php(170): Illuminate/Routing/Router->Illuminate/Routing/{closure}(Object(Illuminate/Http/Request))
#24 C:/Users/Victus/supply-chain-platform/vendor/laravel/framework/src/Illuminate/Routing/Middleware/SubstituteBindings.php(51): Illuminate/Pipeline/Pipeline->Illuminate/Pipeline/{closure}(Object(Illuminate/Http/Request))
#25 C:/Users/Victus/supply-chain-platform/vendor/laravel/framework/src/Illuminate/Pipeline/Pipeline.php(209): Illuminate/Routing/Middleware/SubstituteBindings->handle(Object(Illuminate/Http/Request), Object(Closure))
#26 C:/Users/Victus/supply-chain-platform/vendor/laravel/framework/src/Illuminate/Foundation/Http/Middleware/VerifyCsrfToken.php(88): Illuminate/Pipeline/Pipeline->Illuminate/Pipeline/{closure}(Object(Illuminate/Http/Request))
#27 C:/Users/Victus/supply-chain-platform/vendor/laravel/framework/src/Illuminate/Pipeline/Pipeline.php(209): Illuminate/Foundation/Http/Middleware/VerifyCsrfToken->handle(Object(Illuminate/Http/Request), Object(Closure))
#28 C:/Users/Victus/supply-chain-platform/vendor/laravel/framework/src/Illuminate/View/Middleware/ShareErrorsFromSession.php(49): Illuminate/Pipeline/Pipeline->Illuminate/Pipeline/{closure}(Object(Illuminate/Http/Request))
#29 C:/Users/Victus/supply-chain-platform/vendor/laravel/framework/src/Illuminate/Pipeline/Pipeline.php(209): Illuminate/View/Middleware/ShareErrorsFromSession->handle(Object(Illuminate/Http/Request), Object(Closure))
#30 C:/Users/Victus/supply-chain-platform/vendor/laravel/framework/src/Illuminate/Session/Middleware/StartSession.php(121): Illuminate/Pipeline/Pipeline->Illuminate/Pipeline/{closure}(Object(Illuminate/Http/Request))
#31 C:/Users/Victus/supply-chain-platform/vendor/laravel/framework/src/Illuminate/Session/Middleware/StartSession.php(64): Illuminate/Session/Middleware/StartSession->handleStatefulRequest(Object(Illuminate/Http/Request), Object(Illuminate/Session/Store), Object(Closure))
#32 C:/Users/Victus/supply-chain-platform/vendor/laravel/framework/src/Illuminate/Pipeline/Pipeline.php(209): Illuminate/Session/Middleware/StartSession->handle(Object(Illuminate/Http/Request), Object(Closure))
#33 C:/Users/Victus/supply-chain-platform/vendor/laravel/framework/src/Illuminate/Cookie/Middleware/AddQueuedCookiesToResponse.php(37): Illuminate/Pipeline/Pipeline->Illuminate/Pipeline/{closure}(Object(Illuminate/Http/Request))
#34 C:/Users/Victus/supply-chain-platform/vendor/laravel/framework/src/Illuminate/Pipeline/Pipeline.php(209): Illuminate/Cookie/Middleware/AddQueuedCookiesToResponse->handle(Object(Illuminate/Http/Request), Object(Closure))
#35 C:/Users/Victus/supply-chain-platform/vendor/laravel/framework/src/Illuminate/Cookie/Middleware/EncryptCookies.php(75): Illuminate/Pipeline/Pipeline->Illuminate/Pipeline/{closure}(Object(Illuminate/Http/Request))
#36 C:/Users/Victus/supply-chain-platform/vendor/laravel/framework/src/Illuminate/Pipeline/Pipeline.php(209): Illuminate/Cookie/Middleware/EncryptCookies->handle(Object(Illuminate/Http/Request), Object(Closure))
#37 C:/Users/Victus/supply-chain-platform/vendor/laravel/framework/src/Illuminate/Pipeline/Pipeline.php(127): Illuminate/Pipeline/Pipeline->Illuminate/Pipeline/{closure}(Object(Illuminate/Http/Request))
#38 C:/Users/Victus/supply-chain-platform/vendor/laravel/framework/src/Illuminate/Routing/Router.php(807): Illuminate/Pipeline/Pipeline->then(Object(Closure))
#39 C:/Users/Victus/supply-chain-platform/vendor/laravel/framework/src/Illuminate/Routing/Router.php(786): Illuminate/Routing/Router->runRouteWithinStack(Object(Illuminate/Routing/Route), Object(Illuminate/Http/Request))
#40 C:/Users/Victus/supply-chain-platform/vendor/laravel/framework/src/Illuminate/Routing/Router.php(750): Illuminate/Routing/Router->runRoute(Object(Illuminate/Http/Request), Object(Illuminate/Routing/Route))
#41 C:/Users/Victus/supply-chain-platform/vendor/laravel/framework/src/Illuminate/Routing/Router.php(739): Illuminate/Routing/Router->dispatchToRoute(Object(Illuminate/Http/Request))
#42 C:/Users/Victus/supply-chain-platform/vendor/laravel/framework/src/Illuminate/Foundation/Http/Kernel.php(201): Illuminate/Routing/Router->dispatch(Object(Illuminate/Http/Request))
#43 C:/Users/Victus/supply-chain-platform/vendor/laravel/framework/src/Illuminate/Pipeline/Pipeline.php(170): Illuminate/Foundation/Http/Kernel->Illuminate/Foundation/Http/{closure}(Object(Illuminate/Http/Request))
#44 C:/Users/Victus/supply-chain-platform/app/Http/Middleware/CopyrightMiddleware.php(16): Illuminate/Pipeline/Pipeline->Illuminate/Pipeline/{closure}(Object(Illuminate/Http/Request))
#45 C:/Users/Victus/supply-chain-platform/vendor/laravel/framework/src/Illuminate/Pipeline/Pipeline.php(209): App/Http/Middleware/CopyrightMiddleware->handle(Object(Illuminate/Http/Request), Object(Closure))
#46 C:/Users/Victus/supply-chain-platform/vendor/laravel/framework/src/Illuminate/Foundation/Http/Middleware/TransformsRequest.php(21): Illuminate/Pipeline/Pipeline->Illuminate/Pipeline/{closure}(Object(Illuminate/Http/Request))
#47 C:/Users/Victus/supply-chain-platform/vendor/laravel/framework/src/Illuminate/Foundation/Http/Middleware/ConvertEmptyStringsToNull.php(31): Illuminate/Foundation/Http/Middleware/TransformsRequest->handle(Object(Illuminate/Http/Request), Object(Closure))
#48 C:/Users/Victus/supply-chain-platform/vendor/laravel/framework/src/Illuminate/Pipeline/Pipeline.php(209): Illuminate/Foundation/Http/Middleware/ConvertEmptyStringsToNull->handle(Object(Illuminate/Http/Request), Object(Closure))
#49 C:/Users/Victus/supply-chain-platform/vendor/laravel/framework/src/Illuminate/Foundation/Http/Middleware/TransformsRequest.php(21): Illuminate/Pipeline/Pipeline->Illuminate/Pipeline/{closure}(Object(Illuminate/Http/Request))
#50 C:/Users/Victus/supply-chain-platform/vendor/laravel/framework/src/Illuminate/Foundation/Http/Middleware/TrimStrings.php(51): Illuminate/Foundation/Http/Middleware/TransformsRequest->handle(Object(Illuminate/Http/Request), Object(Closure))
#51 C:/Users/Victus/supply-chain-platform/vendor/laravel/framework/src/Illuminate/Pipeline/Pipeline.php(209): Illuminate/Foundation/Http/Middleware/TrimStrings->handle(Object(Illuminate/Http/Request), Object(Closure))
#52 C:/Users/Victus/supply-chain-platform/vendor/laravel/framework/src/Illuminate/Http/Middleware/ValidatePostSize.php(27): Illuminate/Pipeline/Pipeline->Illuminate/Pipeline/{closure}(Object(Illuminate/Http/Request))
#53 C:/Users/Victus/supply-chain-platform/vendor/laravel/framework/src/Illuminate/Pipeline/Pipeline.php(209): Illuminate/Http/Middleware/ValidatePostSize->handle(Object(Illuminate/Http/Request), Object(Closure))
#54 C:/Users/Victus/supply-chain-platform/vendor/laravel/framework/src/Illuminate/Foundation/Http/Middleware/PreventRequestsDuringMaintenance.php(110): Illuminate/Pipeline/Pipeline->Illuminate/Pipeline/{closure}(Object(Illuminate/Http/Request))
#55 C:/Users/Victus/supply-chain-platform/vendor/laravel/framework/src/Illuminate/Pipeline/Pipeline.php(209): Illuminate/Foundation/Http/Middleware/PreventRequestsDuringMaintenance->handle(Object(Illuminate/Http/Request), Object(Closure))
#56 C:/Users/Victus/supply-chain-platform/vendor/laravel/framework/src/Illuminate/Http/Middleware/HandleCors.php(49): Illuminate/Pipeline/Pipeline->Illuminate/Pipeline/{closure}(Object(Illuminate/Http/Request))
#57 C:/Users/Victus/supply-chain-platform/vendor/laravel/framework/src/Illuminate/Pipeline/Pipeline.php(209): Illuminate/Http/Middleware/HandleCors->handle(Object(Illuminate/Http/Request), Object(Closure))
#58 C:/Users/Victus/supply-chain-platform/vendor/laravel/framework/src/Illuminate/Http/Middleware/TrustProxies.php(58): Illuminate/Pipeline/Pipeline->Illuminate/Pipeline/{closure}(Object(Illuminate/Http/Request))
#59 C:/Users/Victus/supply-chain-platform/vendor/laravel/framework/src/Illuminate/Pipeline/Pipeline.php(209): Illuminate/Http/Middleware/TrustProxies->handle(Object(Illuminate/Http/Request), Object(Closure))
#60 C:/Users/Victus/supply-chain-platform/vendor/laravel/framework/src/Illuminate/Foundation/Http/Middleware/InvokeDeferredCallbacks.php(22): Illuminate/Pipeline/Pipeline->Illuminate/Pipeline/{closure}(Object(Illuminate/Http/Request))
#61 C:/Users/Victus/supply-chain-platform/vendor/laravel/framework/src/Illuminate/Pipeline/Pipeline.php(209): Illuminate/Foundation/Http/Middleware/InvokeDeferredCallbacks->handle(Object(Illuminate/Http/Request), Object(Closure))
#62 C:/Users/Victus/supply-chain-platform/vendor/laravel/framework/src/Illuminate/Pipeline/Pipeline.php(127): Illuminate/Pipeline/Pipeline->Illuminate/Pipeline/{closure}(Object(Illuminate/Http/Request))
#63 C:/Users/Victus/supply-chain-platform/vendor/laravel/framework/src/Illuminate/Foundation/Http/Kernel.php(176): Illuminate/Pipeline/Pipeline->then(Object(Closure))
#64 C:/Users/Victus/supply-chain-platform/vendor/laravel/framework/src/Illuminate/Foundation/Http/Kernel.php(145): Illuminate/Foundation/Http/Kernel->sendRequestThroughRouter(Object(Illuminate/Http/Request))
#65 C:/Users/Victus/supply-chain-platform/vendor/laravel/framework/src/Illuminate/Foundation/Application.php(1220): Illuminate/Foundation/Http/Kernel->handle(Object(Illuminate/Http/Request))
#66 C:/Users/Victus/supply-chain-platform/public/index.php(20): Illuminate/Foundation/Application->handleRequest(Object(Illuminate/Http/Request))
#67 C:/Users/Victus/supply-chain-platform/vendor/laravel/framework/src/Illuminate/Foundation/resources/server.php(23): require_once('C://Users//Victus...')
#68 {main}

[previous exception] [object] (PDOException(code: 2002): SQLSTATE[HY000] [2002] No connection could be made because the target machine actively refused it at C:/Users/Victus/supply-chain-platform/vendor/laravel/framework/src/Illuminate/Database/Connectors/Connector.php:66)
[stacktrace]
#0 C:/Users/Victus/supply-chain-platform/vendor/laravel/framework/src/Illuminate/Database/Connectors/Connector.php(66): PDO->__construct('mysql:host=127....', 'root', Object(SensitiveParameterValue), Array)
#1 C:/Users/Victus/supply-chain-platform/vendor/laravel/framework/src/Illuminate/Database/Connectors/Connector.php(85): Illuminate/Database/Connectors/Connector->createPdoConnection('mysql:host=127....', 'root', Object(SensitiveParameterValue), Array)
#2 C:/Users/Victus/supply-chain-platform/vendor/laravel/framework/src/Illuminate/Database/Connectors/Connector.php(48): Illuminate/Database/Connectors/Connector->tryAgainIfCausedByLostConnection(Object(PDOException), 'mysql:host=127....', 'root', Object(SensitiveParameterValue), Array)
#3 C:/Users/Victus/supply-chain-platform/vendor/laravel/framework/src/Illuminate/Database/Connectors/MySqlConnector.php(24): Illuminate/Database/Connectors/Connector->createConnection('mysql:host=127....', Array, Array)
#4 C:/Users/Victus/supply-chain-platform/vendor/laravel/framework/src/Illuminate/Database/Connectors/ConnectionFactory.php(185): Illuminate/Database/Connectors/MySqlConnector->connect(Array)
#5 [internal function]: Illuminate/Database/Connectors/ConnectionFactory->Illuminate/Database/Connectors/{closure}()
#6 C:/Users/Victus/supply-chain-platform/vendor/laravel/framework/src/Illuminate/Database/Connection.php(1231): call_user_func(Object(Closure))
#7 C:/Users/Victus/supply-chain-platform/vendor/laravel/framework/src/Illuminate/Database/Connection.php(512): Illuminate/Database/Connection->getPdo()
#8 C:/Users/Victus/supply-chain-platform/vendor/laravel/framework/src/Illuminate/Database/Connection.php(407): Illuminate/Database/Connection->getPdoForSelect(false)
#9 C:/Users/Victus/supply-chain-platform/vendor/laravel/framework/src/Illuminate/Database/Connection.php(812): Illuminate/Database/Connection->Illuminate/Database/{closure}('select count(*)...', Array)
#10 C:/Users/Victus/supply-chain-platform/vendor/laravel/framework/src/Illuminate/Database/Connection.php(979): Illuminate/Database/Connection->runQueryCallback('select count(*)...', Array, Object(Closure))
#11 C:/Users/Victus/supply-chain-platform/vendor/laravel/framework/src/Illuminate/Database/Connection.php(958): Illuminate/Database/Connection->tryAgainIfCausedByLostConnection(Object(Illuminate/Database/QueryException), 'select count(*)...', Array, Object(Closure))
#12 C:/Users/Victus/supply-chain-platform/vendor/laravel/framework/src/Illuminate/Database/Connection.php(781): Illuminate/Database/Connection->handleQueryException(Object(Illuminate/Database/QueryException), 'select count(*)...', Array, Object(Closure))
#13 C:/Users/Victus/supply-chain-platform/vendor/laravel/framework/src/Illuminate/Database/Connection.php(398): Illuminate/Database/Connection->run('select count(*)...', Array, Object(Closure))
#14 C:/Users/Victus/supply-chain-platform/vendor/laravel/framework/src/Illuminate/Database/Query/Builder.php(3106): Illuminate/Database/Connection->select('select count(*)...', Array, false)
#15 C:/Users/Victus/supply-chain-platform/vendor/laravel/framework/src/Illuminate/Database/Query/Builder.php(3091): Illuminate/Database/Query/Builder->runSelect()
#16 C:/Users/Victus/supply-chain-platform/vendor/laravel/framework/src/Illuminate/Database/Query/Builder.php(3676): Illuminate/Database/Query/Builder->Illuminate/Database/Query/{closure}()
#17 C:/Users/Victus/supply-chain-platform/vendor/laravel/framework/src/Illuminate/Database/Query/Builder.php(3090): Illuminate/Database/Query/Builder->onceWithColumns(Array, Object(Closure))
#18 C:/Users/Victus/supply-chain-platform/vendor/laravel/framework/src/Illuminate/Database/Query/Builder.php(3603): Illuminate/Database/Query/Builder->get(Array)
#19 C:/Users/Victus/supply-chain-platform/vendor/laravel/framework/src/Illuminate/Database/Query/Builder.php(3531): Illuminate/Database/Query/Builder->aggregate('count', Array)
#20 C:/Users/Victus/supply-chain-platform/vendor/laravel/framework/src/Illuminate/Validation/DatabasePresenceVerifier.php(54): Illuminate/Database/Query/Builder->count()
#21 C:/Users/Victus/supply-chain-platform/vendor/laravel/framework/src/Illuminate/Validation/Concerns/ValidatesAttributes.php(1033): Illuminate/Validation/DatabasePresenceVerifier->getCount('users', 'email', 'raihananas1607@...', NULL, NULL, Array)
#22 C:/Users/Victus/supply-chain-platform/vendor/laravel/framework/src/Illuminate/Validation/Validator.php(686): Illuminate/Validation/Validator->validateUnique('email', 'raihananas1607@...', Array, Object(Illuminate/Validation/Validator))
#23 C:/Users/Victus/supply-chain-platform/vendor/laravel/framework/src/Illuminate/Validation/Validator.php(481): Illuminate/Validation/Validator->validateAttribute('email', 'Unique')
#24 C:/Users/Victus/supply-chain-platform/vendor/laravel/framework/src/Illuminate/Validation/Validator.php(516): Illuminate/Validation/Validator->passes()
#25 C:/Users/Victus/supply-chain-platform/vendor/laravel/framework/src/Illuminate/Validation/Validator.php(558): Illuminate/Validation/Validator->fails()
#26 C:/Users/Victus/supply-chain-platform/vendor/laravel/framework/src/Illuminate/Foundation/Providers/FoundationServiceProvider.php(155): Illuminate/Validation/Validator->validate()
#27 C:/Users/Victus/supply-chain-platform/vendor/laravel/framework/src/Illuminate/Macroable/Traits/Macroable.php(126): Illuminate/Http/Request->Illuminate/Foundation/Providers/{closure}(Array)
#28 C:/Users/Victus/supply-chain-platform/app/Http/Controllers/AuthController.php(45): Illuminate/Http/Request->__call('validate', Array)
#29 C:/Users/Victus/supply-chain-platform/vendor/laravel/framework/src/Illuminate/Routing/ControllerDispatcher.php(47): App/Http/Controllers/AuthController->register(Object(Illuminate/Http/Request))
#30 C:/Users/Victus/supply-chain-platform/vendor/laravel/framework/src/Illuminate/Routing/Route.php(266): Illuminate/Routing/ControllerDispatcher->dispatch(Object(Illuminate/Routing/Route), Object(App/Http/Controllers/AuthController), 'register')
#31 C:/Users/Victus/supply-chain-platform/vendor/laravel/framework/src/Illuminate/Routing/Route.php(212): Illuminate/Routing/Route->runController()
#32 C:/Users/Victus/supply-chain-platform/vendor/laravel/framework/src/Illuminate/Routing/Router.php(808): Illuminate/Routing/Route->run()
#33 C:/Users/Victus/supply-chain-platform/vendor/laravel/framework/src/Illuminate/Pipeline/Pipeline.php(170): Illuminate/Routing/Router->Illuminate/Routing/{closure}(Object(Illuminate/Http/Request))
#34 C:/Users/Victus/supply-chain-platform/vendor/laravel/framework/src/Illuminate/Routing/Middleware/SubstituteBindings.php(51): Illuminate/Pipeline/Pipeline->Illuminate/Pipeline/{closure}(Object(Illuminate/Http/Request))
#35 C:/Users/Victus/supply-chain-platform/vendor/laravel/framework/src/Illuminate/Pipeline/Pipeline.php(209): Illuminate/Routing/Middleware/SubstituteBindings->handle(Object(Illuminate/Http/Request), Object(Closure))
#36 C:/Users/Victus/supply-chain-platform/vendor/laravel/framework/src/Illuminate/Foundation/Http/Middleware/VerifyCsrfToken.php(88): Illuminate/Pipeline/Pipeline->Illuminate/Pipeline/{closure}(Object(Illuminate/Http/Request))
#37 C:/Users/Victus/supply-chain-platform/vendor/laravel/framework/src/Illuminate/Pipeline/Pipeline.php(209): Illuminate/Foundation/Http/Middleware/VerifyCsrfToken->handle(Object(Illuminate/Http/Request), Object(Closure))
#38 C:/Users/Victus/supply-chain-platform/vendor/laravel/framework/src/Illuminate/View/Middleware/ShareErrorsFromSession.php(49): Illuminate/Pipeline/Pipeline->Illuminate/Pipeline/{closure}(Object(Illuminate/Http/Request))
#39 C:/Users/Victus/supply-chain-platform/vendor/laravel/framework/src/Illuminate/Pipeline/Pipeline.php(209): Illuminate/View/Middleware/ShareErrorsFromSession->handle(Object(Illuminate/Http/Request), Object(Closure))
#40 C:/Users/Victus/supply-chain-platform/vendor/laravel/framework/src/Illuminate/Session/Middleware/StartSession.php(121): Illuminate/Pipeline/Pipeline->Illuminate/Pipeline/{closure}(Object(Illuminate/Http/Request))
#41 C:/Users/Victus/supply-chain-platform/vendor/laravel/framework/src/Illuminate/Session/Middleware/StartSession.php(64): Illuminate/Session/Middleware/StartSession->handleStatefulRequest(Object(Illuminate/Http/Request), Object(Illuminate/Session/Store), Object(Closure))
#42 C:/Users/Victus/supply-chain-platform/vendor/laravel/framework/src/Illuminate/Pipeline/Pipeline.php(209): Illuminate/Session/Middleware/StartSession->handle(Object(Illuminate/Http/Request), Object(Closure))
#43 C:/Users/Victus/supply-chain-platform/vendor/laravel/framework/src/Illuminate/Cookie/Middleware/AddQueuedCookiesToResponse.php(37): Illuminate/Pipeline/Pipeline->Illuminate/Pipeline/{closure}(Object(Illuminate/Http/Request))
#44 C:/Users/Victus/supply-chain-platform/vendor/laravel/framework/src/Illuminate/Pipeline/Pipeline.php(209): Illuminate/Cookie/Middleware/AddQueuedCookiesToResponse->handle(Object(Illuminate/Http/Request), Object(Closure))
#45 C:/Users/Victus/supply-chain-platform/vendor/laravel/framework/src/Illuminate/Cookie/Middleware/EncryptCookies.php(75): Illuminate/Pipeline/Pipeline->Illuminate/Pipeline/{closure}(Object(Illuminate/Http/Request))
#46 C:/Users/Victus/supply-chain-platform/vendor/laravel/framework/src/Illuminate/Pipeline/Pipeline.php(209): Illuminate/Cookie/Middleware/EncryptCookies->handle(Object(Illuminate/Http/Request), Object(Closure))
#47 C:/Users/Victus/supply-chain-platform/vendor/laravel/framework/src/Illuminate/Pipeline/Pipeline.php(127): Illuminate/Pipeline/Pipeline->Illuminate/Pipeline/{closure}(Object(Illuminate/Http/Request))
#48 C:/Users/Victus/supply-chain-platform/vendor/laravel/framework/src/Illuminate/Routing/Router.php(807): Illuminate/Pipeline/Pipeline->then(Object(Closure))
#49 C:/Users/Victus/supply-chain-platform/vendor/laravel/framework/src/Illuminate/Routing/Router.php(786): Illuminate/Routing/Router->runRouteWithinStack(Object(Illuminate/Routing/Route), Object(Illuminate/Http/Request))
#50 C:/Users/Victus/supply-chain-platform/vendor/laravel/framework/src/Illuminate/Routing/Router.php(750): Illuminate/Routing/Router->runRoute(Object(Illuminate/Http/Request), Object(Illuminate/Routing/Route))
#51 C:/Users/Victus/supply-chain-platform/vendor/laravel/framework/src/Illuminate/Routing/Router.php(739): Illuminate/Routing/Router->dispatchToRoute(Object(Illuminate/Http/Request))
#52 C:/Users/Victus/supply-chain-platform/vendor/laravel/framework/src/Illuminate/Foundation/Http/Kernel.php(201): Illuminate/Routing/Router->dispatch(Object(Illuminate/Http/Request))
#53 C:/Users/Victus/supply-chain-platform/vendor/laravel/framework/src/Illuminate/Pipeline/Pipeline.php(170): Illuminate/Foundation/Http/Kernel->Illuminate/Foundation/Http/{closure}(Object(Illuminate/Http/Request))
#54 C:/Users/Victus/supply-chain-platform/app/Http/Middleware/CopyrightMiddleware.php(16): Illuminate/Pipeline/Pipeline->Illuminate/Pipeline/{closure}(Object(Illuminate/Http/Request))
#55 C:/Users/Victus/supply-chain-platform/vendor/laravel/framework/src/Illuminate/Pipeline/Pipeline.php(209): App/Http/Middleware/CopyrightMiddleware->handle(Object(Illuminate/Http/Request), Object(Closure))
#56 C:/Users/Victus/supply-chain-platform/vendor/laravel/framework/src/Illuminate/Foundation/Http/Middleware/TransformsRequest.php(21): Illuminate/Pipeline/Pipeline->Illuminate/Pipeline/{closure}(Object(Illuminate/Http/Request))
#57 C:/Users/Victus/supply-chain-platform/vendor/laravel/framework/src/Illuminate/Foundation/Http/Middleware/ConvertEmptyStringsToNull.php(31): Illuminate/Foundation/Http/Middleware/TransformsRequest->handle(Object(Illuminate/Http/Request), Object(Closure))
#58 C:/Users/Victus/supply-chain-platform/vendor/laravel/framework/src/Illuminate/Pipeline/Pipeline.php(209): Illuminate/Foundation/Http/Middleware/ConvertEmptyStringsToNull->handle(Object(Illuminate/Http/Request), Object(Closure))
#59 C:/Users/Victus/supply-chain-platform/vendor/laravel/framework/src/Illuminate/Foundation/Http/Middleware/TransformsRequest.php(21): Illuminate/Pipeline/Pipeline->Illuminate/Pipeline/{closure}(Object(Illuminate/Http/Request))
#60 C:/Users/Victus/supply-chain-platform/vendor/laravel/framework/src/Illuminate/Foundation/Http/Middleware/TrimStrings.php(51): Illuminate/Foundation/Http/Middleware/TransformsRequest->handle(Object(Illuminate/Http/Request), Object(Closure))
#61 C:/Users/Victus/supply-chain-platform/vendor/laravel/framework/src/Illuminate/Pipeline/Pipeline.php(209): Illuminate/Foundation/Http/Middleware/TrimStrings->handle(Object(Illuminate/Http/Request), Object(Closure))
#62 C:/Users/Victus/supply-chain-platform/vendor/laravel/framework/src/Illuminate/Http/Middleware/ValidatePostSize.php(27): Illuminate/Pipeline/Pipeline->Illuminate/Pipeline/{closure}(Object(Illuminate/Http/Request))
#63 C:/Users/Victus/supply-chain-platform/vendor/laravel/framework/src/Illuminate/Pipeline/Pipeline.php(209): Illuminate/Http/Middleware/ValidatePostSize->handle(Object(Illuminate/Http/Request), Object(Closure))
#64 C:/Users/Victus/supply-chain-platform/vendor/laravel/framework/src/Illuminate/Foundation/Http/Middleware/PreventRequestsDuringMaintenance.php(110): Illuminate/Pipeline/Pipeline->Illuminate/Pipeline/{closure}(Object(Illuminate/Http/Request))
#65 C:/Users/Victus/supply-chain-platform/vendor/laravel/framework/src/Illuminate/Pipeline/Pipeline.php(209): Illuminate/Foundation/Http/Middleware/PreventRequestsDuringMaintenance->handle(Object(Illuminate/Http/Request), Object(Closure))
#66 C:/Users/Victus/supply-chain-platform/vendor/laravel/framework/src/Illuminate/Http/Middleware/HandleCors.php(49): Illuminate/Pipeline/Pipeline->Illuminate/Pipeline/{closure}(Object(Illuminate/Http/Request))
#67 C:/Users/Victus/supply-chain-platform/vendor/laravel/framework/src/Illuminate/Pipeline/Pipeline.php(209): Illuminate/Http/Middleware/HandleCors->handle(Object(Illuminate/Http/Request), Object(Closure))
#68 C:/Users/Victus/supply-chain-platform/vendor/laravel/framework/src/Illuminate/Http/Middleware/TrustProxies.php(58): Illuminate/Pipeline/Pipeline->Illuminate/Pipeline/{closure}(Object(Illuminate/Http/Request))
#69 C:/Users/Victus/supply-chain-platform/vendor/laravel/framework/src/Illuminate/Pipeline/Pipeline.php(209): Illuminate/Http/Middleware/TrustProxies->handle(Object(Illuminate/Http/Request), Object(Closure))
#70 C:/Users/Victus/supply-chain-platform/vendor/laravel/framework/src/Illuminate/Foundation/Http/Middleware/InvokeDeferredCallbacks.php(22): Illuminate/Pipeline/Pipeline->Illuminate/Pipeline/{closure}(Object(Illuminate/Http/Request))
#71 C:/Users/Victus/supply-chain-platform/vendor/laravel/framework/src/Illuminate/Pipeline/Pipeline.php(209): Illuminate/Foundation/Http/Middleware/InvokeDeferredCallbacks->handle(Object(Illuminate/Http/Request), Object(Closure))
#72 C:/Users/Victus/supply-chain-platform/vendor/laravel/framework/src/Illuminate/Pipeline/Pipeline.php(127): Illuminate/Pipeline/Pipeline->Illuminate/Pipeline/{closure}(Object(Illuminate/Http/Request))
#73 C:/Users/Victus/supply-chain-platform/vendor/laravel/framework/src/Illuminate/Foundation/Http/Kernel.php(176): Illuminate/Pipeline/Pipeline->then(Object(Closure))
#74 C:/Users/Victus/supply-chain-platform/vendor/laravel/framework/src/Illuminate/Foundation/Http/Kernel.php(145): Illuminate/Foundation/Http/Kernel->sendRequestThroughRouter(Object(Illuminate/Http/Request))
#75 C:/Users/Victus/supply-chain-platform/vendor/laravel/framework/src/Illuminate/Foundation/Application.php(1220): Illuminate/Foundation/Http/Kernel->handle(Object(Illuminate/Http/Request))
#76 C:/Users/Victus/supply-chain-platform/public/index.php(20): Illuminate/Foundation/Application->handleRequest(Object(Illuminate/Http/Request))
#77 C:/Users/Victus/supply-chain-platform/vendor/laravel/framework/src/Illuminate/Foundation/resources/server.php(23): require_once('C://Users//Victus...')
#78 {main}
"} 
[2026-07-20 20:37:46] local.ERROR: SQLSTATE[HY000] [1045] Access denied for user 'root'@'localhost' (using password: YES) (Connection: mysql, SQL: select count(*) as aggregate from `users` where `email` = raihananas1607@gmail.com) {"exception":"[object] (Illuminate\\Database\\QueryException(code: 1045): SQLSTATE[HY000] [1045] Access denied for user 'root'@'localhost' (using password: YES) (Connection: mysql, SQL: select count(*) as aggregate from `users` where `email` = raihananas1607@gmail.com) at C:/Users/Victus/supply-chain-platform/vendor/laravel/framework/src/Illuminate/Database/Connection.php:825)
[stacktrace]
#0 C:/Users/Victus/supply-chain-platform/vendor/laravel/framework/src/Illuminate/Database/Connection.php(779): Illuminate/Database/Connection->runQueryCallback('select count(*)...', Array, Object(Closure))
#1 C:/Users/Victus/supply-chain-platform/vendor/laravel/framework/src/Illuminate/Database/Connection.php(398): Illuminate/Database/Connection->run('select count(*)...', Array, Object(Closure))
#2 C:/Users/Victus/supply-chain-platform/vendor/laravel/framework/src/Illuminate/Database/Query/Builder.php(3106): Illuminate/Database/Connection->select('select count(*)...', Array, false)
#3 C:/Users/Victus/supply-chain-platform/vendor/laravel/framework/src/Illuminate/Database/Query/Builder.php(3091): Illuminate/Database/Query/Builder->runSelect()
#4 C:/Users/Victus/supply-chain-platform/vendor/laravel/framework/src/Illuminate/Database/Query/Builder.php(3676): Illuminate/Database/Query/Builder->Illuminate/Database/Query/{closure}()
#5 C:/Users/Victus/supply-chain-platform/vendor/laravel/framework/src/Illuminate/Database/Query/Builder.php(3090): Illuminate/Database/Query/Builder->onceWithColumns(Array, Object(Closure))
#6 C:/Users/Victus/supply-chain-platform/vendor/laravel/framework/src/Illuminate/Database/Query/Builder.php(3603): Illuminate/Database/Query/Builder->get(Array)
#7 C:/Users/Victus/supply-chain-platform/vendor/laravel/framework/src/Illuminate/Database/Query/Builder.php(3531): Illuminate/Database/Query/Builder->aggregate('count', Array)
#8 C:/Users/Victus/supply-chain-platform/vendor/laravel/framework/src/Illuminate/Validation/DatabasePresenceVerifier.php(54): Illuminate/Database/Query/Builder->count()
#9 C:/Users/Victus/supply-chain-platform/vendor/laravel/framework/src/Illuminate/Validation/Concerns/ValidatesAttributes.php(1033): Illuminate/Validation/DatabasePresenceVerifier->getCount('users', 'email', 'raihananas1607@...', NULL, NULL, Array)
#10 C:/Users/Victus/supply-chain-platform/vendor/laravel/framework/src/Illuminate/Validation/Validator.php(686): Illuminate/Validation/Validator->validateUnique('email', 'raihananas1607@...', Array, Object(Illuminate/Validation/Validator))
#11 C:/Users/Victus/supply-chain-platform/vendor/laravel/framework/src/Illuminate/Validation/Validator.php(481): Illuminate/Validation/Validator->validateAttribute('email', 'Unique')
#12 C:/Users/Victus/supply-chain-platform/vendor/laravel/framework/src/Illuminate/Validation/Validator.php(516): Illuminate/Validation/Validator->passes()
#13 C:/Users/Victus/supply-chain-platform/vendor/laravel/framework/src/Illuminate/Validation/Validator.php(558): Illuminate/Validation/Validator->fails()
#14 C:/Users/Victus/supply-chain-platform/vendor/laravel/framework/src/Illuminate/Foundation/Providers/FoundationServiceProvider.php(155): Illuminate/Validation/Validator->validate()
#15 C:/Users/Victus/supply-chain-platform/vendor/laravel/framework/src/Illuminate/Macroable/Traits/Macroable.php(126): Illuminate/Http/Request->Illuminate/Foundation/Providers/{closure}(Array)
#16 C:/Users/Victus/supply-chain-platform/app/Http/Controllers/AuthController.php(45): Illuminate/Http/Request->__call('validate', Array)
#17 C:/Users/Victus/supply-chain-platform/vendor/laravel/framework/src/Illuminate/Routing/ControllerDispatcher.php(47): App/Http/Controllers/AuthController->register(Object(Illuminate/Http/Request))
#18 C:/Users/Victus/supply-chain-platform/vendor/laravel/framework/src/Illuminate/Routing/Route.php(266): Illuminate/Routing/ControllerDispatcher->dispatch(Object(Illuminate/Routing/Route), Object(App/Http/Controllers/AuthController), 'register')
#19 C:/Users/Victus/supply-chain-platform/vendor/laravel/framework/src/Illuminate/Routing/Route.php(212): Illuminate/Routing/Route->runController()
#20 C:/Users/Victus/supply-chain-platform/vendor/laravel/framework/src/Illuminate/Routing/Router.php(808): Illuminate/Routing/Route->run()
#21 C:/Users/Victus/supply-chain-platform/vendor/laravel/framework/src/Illuminate/Pipeline/Pipeline.php(170): Illuminate/Routing/Router->Illuminate/Routing/{closure}(Object(Illuminate/Http/Request))
#22 C:/Users/Victus/supply-chain-platform/vendor/laravel/framework/src/Illuminate/Routing/Middleware/SubstituteBindings.php(51): Illuminate/Pipeline/Pipeline->Illuminate/Pipeline/{closure}(Object(Illuminate/Http/Request))
#23 C:/Users/Victus/supply-chain-platform/vendor/laravel/framework/src/Illuminate/Pipeline/Pipeline.php(209): Illuminate/Routing/Middleware/SubstituteBindings->handle(Object(Illuminate/Http/Request), Object(Closure))
#24 C:/Users/Victus/supply-chain-platform/vendor/laravel/framework/src/Illuminate/Foundation/Http/Middleware/VerifyCsrfToken.php(88): Illuminate/Pipeline/Pipeline->Illuminate/Pipeline/{closure}(Object(Illuminate/Http/Request))
#25 C:/Users/Victus/supply-chain-platform/vendor/laravel/framework/src/Illuminate/Pipeline/Pipeline.php(209): Illuminate/Foundation/Http/Middleware/VerifyCsrfToken->handle(Object(Illuminate/Http/Request), Object(Closure))
#26 C:/Users/Victus/supply-chain-platform/vendor/laravel/framework/src/Illuminate/View/Middleware/ShareErrorsFromSession.php(49): Illuminate/Pipeline/Pipeline->Illuminate/Pipeline/{closure}(Object(Illuminate/Http/Request))
#27 C:/Users/Victus/supply-chain-platform/vendor/laravel/framework/src/Illuminate/Pipeline/Pipeline.php(209): Illuminate/View/Middleware/ShareErrorsFromSession->handle(Object(Illuminate/Http/Request), Object(Closure))
#28 C:/Users/Victus/supply-chain-platform/vendor/laravel/framework/src/Illuminate/Session/Middleware/StartSession.php(121): Illuminate/Pipeline/Pipeline->Illuminate/Pipeline/{closure}(Object(Illuminate/Http/Request))
#29 C:/Users/Victus/supply-chain-platform/vendor/laravel/framework/src/Illuminate/Session/Middleware/StartSession.php(64): Illuminate/Session/Middleware/StartSession->handleStatefulRequest(Object(Illuminate/Http/Request), Object(Illuminate/Session/Store), Object(Closure))
#30 C:/Users/Victus/supply-chain-platform/vendor/laravel/framework/src/Illuminate/Pipeline/Pipeline.php(209): Illuminate/Session/Middleware/StartSession->handle(Object(Illuminate/Http/Request), Object(Closure))
#31 C:/Users/Victus/supply-chain-platform/vendor/laravel/framework/src/Illuminate/Cookie/Middleware/AddQueuedCookiesToResponse.php(37): Illuminate/Pipeline/Pipeline->Illuminate/Pipeline/{closure}(Object(Illuminate/Http/Request))
#32 C:/Users/Victus/supply-chain-platform/vendor/laravel/framework/src/Illuminate/Pipeline/Pipeline.php(209): Illuminate/Cookie/Middleware/AddQueuedCookiesToResponse->handle(Object(Illuminate/Http/Request), Object(Closure))
#33 C:/Users/Victus/supply-chain-platform/vendor/laravel/framework/src/Illuminate/Cookie/Middleware/EncryptCookies.php(75): Illuminate/Pipeline/Pipeline->Illuminate/Pipeline/{closure}(Object(Illuminate/Http/Request))
#34 C:/Users/Victus/supply-chain-platform/vendor/laravel/framework/src/Illuminate/Pipeline/Pipeline.php(209): Illuminate/Cookie/Middleware/EncryptCookies->handle(Object(Illuminate/Http/Request), Object(Closure))
#35 C:/Users/Victus/supply-chain-platform/vendor/laravel/framework/src/Illuminate/Pipeline/Pipeline.php(127): Illuminate/Pipeline/Pipeline->Illuminate/Pipeline/{closure}(Object(Illuminate/Http/Request))
#36 C:/Users/Victus/supply-chain-platform/vendor/laravel/framework/src/Illuminate/Routing/Router.php(807): Illuminate/Pipeline/Pipeline->then(Object(Closure))
#37 C:/Users/Victus/supply-chain-platform/vendor/laravel/framework/src/Illuminate/Routing/Router.php(786): Illuminate/Routing/Router->runRouteWithinStack(Object(Illuminate/Routing/Route), Object(Illuminate/Http/Request))
#38 C:/Users/Victus/supply-chain-platform/vendor/laravel/framework/src/Illuminate/Routing/Router.php(750): Illuminate/Routing/Router->runRoute(Object(Illuminate/Http/Request), Object(Illuminate/Routing/Route))
#39 C:/Users/Victus/supply-chain-platform/vendor/laravel/framework/src/Illuminate/Routing/Router.php(739): Illuminate/Routing/Router->dispatchToRoute(Object(Illuminate/Http/Request))
#40 C:/Users/Victus/supply-chain-platform/vendor/laravel/framework/src/Illuminate/Foundation/Http/Kernel.php(201): Illuminate/Routing/Router->dispatch(Object(Illuminate/Http/Request))
#41 C:/Users/Victus/supply-chain-platform/vendor/laravel/framework/src/Illuminate/Pipeline/Pipeline.php(170): Illuminate/Foundation/Http/Kernel->Illuminate/Foundation/Http/{closure}(Object(Illuminate/Http/Request))
#42 C:/Users/Victus/supply-chain-platform/app/Http/Middleware/CopyrightMiddleware.php(16): Illuminate/Pipeline/Pipeline->Illuminate/Pipeline/{closure}(Object(Illuminate/Http/Request))
#43 C:/Users/Victus/supply-chain-platform/vendor/laravel/framework/src/Illuminate/Pipeline/Pipeline.php(209): App/Http/Middleware/CopyrightMiddleware->handle(Object(Illuminate/Http/Request), Object(Closure))
#44 C:/Users/Victus/supply-chain-platform/vendor/laravel/framework/src/Illuminate/Foundation/Http/Middleware/TransformsRequest.php(21): Illuminate/Pipeline/Pipeline->Illuminate/Pipeline/{closure}(Object(Illuminate/Http/Request))
#45 C:/Users/Victus/supply-chain-platform/vendor/laravel/framework/src/Illuminate/Foundation/Http/Middleware/ConvertEmptyStringsToNull.php(31): Illuminate/Foundation/Http/Middleware/TransformsRequest->handle(Object(Illuminate/Http/Request), Object(Closure))
#46 C:/Users/Victus/supply-chain-platform/vendor/laravel/framework/src/Illuminate/Pipeline/Pipeline.php(209): Illuminate/Foundation/Http/Middleware/ConvertEmptyStringsToNull->handle(Object(Illuminate/Http/Request), Object(Closure))
#47 C:/Users/Victus/supply-chain-platform/vendor/laravel/framework/src/Illuminate/Foundation/Http/Middleware/TransformsRequest.php(21): Illuminate/Pipeline/Pipeline->Illuminate/Pipeline/{closure}(Object(Illuminate/Http/Request))
#48 C:/Users/Victus/supply-chain-platform/vendor/laravel/framework/src/Illuminate/Foundation/Http/Middleware/TrimStrings.php(51): Illuminate/Foundation/Http/Middleware/TransformsRequest->handle(Object(Illuminate/Http/Request), Object(Closure))
#49 C:/Users/Victus/supply-chain-platform/vendor/laravel/framework/src/Illuminate/Pipeline/Pipeline.php(209): Illuminate/Foundation/Http/Middleware/TrimStrings->handle(Object(Illuminate/Http/Request), Object(Closure))
#50 C:/Users/Victus/supply-chain-platform/vendor/laravel/framework/src/Illuminate/Http/Middleware/ValidatePostSize.php(27): Illuminate/Pipeline/Pipeline->Illuminate/Pipeline/{closure}(Object(Illuminate/Http/Request))
#51 C:/Users/Victus/supply-chain-platform/vendor/laravel/framework/src/Illuminate/Pipeline/Pipeline.php(209): Illuminate/Http/Middleware/ValidatePostSize->handle(Object(Illuminate/Http/Request), Object(Closure))
#52 C:/Users/Victus/supply-chain-platform/vendor/laravel/framework/src/Illuminate/Foundation/Http/Middleware/PreventRequestsDuringMaintenance.php(110): Illuminate/Pipeline/Pipeline->Illuminate/Pipeline/{closure}(Object(Illuminate/Http/Request))
#53 C:/Users/Victus/supply-chain-platform/vendor/laravel/framework/src/Illuminate/Pipeline/Pipeline.php(209): Illuminate/Foundation/Http/Middleware/PreventRequestsDuringMaintenance->handle(Object(Illuminate/Http/Request), Object(Closure))
#54 C:/Users/Victus/supply-chain-platform/vendor/laravel/framework/src/Illuminate/Http/Middleware/HandleCors.php(49): Illuminate/Pipeline/Pipeline->Illuminate/Pipeline/{closure}(Object(Illuminate/Http/Request))
#55 C:/Users/Victus/supply-chain-platform/vendor/laravel/framework/src/Illuminate/Pipeline/Pipeline.php(209): Illuminate/Http/Middleware/HandleCors->handle(Object(Illuminate/Http/Request), Object(Closure))
#56 C:/Users/Victus/supply-chain-platform/vendor/laravel/framework/src/Illuminate/Http/Middleware/TrustProxies.php(58): Illuminate/Pipeline/Pipeline->Illuminate/Pipeline/{closure}(Object(Illuminate/Http/Request))
#57 C:/Users/Victus/supply-chain-platform/vendor/laravel/framework/src/Illuminate/Pipeline/Pipeline.php(209): Illuminate/Http/Middleware/TrustProxies->handle(Object(Illuminate/Http/Request), Object(Closure))
#58 C:/Users/Victus/supply-chain-platform/vendor/laravel/framework/src/Illuminate/Foundation/Http/Middleware/InvokeDeferredCallbacks.php(22): Illuminate/Pipeline/Pipeline->Illuminate/Pipeline/{closure}(Object(Illuminate/Http/Request))
#59 C:/Users/Victus/supply-chain-platform/vendor/laravel/framework/src/Illuminate/Pipeline/Pipeline.php(209): Illuminate/Foundation/Http/Middleware/InvokeDeferredCallbacks->handle(Object(Illuminate/Http/Request), Object(Closure))
#60 C:/Users/Victus/supply-chain-platform/vendor/laravel/framework/src/Illuminate/Pipeline/Pipeline.php(127): Illuminate/Pipeline/Pipeline->Illuminate/Pipeline/{closure}(Object(Illuminate/Http/Request))
#61 C:/Users/Victus/supply-chain-platform/vendor/laravel/framework/src/Illuminate/Foundation/Http/Kernel.php(176): Illuminate/Pipeline/Pipeline->then(Object(Closure))
#62 C:/Users/Victus/supply-chain-platform/vendor/laravel/framework/src/Illuminate/Foundation/Http/Kernel.php(145): Illuminate/Foundation/Http/Kernel->sendRequestThroughRouter(Object(Illuminate/Http/Request))
#63 C:/Users/Victus/supply-chain-platform/vendor/laravel/framework/src/Illuminate/Foundation/Application.php(1220): Illuminate/Foundation/Http/Kernel->handle(Object(Illuminate/Http/Request))
#64 C:/Users/Victus/supply-chain-platform/public/index.php(20): Illuminate/Foundation/Application->handleRequest(Object(Illuminate/Http/Request))
#65 C:/Users/Victus/supply-chain-platform/vendor/laravel/framework/src/Illuminate/Foundation/resources/server.php(23): require_once('C://Users//Victus...')
#66 {main}

[previous exception] [object] (PDOException(code: 1045): SQLSTATE[HY000] [1045] Access denied for user 'root'@'localhost' (using password: YES) at C:/Users/Victus/supply-chain-platform/vendor/laravel/framework/src/Illuminate/Database/Connectors/Connector.php:66)
[stacktrace]
#0 C:/Users/Victus/supply-chain-platform/vendor/laravel/framework/src/Illuminate/Database/Connectors/Connector.php(66): PDO->__construct('mysql:host=127....', 'root', Object(SensitiveParameterValue), Array)
#1 C:/Users/Victus/supply-chain-platform/vendor/laravel/framework/src/Illuminate/Database/Connectors/Connector.php(44): Illuminate/Database/Connectors/Connector->createPdoConnection('mysql:host=127....', 'root', Object(SensitiveParameterValue), Array)
#2 C:/Users/Victus/supply-chain-platform/vendor/laravel/framework/src/Illuminate/Database/Connectors/MySqlConnector.php(24): Illuminate/Database/Connectors/Connector->createConnection('mysql:host=127....', Array, Array)
#3 C:/Users/Victus/supply-chain-platform/vendor/laravel/framework/src/Illuminate/Database/Connectors/ConnectionFactory.php(185): Illuminate/Database/Connectors/MySqlConnector->connect(Array)
#4 [internal function]: Illuminate/Database/Connectors/ConnectionFactory->Illuminate/Database/Connectors/{closure}()
#5 C:/Users/Victus/supply-chain-platform/vendor/laravel/framework/src/Illuminate/Database/Connection.php(1231): call_user_func(Object(Closure))
#6 C:/Users/Victus/supply-chain-platform/vendor/laravel/framework/src/Illuminate/Database/Connection.php(512): Illuminate/Database/Connection->getPdo()
#7 C:/Users/Victus/supply-chain-platform/vendor/laravel/framework/src/Illuminate/Database/Connection.php(407): Illuminate/Database/Connection->getPdoForSelect(false)
#8 C:/Users/Victus/supply-chain-platform/vendor/laravel/framework/src/Illuminate/Database/Connection.php(812): Illuminate/Database/Connection->Illuminate/Database/{closure}('select count(*)...', Array)
#9 C:/Users/Victus/supply-chain-platform/vendor/laravel/framework/src/Illuminate/Database/Connection.php(779): Illuminate/Database/Connection->runQueryCallback('select count(*)...', Array, Object(Closure))
#10 C:/Users/Victus/supply-chain-platform/vendor/laravel/framework/src/Illuminate/Database/Connection.php(398): Illuminate/Database/Connection->run('select count(*)...', Array, Object(Closure))
#11 C:/Users/Victus/supply-chain-platform/vendor/laravel/framework/src/Illuminate/Database/Query/Builder.php(3106): Illuminate/Database/Connection->select('select count(*)...', Array, false)
#12 C:/Users/Victus/supply-chain-platform/vendor/laravel/framework/src/Illuminate/Database/Query/Builder.php(3091): Illuminate/Database/Query/Builder->runSelect()
#13 C:/Users/Victus/supply-chain-platform/vendor/laravel/framework/src/Illuminate/Database/Query/Builder.php(3676): Illuminate/Database/Query/Builder->Illuminate/Database/Query/{closure}()
#14 C:/Users/Victus/supply-chain-platform/vendor/laravel/framework/src/Illuminate/Database/Query/Builder.php(3090): Illuminate/Database/Query/Builder->onceWithColumns(Array, Object(Closure))
#15 C:/Users/Victus/supply-chain-platform/vendor/laravel/framework/src/Illuminate/Database/Query/Builder.php(3603): Illuminate/Database/Query/Builder->get(Array)
#16 C:/Users/Victus/supply-chain-platform/vendor/laravel/framework/src/Illuminate/Database/Query/Builder.php(3531): Illuminate/Database/Query/Builder->aggregate('count', Array)
#17 C:/Users/Victus/supply-chain-platform/vendor/laravel/framework/src/Illuminate/Validation/DatabasePresenceVerifier.php(54): Illuminate/Database/Query/Builder->count()
#18 C:/Users/Victus/supply-chain-platform/vendor/laravel/framework/src/Illuminate/Validation/Concerns/ValidatesAttributes.php(1033): Illuminate/Validation/DatabasePresenceVerifier->getCount('users', 'email', 'raihananas1607@...', NULL, NULL, Array)
#19 C:/Users/Victus/supply-chain-platform/vendor/laravel/framework/src/Illuminate/Validation/Validator.php(686): Illuminate/Validation/Validator->validateUnique('email', 'raihananas1607@...', Array, Object(Illuminate/Validation/Validator))
#20 C:/Users/Victus/supply-chain-platform/vendor/laravel/framework/src/Illuminate/Validation/Validator.php(481): Illuminate/Validation/Validator->validateAttribute('email', 'Unique')
#21 C:/Users/Victus/supply-chain-platform/vendor/laravel/framework/src/Illuminate/Validation/Validator.php(516): Illuminate/Validation/Validator->passes()
#22 C:/Users/Victus/supply-chain-platform/vendor/laravel/framework/src/Illuminate/Validation/Validator.php(558): Illuminate/Validation/Validator->fails()
#23 C:/Users/Victus/supply-chain-platform/vendor/laravel/framework/src/Illuminate/Foundation/Providers/FoundationServiceProvider.php(155): Illuminate/Validation/Validator->validate()
#24 C:/Users/Victus/supply-chain-platform/vendor/laravel/framework/src/Illuminate/Macroable/Traits/Macroable.php(126): Illuminate/Http/Request->Illuminate/Foundation/Providers/{closure}(Array)
#25 C:/Users/Victus/supply-chain-platform/app/Http/Controllers/AuthController.php(45): Illuminate/Http/Request->__call('validate', Array)
#26 C:/Users/Victus/supply-chain-platform/vendor/laravel/framework/src/Illuminate/Routing/ControllerDispatcher.php(47): App/Http/Controllers/AuthController->register(Object(Illuminate/Http/Request))
#27 C:/Users/Victus/supply-chain-platform/vendor/laravel/framework/src/Illuminate/Routing/Route.php(266): Illuminate/Routing/ControllerDispatcher->dispatch(Object(Illuminate/Routing/Route), Object(App/Http/Controllers/AuthController), 'register')
#28 C:/Users/Victus/supply-chain-platform/vendor/laravel/framework/src/Illuminate/Routing/Route.php(212): Illuminate/Routing/Route->runController()
#29 C:/Users/Victus/supply-chain-platform/vendor/laravel/framework/src/Illuminate/Routing/Router.php(808): Illuminate/Routing/Route->run()
#30 C:/Users/Victus/supply-chain-platform/vendor/laravel/framework/src/Illuminate/Pipeline/Pipeline.php(170): Illuminate/Routing/Router->Illuminate/Routing/{closure}(Object(Illuminate/Http/Request))
#31 C:/Users/Victus/supply-chain-platform/vendor/laravel/framework/src/Illuminate/Routing/Middleware/SubstituteBindings.php(51): Illuminate/Pipeline/Pipeline->Illuminate/Pipeline/{closure}(Object(Illuminate/Http/Request))
#32 C:/Users/Victus/supply-chain-platform/vendor/laravel/framework/src/Illuminate/Pipeline/Pipeline.php(209): Illuminate/Routing/Middleware/SubstituteBindings->handle(Object(Illuminate/Http/Request), Object(Closure))
#33 C:/Users/Victus/supply-chain-platform/vendor/laravel/framework/src/Illuminate/Foundation/Http/Middleware/VerifyCsrfToken.php(88): Illuminate/Pipeline/Pipeline->Illuminate/Pipeline/{closure}(Object(Illuminate/Http/Request))
#34 C:/Users/Victus/supply-chain-platform/vendor/laravel/framework/src/Illuminate/Pipeline/Pipeline.php(209): Illuminate/Foundation/Http/Middleware/VerifyCsrfToken->handle(Object(Illuminate/Http/Request), Object(Closure))
#35 C:/Users/Victus/supply-chain-platform/vendor/laravel/framework/src/Illuminate/View/Middleware/ShareErrorsFromSession.php(49): Illuminate/Pipeline/Pipeline->Illuminate/Pipeline/{closure}(Object(Illuminate/Http/Request))
#36 C:/Users/Victus/supply-chain-platform/vendor/laravel/framework/src/Illuminate/Pipeline/Pipeline.php(209): Illuminate/View/Middleware/ShareErrorsFromSession->handle(Object(Illuminate/Http/Request), Object(Closure))
#37 C:/Users/Victus/supply-chain-platform/vendor/laravel/framework/src/Illuminate/Session/Middleware/StartSession.php(121): Illuminate/Pipeline/Pipeline->Illuminate/Pipeline/{closure}(Object(Illuminate/Http/Request))
#38 C:/Users/Victus/supply-chain-platform/vendor/laravel/framework/src/Illuminate/Session/Middleware/StartSession.php(64): Illuminate/Session/Middleware/StartSession->handleStatefulRequest(Object(Illuminate/Http/Request), Object(Illuminate/Session/Store), Object(Closure))
#39 C:/Users/Victus/supply-chain-platform/vendor/laravel/framework/src/Illuminate/Pipeline/Pipeline.php(209): Illuminate/Session/Middleware/StartSession->handle(Object(Illuminate/Http/Request), Object(Closure))
#40 C:/Users/Victus/supply-chain-platform/vendor/laravel/framework/src/Illuminate/Cookie/Middleware/AddQueuedCookiesToResponse.php(37): Illuminate/Pipeline/Pipeline->Illuminate/Pipeline/{closure}(Object(Illuminate/Http/Request))
#41 C:/Users/Victus/supply-chain-platform/vendor/laravel/framework/src/Illuminate/Pipeline/Pipeline.php(209): Illuminate/Cookie/Middleware/AddQueuedCookiesToResponse->handle(Object(Illuminate/Http/Request), Object(Closure))
#42 C:/Users/Victus/supply-chain-platform/vendor/laravel/framework/src/Illuminate/Cookie/Middleware/EncryptCookies.php(75): Illuminate/Pipeline/Pipeline->Illuminate/Pipeline/{closure}(Object(Illuminate/Http/Request))
#43 C:/Users/Victus/supply-chain-platform/vendor/laravel/framework/src/Illuminate/Pipeline/Pipeline.php(209): Illuminate/Cookie/Middleware/EncryptCookies->handle(Object(Illuminate/Http/Request), Object(Closure))
#44 C:/Users/Victus/supply-chain-platform/vendor/laravel/framework/src/Illuminate/Pipeline/Pipeline.php(127): Illuminate/Pipeline/Pipeline->Illuminate/Pipeline/{closure}(Object(Illuminate/Http/Request))
#45 C:/Users/Victus/supply-chain-platform/vendor/laravel/framework/src/Illuminate/Routing/Router.php(807): Illuminate/Pipeline/Pipeline->then(Object(Closure))
#46 C:/Users/Victus/supply-chain-platform/vendor/laravel/framework/src/Illuminate/Routing/Router.php(786): Illuminate/Routing/Router->runRouteWithinStack(Object(Illuminate/Routing/Route), Object(Illuminate/Http/Request))
#47 C:/Users/Victus/supply-chain-platform/vendor/laravel/framework/src/Illuminate/Routing/Router.php(750): Illuminate/Routing/Router->runRoute(Object(Illuminate/Http/Request), Object(Illuminate/Routing/Route))
#48 C:/Users/Victus/supply-chain-platform/vendor/laravel/framework/src/Illuminate/Routing/Router.php(739): Illuminate/Routing/Router->dispatchToRoute(Object(Illuminate/Http/Request))
#49 C:/Users/Victus/supply-chain-platform/vendor/laravel/framework/src/Illuminate/Foundation/Http/Kernel.php(201): Illuminate/Routing/Router->dispatch(Object(Illuminate/Http/Request))
#50 C:/Users/Victus/supply-chain-platform/vendor/laravel/framework/src/Illuminate/Pipeline/Pipeline.php(170): Illuminate/Foundation/Http/Kernel->Illuminate/Foundation/Http/{closure}(Object(Illuminate/Http/Request))
#51 C:/Users/Victus/supply-chain-platform/app/Http/Middleware/CopyrightMiddleware.php(16): Illuminate/Pipeline/Pipeline->Illuminate/Pipeline/{closure}(Object(Illuminate/Http/Request))
#52 C:/Users/Victus/supply-chain-platform/vendor/laravel/framework/src/Illuminate/Pipeline/Pipeline.php(209): App/Http/Middleware/CopyrightMiddleware->handle(Object(Illuminate/Http/Request), Object(Closure))
#53 C:/Users/Victus/supply-chain-platform/vendor/laravel/framework/src/Illuminate/Foundation/Http/Middleware/TransformsRequest.php(21): Illuminate/Pipeline/Pipeline->Illuminate/Pipeline/{closure}(Object(Illuminate/Http/Request))
#54 C:/Users/Victus/supply-chain-platform/vendor/laravel/framework/src/Illuminate/Foundation/Http/Middleware/ConvertEmptyStringsToNull.php(31): Illuminate/Foundation/Http/Middleware/TransformsRequest->handle(Object(Illuminate/Http/Request), Object(Closure))
#55 C:/Users/Victus/supply-chain-platform/vendor/laravel/framework/src/Illuminate/Pipeline/Pipeline.php(209): Illuminate/Foundation/Http/Middleware/ConvertEmptyStringsToNull->handle(Object(Illuminate/Http/Request), Object(Closure))
#56 C:/Users/Victus/supply-chain-platform/vendor/laravel/framework/src/Illuminate/Foundation/Http/Middleware/TransformsRequest.php(21): Illuminate/Pipeline/Pipeline->Illuminate/Pipeline/{closure}(Object(Illuminate/Http/Request))
#57 C:/Users/Victus/supply-chain-platform/vendor/laravel/framework/src/Illuminate/Foundation/Http/Middleware/TrimStrings.php(51): Illuminate/Foundation/Http/Middleware/TransformsRequest->handle(Object(Illuminate/Http/Request), Object(Closure))
#58 C:/Users/Victus/supply-chain-platform/vendor/laravel/framework/src/Illuminate/Pipeline/Pipeline.php(209): Illuminate/Foundation/Http/Middleware/TrimStrings->handle(Object(Illuminate/Http/Request), Object(Closure))
#59 C:/Users/Victus/supply-chain-platform/vendor/laravel/framework/src/Illuminate/Http/Middleware/ValidatePostSize.php(27): Illuminate/Pipeline/Pipeline->Illuminate/Pipeline/{closure}(Object(Illuminate/Http/Request))
#60 C:/Users/Victus/supply-chain-platform/vendor/laravel/framework/src/Illuminate/Pipeline/Pipeline.php(209): Illuminate/Http/Middleware/ValidatePostSize->handle(Object(Illuminate/Http/Request), Object(Closure))
#61 C:/Users/Victus/supply-chain-platform/vendor/laravel/framework/src/Illuminate/Foundation/Http/Middleware/PreventRequestsDuringMaintenance.php(110): Illuminate/Pipeline/Pipeline->Illuminate/Pipeline/{closure}(Object(Illuminate/Http/Request))
#62 C:/Users/Victus/supply-chain-platform/vendor/laravel/framework/src/Illuminate/Pipeline/Pipeline.php(209): Illuminate/Foundation/Http/Middleware/PreventRequestsDuringMaintenance->handle(Object(Illuminate/Http/Request), Object(Closure))
#63 C:/Users/Victus/supply-chain-platform/vendor/laravel/framework/src/Illuminate/Http/Middleware/HandleCors.php(49): Illuminate/Pipeline/Pipeline->Illuminate/Pipeline/{closure}(Object(Illuminate/Http/Request))
#64 C:/Users/Victus/supply-chain-platform/vendor/laravel/framework/src/Illuminate/Pipeline/Pipeline.php(209): Illuminate/Http/Middleware/HandleCors->handle(Object(Illuminate/Http/Request), Object(Closure))
#65 C:/Users/Victus/supply-chain-platform/vendor/laravel/framework/src/Illuminate/Http/Middleware/TrustProxies.php(58): Illuminate/Pipeline/Pipeline->Illuminate/Pipeline/{closure}(Object(Illuminate/Http/Request))
#66 C:/Users/Victus/supply-chain-platform/vendor/laravel/framework/src/Illuminate/Pipeline/Pipeline.php(209): Illuminate/Http/Middleware/TrustProxies->handle(Object(Illuminate/Http/Request), Object(Closure))
#67 C:/Users/Victus/supply-chain-platform/vendor/laravel/framework/src/Illuminate/Foundation/Http/Middleware/InvokeDeferredCallbacks.php(22): Illuminate/Pipeline/Pipeline->Illuminate/Pipeline/{closure}(Object(Illuminate/Http/Request))
#68 C:/Users/Victus/supply-chain-platform/vendor/laravel/framework/src/Illuminate/Pipeline/Pipeline.php(209): Illuminate/Foundation/Http/Middleware/InvokeDeferredCallbacks->handle(Object(Illuminate/Http/Request), Object(Closure))
#69 C:/Users/Victus/supply-chain-platform/vendor/laravel/framework/src/Illuminate/Pipeline/Pipeline.php(127): Illuminate/Pipeline/Pipeline->Illuminate/Pipeline/{closure}(Object(Illuminate/Http/Request))
#70 C:/Users/Victus/supply-chain-platform/vendor/laravel/framework/src/Illuminate/Foundation/Http/Kernel.php(176): Illuminate/Pipeline/Pipeline->then(Object(Closure))
#71 C:/Users/Victus/supply-chain-platform/vendor/laravel/framework/src/Illuminate/Foundation/Http/Kernel.php(145): Illuminate/Foundation/Http/Kernel->sendRequestThroughRouter(Object(Illuminate/Http/Request))
#72 C:/Users/Victus/supply-chain-platform/vendor/laravel/framework/src/Illuminate/Foundation/Application.php(1220): Illuminate/Foundation/Http/Kernel->handle(Object(Illuminate/Http/Request))
#73 C:/Users/Victus/supply-chain-platform/public/index.php(20): Illuminate/Foundation/Application->handleRequest(Object(Illuminate/Http/Request))
#74 C:/Users/Victus/supply-chain-platform/vendor/laravel/framework/src/Illuminate/Foundation/resources/server.php(23): require_once('C://Users//Victus...')
#75 {main}
"} 
[2026-07-20 20:47:30] local.ERROR: SQLSTATE[HY000] [1045] Access denied for user 'root'@'localhost' (using password: YES) (Connection: mysql, SQL: select count(*) as aggregate from `users` where `email` = anas@gmail.com) {"exception":"[object] (Illuminate\\Database\\QueryException(code: 1045): SQLSTATE[HY000] [1045] Access denied for user 'root'@'localhost' (using password: YES) (Connection: mysql, SQL: select count(*) as aggregate from `users` where `email` = anas@gmail.com) at C:/Users/Victus/supply-chain-platform/vendor/laravel/framework/src/Illuminate/Database/Connection.php:825)
[stacktrace]
#0 C:/Users/Victus/supply-chain-platform/vendor/laravel/framework/src/Illuminate/Database/Connection.php(779): Illuminate/Database/Connection->runQueryCallback('select count(*)...', Array, Object(Closure))
#1 C:/Users/Victus/supply-chain-platform/vendor/laravel/framework/src/Illuminate/Database/Connection.php(398): Illuminate/Database/Connection->run('select count(*)...', Array, Object(Closure))
#2 C:/Users/Victus/supply-chain-platform/vendor/laravel/framework/src/Illuminate/Database/Query/Builder.php(3106): Illuminate/Database/Connection->select('select count(*)...', Array, false)
#3 C:/Users/Victus/supply-chain-platform/vendor/laravel/framework/src/Illuminate/Database/Query/Builder.php(3091): Illuminate/Database/Query/Builder->runSelect()
#4 C:/Users/Victus/supply-chain-platform/vendor/laravel/framework/src/Illuminate/Database/Query/Builder.php(3676): Illuminate/Database/Query/Builder->Illuminate/Database/Query/{closure}()
#5 C:/Users/Victus/supply-chain-platform/vendor/laravel/framework/src/Illuminate/Database/Query/Builder.php(3090): Illuminate/Database/Query/Builder->onceWithColumns(Array, Object(Closure))
#6 C:/Users/Victus/supply-chain-platform/vendor/laravel/framework/src/Illuminate/Database/Query/Builder.php(3603): Illuminate/Database/Query/Builder->get(Array)
#7 C:/Users/Victus/supply-chain-platform/vendor/laravel/framework/src/Illuminate/Database/Query/Builder.php(3531): Illuminate/Database/Query/Builder->aggregate('count', Array)
#8 C:/Users/Victus/supply-chain-platform/vendor/laravel/framework/src/Illuminate/Validation/DatabasePresenceVerifier.php(54): Illuminate/Database/Query/Builder->count()
#9 C:/Users/Victus/supply-chain-platform/vendor/laravel/framework/src/Illuminate/Validation/Concerns/ValidatesAttributes.php(1033): Illuminate/Validation/DatabasePresenceVerifier->getCount('users', 'email', 'anas@gmail.com', NULL, NULL, Array)
#10 C:/Users/Victus/supply-chain-platform/vendor/laravel/framework/src/Illuminate/Validation/Validator.php(686): Illuminate/Validation/Validator->validateUnique('email', 'anas@gmail.com', Array, Object(Illuminate/Validation/Validator))
#11 C:/Users/Victus/supply-chain-platform/vendor/laravel/framework/src/Illuminate/Validation/Validator.php(481): Illuminate/Validation/Validator->validateAttribute('email', 'Unique')
#12 C:/Users/Victus/supply-chain-platform/vendor/laravel/framework/src/Illuminate/Validation/Validator.php(516): Illuminate/Validation/Validator->passes()
#13 C:/Users/Victus/supply-chain-platform/vendor/laravel/framework/src/Illuminate/Validation/Validator.php(558): Illuminate/Validation/Validator->fails()
#14 C:/Users/Victus/supply-chain-platform/vendor/laravel/framework/src/Illuminate/Foundation/Providers/FoundationServiceProvider.php(155): Illuminate/Validation/Validator->validate()
#15 C:/Users/Victus/supply-chain-platform/vendor/laravel/framework/src/Illuminate/Macroable/Traits/Macroable.php(126): Illuminate/Http/Request->Illuminate/Foundation/Providers/{closure}(Array)
#16 C:/Users/Victus/supply-chain-platform/app/Http/Controllers/AuthController.php(45): Illuminate/Http/Request->__call('validate', Array)
#17 C:/Users/Victus/supply-chain-platform/vendor/laravel/framework/src/Illuminate/Routing/ControllerDispatcher.php(47): App/Http/Controllers/AuthController->register(Object(Illuminate/Http/Request))
#18 C:/Users/Victus/supply-chain-platform/vendor/laravel/framework/src/Illuminate/Routing/Route.php(266): Illuminate/Routing/ControllerDispatcher->dispatch(Object(Illuminate/Routing/Route), Object(App/Http/Controllers/AuthController), 'register')
#19 C:/Users/Victus/supply-chain-platform/vendor/laravel/framework/src/Illuminate/Routing/Route.php(212): Illuminate/Routing/Route->runController()
#20 C:/Users/Victus/supply-chain-platform/vendor/laravel/framework/src/Illuminate/Routing/Router.php(808): Illuminate/Routing/Route->run()
#21 C:/Users/Victus/supply-chain-platform/vendor/laravel/framework/src/Illuminate/Pipeline/Pipeline.php(170): Illuminate/Routing/Router->Illuminate/Routing/{closure}(Object(Illuminate/Http/Request))
#22 C:/Users/Victus/supply-chain-platform/vendor/laravel/framework/src/Illuminate/Routing/Middleware/SubstituteBindings.php(51): Illuminate/Pipeline/Pipeline->Illuminate/Pipeline/{closure}(Object(Illuminate/Http/Request))
#23 C:/Users/Victus/supply-chain-platform/vendor/laravel/framework/src/Illuminate/Pipeline/Pipeline.php(209): Illuminate/Routing/Middleware/SubstituteBindings->handle(Object(Illuminate/Http/Request), Object(Closure))
#24 C:/Users/Victus/supply-chain-platform/vendor/laravel/framework/src/Illuminate/Foundation/Http/Middleware/VerifyCsrfToken.php(88): Illuminate/Pipeline/Pipeline->Illuminate/Pipeline/{closure}(Object(Illuminate/Http/Request))
#25 C:/Users/Victus/supply-chain-platform/vendor/laravel/framework/src/Illuminate/Pipeline/Pipeline.php(209): Illuminate/Foundation/Http/Middleware/VerifyCsrfToken->handle(Object(Illuminate/Http/Request), Object(Closure))
#26 C:/Users/Victus/supply-chain-platform/vendor/laravel/framework/src/Illuminate/View/Middleware/ShareErrorsFromSession.php(49): Illuminate/Pipeline/Pipeline->Illuminate/Pipeline/{closure}(Object(Illuminate/Http/Request))
#27 C:/Users/Victus/supply-chain-platform/vendor/laravel/framework/src/Illuminate/Pipeline/Pipeline.php(209): Illuminate/View/Middleware/ShareErrorsFromSession->handle(Object(Illuminate/Http/Request), Object(Closure))
#28 C:/Users/Victus/supply-chain-platform/vendor/laravel/framework/src/Illuminate/Session/Middleware/StartSession.php(121): Illuminate/Pipeline/Pipeline->Illuminate/Pipeline/{closure}(Object(Illuminate/Http/Request))
#29 C:/Users/Victus/supply-chain-platform/vendor/laravel/framework/src/Illuminate/Session/Middleware/StartSession.php(64): Illuminate/Session/Middleware/StartSession->handleStatefulRequest(Object(Illuminate/Http/Request), Object(Illuminate/Session/Store), Object(Closure))
#30 C:/Users/Victus/supply-chain-platform/vendor/laravel/framework/src/Illuminate/Pipeline/Pipeline.php(209): Illuminate/Session/Middleware/StartSession->handle(Object(Illuminate/Http/Request), Object(Closure))
#31 C:/Users/Victus/supply-chain-platform/vendor/laravel/framework/src/Illuminate/Cookie/Middleware/AddQueuedCookiesToResponse.php(37): Illuminate/Pipeline/Pipeline->Illuminate/Pipeline/{closure}(Object(Illuminate/Http/Request))
#32 C:/Users/Victus/supply-chain-platform/vendor/laravel/framework/src/Illuminate/Pipeline/Pipeline.php(209): Illuminate/Cookie/Middleware/AddQueuedCookiesToResponse->handle(Object(Illuminate/Http/Request), Object(Closure))
#33 C:/Users/Victus/supply-chain-platform/vendor/laravel/framework/src/Illuminate/Cookie/Middleware/EncryptCookies.php(75): Illuminate/Pipeline/Pipeline->Illuminate/Pipeline/{closure}(Object(Illuminate/Http/Request))
#34 C:/Users/Victus/supply-chain-platform/vendor/laravel/framework/src/Illuminate/Pipeline/Pipeline.php(209): Illuminate/Cookie/Middleware/EncryptCookies->handle(Object(Illuminate/Http/Request), Object(Closure))
#35 C:/Users/Victus/supply-chain-platform/vendor/laravel/framework/src/Illuminate/Pipeline/Pipeline.php(127): Illuminate/Pipeline/Pipeline->Illuminate/Pipeline/{closure}(Object(Illuminate/Http/Request))
#36 C:/Users/Victus/supply-chain-platform/vendor/laravel/framework/src/Illuminate/Routing/Router.php(807): Illuminate/Pipeline/Pipeline->then(Object(Closure))
#37 C:/Users/Victus/supply-chain-platform/vendor/laravel/framework/src/Illuminate/Routing/Router.php(786): Illuminate/Routing/Router->runRouteWithinStack(Object(Illuminate/Routing/Route), Object(Illuminate/Http/Request))
#38 C:/Users/Victus/supply-chain-platform/vendor/laravel/framework/src/Illuminate/Routing/Router.php(750): Illuminate/Routing/Router->runRoute(Object(Illuminate/Http/Request), Object(Illuminate/Routing/Route))
#39 C:/Users/Victus/supply-chain-platform/vendor/laravel/framework/src/Illuminate/Routing/Router.php(739): Illuminate/Routing/Router->dispatchToRoute(Object(Illuminate/Http/Request))
#40 C:/Users/Victus/supply-chain-platform/vendor/laravel/framework/src/Illuminate/Foundation/Http/Kernel.php(201): Illuminate/Routing/Router->dispatch(Object(Illuminate/Http/Request))
#41 C:/Users/Victus/supply-chain-platform/vendor/laravel/framework/src/Illuminate/Pipeline/Pipeline.php(170): Illuminate/Foundation/Http/Kernel->Illuminate/Foundation/Http/{closure}(Object(Illuminate/Http/Request))
#42 C:/Users/Victus/supply-chain-platform/app/Http/Middleware/CopyrightMiddleware.php(16): Illuminate/Pipeline/Pipeline->Illuminate/Pipeline/{closure}(Object(Illuminate/Http/Request))
#43 C:/Users/Victus/supply-chain-platform/vendor/laravel/framework/src/Illuminate/Pipeline/Pipeline.php(209): App/Http/Middleware/CopyrightMiddleware->handle(Object(Illuminate/Http/Request), Object(Closure))
#44 C:/Users/Victus/supply-chain-platform/vendor/laravel/framework/src/Illuminate/Foundation/Http/Middleware/TransformsRequest.php(21): Illuminate/Pipeline/Pipeline->Illuminate/Pipeline/{closure}(Object(Illuminate/Http/Request))
#45 C:/Users/Victus/supply-chain-platform/vendor/laravel/framework/src/Illuminate/Foundation/Http/Middleware/ConvertEmptyStringsToNull.php(31): Illuminate/Foundation/Http/Middleware/TransformsRequest->handle(Object(Illuminate/Http/Request), Object(Closure))
#46 C:/Users/Victus/supply-chain-platform/vendor/laravel/framework/src/Illuminate/Pipeline/Pipeline.php(209): Illuminate/Foundation/Http/Middleware/ConvertEmptyStringsToNull->handle(Object(Illuminate/Http/Request), Object(Closure))
#47 C:/Users/Victus/supply-chain-platform/vendor/laravel/framework/src/Illuminate/Foundation/Http/Middleware/TransformsRequest.php(21): Illuminate/Pipeline/Pipeline->Illuminate/Pipeline/{closure}(Object(Illuminate/Http/Request))
#48 C:/Users/Victus/supply-chain-platform/vendor/laravel/framework/src/Illuminate/Foundation/Http/Middleware/TrimStrings.php(51): Illuminate/Foundation/Http/Middleware/TransformsRequest->handle(Object(Illuminate/Http/Request), Object(Closure))
#49 C:/Users/Victus/supply-chain-platform/vendor/laravel/framework/src/Illuminate/Pipeline/Pipeline.php(209): Illuminate/Foundation/Http/Middleware/TrimStrings->handle(Object(Illuminate/Http/Request), Object(Closure))
#50 C:/Users/Victus/supply-chain-platform/vendor/laravel/framework/src/Illuminate/Http/Middleware/ValidatePostSize.php(27): Illuminate/Pipeline/Pipeline->Illuminate/Pipeline/{closure}(Object(Illuminate/Http/Request))
#51 C:/Users/Victus/supply-chain-platform/vendor/laravel/framework/src/Illuminate/Pipeline/Pipeline.php(209): Illuminate/Http/Middleware/ValidatePostSize->handle(Object(Illuminate/Http/Request), Object(Closure))
#52 C:/Users/Victus/supply-chain-platform/vendor/laravel/framework/src/Illuminate/Foundation/Http/Middleware/PreventRequestsDuringMaintenance.php(110): Illuminate/Pipeline/Pipeline->Illuminate/Pipeline/{closure}(Object(Illuminate/Http/Request))
#53 C:/Users/Victus/supply-chain-platform/vendor/laravel/framework/src/Illuminate/Pipeline/Pipeline.php(209): Illuminate/Foundation/Http/Middleware/PreventRequestsDuringMaintenance->handle(Object(Illuminate/Http/Request), Object(Closure))
#54 C:/Users/Victus/supply-chain-platform/vendor/laravel/framework/src/Illuminate/Http/Middleware/HandleCors.php(49): Illuminate/Pipeline/Pipeline->Illuminate/Pipeline/{closure}(Object(Illuminate/Http/Request))
#55 C:/Users/Victus/supply-chain-platform/vendor/laravel/framework/src/Illuminate/Pipeline/Pipeline.php(209): Illuminate/Http/Middleware/HandleCors->handle(Object(Illuminate/Http/Request), Object(Closure))
#56 C:/Users/Victus/supply-chain-platform/vendor/laravel/framework/src/Illuminate/Http/Middleware/TrustProxies.php(58): Illuminate/Pipeline/Pipeline->Illuminate/Pipeline/{closure}(Object(Illuminate/Http/Request))
#57 C:/Users/Victus/supply-chain-platform/vendor/laravel/framework/src/Illuminate/Pipeline/Pipeline.php(209): Illuminate/Http/Middleware/TrustProxies->handle(Object(Illuminate/Http/Request), Object(Closure))
#58 C:/Users/Victus/supply-chain-platform/vendor/laravel/framework/src/Illuminate/Foundation/Http/Middleware/InvokeDeferredCallbacks.php(22): Illuminate/Pipeline/Pipeline->Illuminate/Pipeline/{closure}(Object(Illuminate/Http/Request))
#59 C:/Users/Victus/supply-chain-platform/vendor/laravel/framework/src/Illuminate/Pipeline/Pipeline.php(209): Illuminate/Foundation/Http/Middleware/InvokeDeferredCallbacks->handle(Object(Illuminate/Http/Request), Object(Closure))
#60 C:/Users/Victus/supply-chain-platform/vendor/laravel/framework/src/Illuminate/Pipeline/Pipeline.php(127): Illuminate/Pipeline/Pipeline->Illuminate/Pipeline/{closure}(Object(Illuminate/Http/Request))
#61 C:/Users/Victus/supply-chain-platform/vendor/laravel/framework/src/Illuminate/Foundation/Http/Kernel.php(176): Illuminate/Pipeline/Pipeline->then(Object(Closure))
#62 C:/Users/Victus/supply-chain-platform/vendor/laravel/framework/src/Illuminate/Foundation/Http/Kernel.php(145): Illuminate/Foundation/Http/Kernel->sendRequestThroughRouter(Object(Illuminate/Http/Request))
#63 C:/Users/Victus/supply-chain-platform/vendor/laravel/framework/src/Illuminate/Foundation/Application.php(1220): Illuminate/Foundation/Http/Kernel->handle(Object(Illuminate/Http/Request))
#64 C:/Users/Victus/supply-chain-platform/public/index.php(20): Illuminate/Foundation/Application->handleRequest(Object(Illuminate/Http/Request))
#65 C:/Users/Victus/supply-chain-platform/vendor/laravel/framework/src/Illuminate/Foundation/resources/server.php(23): require_once('C://Users//Victus...')
#66 {main}

[previous exception] [object] (PDOException(code: 1045): SQLSTATE[HY000] [1045] Access denied for user 'root'@'localhost' (using password: YES) at C:/Users/Victus/supply-chain-platform/vendor/laravel/framework/src/Illuminate/Database/Connectors/Connector.php:66)
[stacktrace]
#0 C:/Users/Victus/supply-chain-platform/vendor/laravel/framework/src/Illuminate/Database/Connectors/Connector.php(66): PDO->__construct('mysql:host=127....', 'root', Object(SensitiveParameterValue), Array)
#1 C:/Users/Victus/supply-chain-platform/vendor/laravel/framework/src/Illuminate/Database/Connectors/Connector.php(44): Illuminate/Database/Connectors/Connector->createPdoConnection('mysql:host=127....', 'root', Object(SensitiveParameterValue), Array)
#2 C:/Users/Victus/supply-chain-platform/vendor/laravel/framework/src/Illuminate/Database/Connectors/MySqlConnector.php(24): Illuminate/Database/Connectors/Connector->createConnection('mysql:host=127....', Array, Array)
#3 C:/Users/Victus/supply-chain-platform/vendor/laravel/framework/src/Illuminate/Database/Connectors/ConnectionFactory.php(185): Illuminate/Database/Connectors/MySqlConnector->connect(Array)
#4 [internal function]: Illuminate/Database/Connectors/ConnectionFactory->Illuminate/Database/Connectors/{closure}()
#5 C:/Users/Victus/supply-chain-platform/vendor/laravel/framework/src/Illuminate/Database/Connection.php(1231): call_user_func(Object(Closure))
#6 C:/Users/Victus/supply-chain-platform/vendor/laravel/framework/src/Illuminate/Database/Connection.php(512): Illuminate/Database/Connection->getPdo()
#7 C:/Users/Victus/supply-chain-platform/vendor/laravel/framework/src/Illuminate/Database/Connection.php(407): Illuminate/Database/Connection->getPdoForSelect(false)
#8 C:/Users/Victus/supply-chain-platform/vendor/laravel/framework/src/Illuminate/Database/Connection.php(812): Illuminate/Database/Connection->Illuminate/Database/{closure}('select count(*)...', Array)
#9 C:/Users/Victus/supply-chain-platform/vendor/laravel/framework/src/Illuminate/Database/Connection.php(779): Illuminate/Database/Connection->runQueryCallback('select count(*)...', Array, Object(Closure))
#10 C:/Users/Victus/supply-chain-platform/vendor/laravel/framework/src/Illuminate/Database/Connection.php(398): Illuminate/Database/Connection->run('select count(*)...', Array, Object(Closure))
#11 C:/Users/Victus/supply-chain-platform/vendor/laravel/framework/src/Illuminate/Database/Query/Builder.php(3106): Illuminate/Database/Connection->select('select count(*)...', Array, false)
#12 C:/Users/Victus/supply-chain-platform/vendor/laravel/framework/src/Illuminate/Database/Query/Builder.php(3091): Illuminate/Database/Query/Builder->runSelect()
#13 C:/Users/Victus/supply-chain-platform/vendor/laravel/framework/src/Illuminate/Database/Query/Builder.php(3676): Illuminate/Database/Query/Builder->Illuminate/Database/Query/{closure}()
#14 C:/Users/Victus/supply-chain-platform/vendor/laravel/framework/src/Illuminate/Database/Query/Builder.php(3090): Illuminate/Database/Query/Builder->onceWithColumns(Array, Object(Closure))
#15 C:/Users/Victus/supply-chain-platform/vendor/laravel/framework/src/Illuminate/Database/Query/Builder.php(3603): Illuminate/Database/Query/Builder->get(Array)
#16 C:/Users/Victus/supply-chain-platform/vendor/laravel/framework/src/Illuminate/Database/Query/Builder.php(3531): Illuminate/Database/Query/Builder->aggregate('count', Array)
#17 C:/Users/Victus/supply-chain-platform/vendor/laravel/framework/src/Illuminate/Validation/DatabasePresenceVerifier.php(54): Illuminate/Database/Query/Builder->count()
#18 C:/Users/Victus/supply-chain-platform/vendor/laravel/framework/src/Illuminate/Validation/Concerns/ValidatesAttributes.php(1033): Illuminate/Validation/DatabasePresenceVerifier->getCount('users', 'email', 'anas@gmail.com', NULL, NULL, Array)
#19 C:/Users/Victus/supply-chain-platform/vendor/laravel/framework/src/Illuminate/Validation/Validator.php(686): Illuminate/Validation/Validator->validateUnique('email', 'anas@gmail.com', Array, Object(Illuminate/Validation/Validator))
#20 C:/Users/Victus/supply-chain-platform/vendor/laravel/framework/src/Illuminate/Validation/Validator.php(481): Illuminate/Validation/Validator->validateAttribute('email', 'Unique')
#21 C:/Users/Victus/supply-chain-platform/vendor/laravel/framework/src/Illuminate/Validation/Validator.php(516): Illuminate/Validation/Validator->passes()
#22 C:/Users/Victus/supply-chain-platform/vendor/laravel/framework/src/Illuminate/Validation/Validator.php(558): Illuminate/Validation/Validator->fails()
#23 C:/Users/Victus/supply-chain-platform/vendor/laravel/framework/src/Illuminate/Foundation/Providers/FoundationServiceProvider.php(155): Illuminate/Validation/Validator->validate()
#24 C:/Users/Victus/supply-chain-platform/vendor/laravel/framework/src/Illuminate/Macroable/Traits/Macroable.php(126): Illuminate/Http/Request->Illuminate/Foundation/Providers/{closure}(Array)
#25 C:/Users/Victus/supply-chain-platform/app/Http/Controllers/AuthController.php(45): Illuminate/Http/Request->__call('validate', Array)
#26 C:/Users/Victus/supply-chain-platform/vendor/laravel/framework/src/Illuminate/Routing/ControllerDispatcher.php(47): App/Http/Controllers/AuthController->register(Object(Illuminate/Http/Request))
#27 C:/Users/Victus/supply-chain-platform/vendor/laravel/framework/src/Illuminate/Routing/Route.php(266): Illuminate/Routing/ControllerDispatcher->dispatch(Object(Illuminate/Routing/Route), Object(App/Http/Controllers/AuthController), 'register')
#28 C:/Users/Victus/supply-chain-platform/vendor/laravel/framework/src/Illuminate/Routing/Route.php(212): Illuminate/Routing/Route->runController()
#29 C:/Users/Victus/supply-chain-platform/vendor/laravel/framework/src/Illuminate/Routing/Router.php(808): Illuminate/Routing/Route->run()
#30 C:/Users/Victus/supply-chain-platform/vendor/laravel/framework/src/Illuminate/Pipeline/Pipeline.php(170): Illuminate/Routing/Router->Illuminate/Routing/{closure}(Object(Illuminate/Http/Request))
#31 C:/Users/Victus/supply-chain-platform/vendor/laravel/framework/src/Illuminate/Routing/Middleware/SubstituteBindings.php(51): Illuminate/Pipeline/Pipeline->Illuminate/Pipeline/{closure}(Object(Illuminate/Http/Request))
#32 C:/Users/Victus/supply-chain-platform/vendor/laravel/framework/src/Illuminate/Pipeline/Pipeline.php(209): Illuminate/Routing/Middleware/SubstituteBindings->handle(Object(Illuminate/Http/Request), Object(Closure))
#33 C:/Users/Victus/supply-chain-platform/vendor/laravel/framework/src/Illuminate/Foundation/Http/Middleware/VerifyCsrfToken.php(88): Illuminate/Pipeline/Pipeline->Illuminate/Pipeline/{closure}(Object(Illuminate/Http/Request))
#34 C:/Users/Victus/supply-chain-platform/vendor/laravel/framework/src/Illuminate/Pipeline/Pipeline.php(209): Illuminate/Foundation/Http/Middleware/VerifyCsrfToken->handle(Object(Illuminate/Http/Request), Object(Closure))
#35 C:/Users/Victus/supply-chain-platform/vendor/laravel/framework/src/Illuminate/View/Middleware/ShareErrorsFromSession.php(49): Illuminate/Pipeline/Pipeline->Illuminate/Pipeline/{closure}(Object(Illuminate/Http/Request))
#36 C:/Users/Victus/supply-chain-platform/vendor/laravel/framework/src/Illuminate/Pipeline/Pipeline.php(209): Illuminate/View/Middleware/ShareErrorsFromSession->handle(Object(Illuminate/Http/Request), Object(Closure))
#37 C:/Users/Victus/supply-chain-platform/vendor/laravel/framework/src/Illuminate/Session/Middleware/StartSession.php(121): Illuminate/Pipeline/Pipeline->Illuminate/Pipeline/{closure}(Object(Illuminate/Http/Request))
#38 C:/Users/Victus/supply-chain-platform/vendor/laravel/framework/src/Illuminate/Session/Middleware/StartSession.php(64): Illuminate/Session/Middleware/StartSession->handleStatefulRequest(Object(Illuminate/Http/Request), Object(Illuminate/Session/Store), Object(Closure))
#39 C:/Users/Victus/supply-chain-platform/vendor/laravel/framework/src/Illuminate/Pipeline/Pipeline.php(209): Illuminate/Session/Middleware/StartSession->handle(Object(Illuminate/Http/Request), Object(Closure))
#40 C:/Users/Victus/supply-chain-platform/vendor/laravel/framework/src/Illuminate/Cookie/Middleware/AddQueuedCookiesToResponse.php(37): Illuminate/Pipeline/Pipeline->Illuminate/Pipeline/{closure}(Object(Illuminate/Http/Request))
#41 C:/Users/Victus/supply-chain-platform/vendor/laravel/framework/src/Illuminate/Pipeline/Pipeline.php(209): Illuminate/Cookie/Middleware/AddQueuedCookiesToResponse->handle(Object(Illuminate/Http/Request), Object(Closure))
#42 C:/Users/Victus/supply-chain-platform/vendor/laravel/framework/src/Illuminate/Cookie/Middleware/EncryptCookies.php(75): Illuminate/Pipeline/Pipeline->Illuminate/Pipeline/{closure}(Object(Illuminate/Http/Request))
#43 C:/Users/Victus/supply-chain-platform/vendor/laravel/framework/src/Illuminate/Pipeline/Pipeline.php(209): Illuminate/Cookie/Middleware/EncryptCookies->handle(Object(Illuminate/Http/Request), Object(Closure))
#44 C:/Users/Victus/supply-chain-platform/vendor/laravel/framework/src/Illuminate/Pipeline/Pipeline.php(127): Illuminate/Pipeline/Pipeline->Illuminate/Pipeline/{closure}(Object(Illuminate/Http/Request))
#45 C:/Users/Victus/supply-chain-platform/vendor/laravel/framework/src/Illuminate/Routing/Router.php(807): Illuminate/Pipeline/Pipeline->then(Object(Closure))
#46 C:/Users/Victus/supply-chain-platform/vendor/laravel/framework/src/Illuminate/Routing/Router.php(786): Illuminate/Routing/Router->runRouteWithinStack(Object(Illuminate/Routing/Route), Object(Illuminate/Http/Request))
#47 C:/Users/Victus/supply-chain-platform/vendor/laravel/framework/src/Illuminate/Routing/Router.php(750): Illuminate/Routing/Router->runRoute(Object(Illuminate/Http/Request), Object(Illuminate/Routing/Route))
#48 C:/Users/Victus/supply-chain-platform/vendor/laravel/framework/src/Illuminate/Routing/Router.php(739): Illuminate/Routing/Router->dispatchToRoute(Object(Illuminate/Http/Request))
#49 C:/Users/Victus/supply-chain-platform/vendor/laravel/framework/src/Illuminate/Foundation/Http/Kernel.php(201): Illuminate/Routing/Router->dispatch(Object(Illuminate/Http/Request))
#50 C:/Users/Victus/supply-chain-platform/vendor/laravel/framework/src/Illuminate/Pipeline/Pipeline.php(170): Illuminate/Foundation/Http/Kernel->Illuminate/Foundation/Http/{closure}(Object(Illuminate/Http/Request))
#51 C:/Users/Victus/supply-chain-platform/app/Http/Middleware/CopyrightMiddleware.php(16): Illuminate/Pipeline/Pipeline->Illuminate/Pipeline/{closure}(Object(Illuminate/Http/Request))
#52 C:/Users/Victus/supply-chain-platform/vendor/laravel/framework/src/Illuminate/Pipeline/Pipeline.php(209): App/Http/Middleware/CopyrightMiddleware->handle(Object(Illuminate/Http/Request), Object(Closure))
#53 C:/Users/Victus/supply-chain-platform/vendor/laravel/framework/src/Illuminate/Foundation/Http/Middleware/TransformsRequest.php(21): Illuminate/Pipeline/Pipeline->Illuminate/Pipeline/{closure}(Object(Illuminate/Http/Request))
#54 C:/Users/Victus/supply-chain-platform/vendor/laravel/framework/src/Illuminate/Foundation/Http/Middleware/ConvertEmptyStringsToNull.php(31): Illuminate/Foundation/Http/Middleware/TransformsRequest->handle(Object(Illuminate/Http/Request), Object(Closure))
#55 C:/Users/Victus/supply-chain-platform/vendor/laravel/framework/src/Illuminate/Pipeline/Pipeline.php(209): Illuminate/Foundation/Http/Middleware/ConvertEmptyStringsToNull->handle(Object(Illuminate/Http/Request), Object(Closure))
#56 C:/Users/Victus/supply-chain-platform/vendor/laravel/framework/src/Illuminate/Foundation/Http/Middleware/TransformsRequest.php(21): Illuminate/Pipeline/Pipeline->Illuminate/Pipeline/{closure}(Object(Illuminate/Http/Request))
#57 C:/Users/Victus/supply-chain-platform/vendor/laravel/framework/src/Illuminate/Foundation/Http/Middleware/TrimStrings.php(51): Illuminate/Foundation/Http/Middleware/TransformsRequest->handle(Object(Illuminate/Http/Request), Object(Closure))
#58 C:/Users/Victus/supply-chain-platform/vendor/laravel/framework/src/Illuminate/Pipeline/Pipeline.php(209): Illuminate/Foundation/Http/Middleware/TrimStrings->handle(Object(Illuminate/Http/Request), Object(Closure))
#59 C:/Users/Victus/supply-chain-platform/vendor/laravel/framework/src/Illuminate/Http/Middleware/ValidatePostSize.php(27): Illuminate/Pipeline/Pipeline->Illuminate/Pipeline/{closure}(Object(Illuminate/Http/Request))
#60 C:/Users/Victus/supply-chain-platform/vendor/laravel/framework/src/Illuminate/Pipeline/Pipeline.php(209): Illuminate/Http/Middleware/ValidatePostSize->handle(Object(Illuminate/Http/Request), Object(Closure))
#61 C:/Users/Victus/supply-chain-platform/vendor/laravel/framework/src/Illuminate/Foundation/Http/Middleware/PreventRequestsDuringMaintenance.php(110): Illuminate/Pipeline/Pipeline->Illuminate/Pipeline/{closure}(Object(Illuminate/Http/Request))
#62 C:/Users/Victus/supply-chain-platform/vendor/laravel/framework/src/Illuminate/Pipeline/Pipeline.php(209): Illuminate/Foundation/Http/Middleware/PreventRequestsDuringMaintenance->handle(Object(Illuminate/Http/Request), Object(Closure))
#63 C:/Users/Victus/supply-chain-platform/vendor/laravel/framework/src/Illuminate/Http/Middleware/HandleCors.php(49): Illuminate/Pipeline/Pipeline->Illuminate/Pipeline/{closure}(Object(Illuminate/Http/Request))
#64 C:/Users/Victus/supply-chain-platform/vendor/laravel/framework/src/Illuminate/Pipeline/Pipeline.php(209): Illuminate/Http/Middleware/HandleCors->handle(Object(Illuminate/Http/Request), Object(Closure))
#65 C:/Users/Victus/supply-chain-platform/vendor/laravel/framework/src/Illuminate/Http/Middleware/TrustProxies.php(58): Illuminate/Pipeline/Pipeline->Illuminate/Pipeline/{closure}(Object(Illuminate/Http/Request))
#66 C:/Users/Victus/supply-chain-platform/vendor/laravel/framework/src/Illuminate/Pipeline/Pipeline.php(209): Illuminate/Http/Middleware/TrustProxies->handle(Object(Illuminate/Http/Request), Object(Closure))
#67 C:/Users/Victus/supply-chain-platform/vendor/laravel/framework/src/Illuminate/Foundation/Http/Middleware/InvokeDeferredCallbacks.php(22): Illuminate/Pipeline/Pipeline->Illuminate/Pipeline/{closure}(Object(Illuminate/Http/Request))
#68 C:/Users/Victus/supply-chain-platform/vendor/laravel/framework/src/Illuminate/Pipeline/Pipeline.php(209): Illuminate/Foundation/Http/Middleware/InvokeDeferredCallbacks->handle(Object(Illuminate/Http/Request), Object(Closure))
#69 C:/Users/Victus/supply-chain-platform/vendor/laravel/framework/src/Illuminate/Pipeline/Pipeline.php(127): Illuminate/Pipeline/Pipeline->Illuminate/Pipeline/{closure}(Object(Illuminate/Http/Request))
#70 C:/Users/Victus/supply-chain-platform/vendor/laravel/framework/src/Illuminate/Foundation/Http/Kernel.php(176): Illuminate/Pipeline/Pipeline->then(Object(Closure))
#71 C:/Users/Victus/supply-chain-platform/vendor/laravel/framework/src/Illuminate/Foundation/Http/Kernel.php(145): Illuminate/Foundation/Http/Kernel->sendRequestThroughRouter(Object(Illuminate/Http/Request))
#72 C:/Users/Victus/supply-chain-platform/vendor/laravel/framework/src/Illuminate/Foundation/Application.php(1220): Illuminate/Foundation/Http/Kernel->handle(Object(Illuminate/Http/Request))
#73 C:/Users/Victus/supply-chain-platform/public/index.php(20): Illuminate/Foundation/Application->handleRequest(Object(Illuminate/Http/Request))
#74 C:/Users/Victus/supply-chain-platform/vendor/laravel/framework/src/Illuminate/Foundation/resources/server.php(23): require_once('C://Users//Victus...')
#75 {main}
"} 
[2026-07-20 20:49:58] local.ERROR: SQLSTATE[HY000] [1049] Unknown database 'supply_chain_db' (Connection: mysql, SQL: select * from `users` where `email` = anas@gmail.com limit 1) {"exception":"[object] (Illuminate\\Database\\QueryException(code: 1049): SQLSTATE[HY000] [1049] Unknown database 'supply_chain_db' (Connection: mysql, SQL: select * from `users` where `email` = anas@gmail.com limit 1) at C:/Users/Victus/supply-chain-platform/vendor/laravel/framework/src/Illuminate/Database/Connection.php:825)
[stacktrace]
#0 C:/Users/Victus/supply-chain-platform/vendor/laravel/framework/src/Illuminate/Database/Connection.php(779): Illuminate/Database/Connection->runQueryCallback('select * from `...', Array, Object(Closure))
#1 C:/Users/Victus/supply-chain-platform/vendor/laravel/framework/src/Illuminate/Database/Connection.php(398): Illuminate/Database/Connection->run('select * from `...', Array, Object(Closure))
#2 C:/Users/Victus/supply-chain-platform/vendor/laravel/framework/src/Illuminate/Database/Query/Builder.php(3106): Illuminate/Database/Connection->select('select * from `...', Array, true)
#3 C:/Users/Victus/supply-chain-platform/vendor/laravel/framework/src/Illuminate/Database/Query/Builder.php(3091): Illuminate/Database/Query/Builder->runSelect()
#4 C:/Users/Victus/supply-chain-platform/vendor/laravel/framework/src/Illuminate/Database/Query/Builder.php(3676): Illuminate/Database/Query/Builder->Illuminate/Database/Query/{closure}()
#5 C:/Users/Victus/supply-chain-platform/vendor/laravel/framework/src/Illuminate/Database/Query/Builder.php(3090): Illuminate/Database/Query/Builder->onceWithColumns(Array, Object(Closure))
#6 C:/Users/Victus/supply-chain-platform/vendor/laravel/framework/src/Illuminate/Database/Eloquent/Builder.php(811): Illuminate/Database/Query/Builder->get(Array)
#7 C:/Users/Victus/supply-chain-platform/vendor/laravel/framework/src/Illuminate/Database/Eloquent/Builder.php(793): Illuminate/Database/Eloquent/Builder->getModels(Array)
#8 C:/Users/Victus/supply-chain-platform/vendor/laravel/framework/src/Illuminate/Database/Concerns/BuildsQueries.php(343): Illuminate/Database/Eloquent/Builder->get(Array)
#9 C:/Users/Victus/supply-chain-platform/vendor/laravel/framework/src/Illuminate/Auth/EloquentUserProvider.php(139): Illuminate/Database/Eloquent/Builder->first()
#10 C:/Users/Victus/supply-chain-platform/vendor/laravel/framework/src/Illuminate/Auth/SessionGuard.php(415): Illuminate/Auth/EloquentUserProvider->retrieveByCredentials(Object(SensitiveParameterValue))
#11 C:/Users/Victus/supply-chain-platform/vendor/laravel/framework/src/Illuminate/Support/Timebox.php(34): Illuminate/Auth/SessionGuard->Illuminate/Auth/{closure}(Object(Illuminate/Support/Timebox))
#12 C:/Users/Victus/supply-chain-platform/vendor/laravel/framework/src/Illuminate/Auth/SessionGuard.php(412): Illuminate/Support/Timebox->call(Object(Closure), 200000)
#13 C:/Users/Victus/supply-chain-platform/vendor/laravel/framework/src/Illuminate/Auth/AuthManager.php(340): Illuminate/Auth/SessionGuard->attempt(Array, true)
#14 C:/Users/Victus/supply-chain-platform/vendor/laravel/framework/src/Illuminate/Support/Facades/Facade.php(361): Illuminate/Auth/AuthManager->__call('attempt', Array)
#15 C:/Users/Victus/supply-chain-platform/app/Http/Controllers/AuthController.php(26): Illuminate/Support/Facades/Facade::__callStatic('attempt', Array)
#16 C:/Users/Victus/supply-chain-platform/vendor/laravel/framework/src/Illuminate/Routing/ControllerDispatcher.php(47): App/Http/Controllers/AuthController->login(Object(Illuminate/Http/Request))
#17 C:/Users/Victus/supply-chain-platform/vendor/laravel/framework/src/Illuminate/Routing/Route.php(266): Illuminate/Routing/ControllerDispatcher->dispatch(Object(Illuminate/Routing/Route), Object(App/Http/Controllers/AuthController), 'login')
#18 C:/Users/Victus/supply-chain-platform/vendor/laravel/framework/src/Illuminate/Routing/Route.php(212): Illuminate/Routing/Route->runController()
#19 C:/Users/Victus/supply-chain-platform/vendor/laravel/framework/src/Illuminate/Routing/Router.php(808): Illuminate/Routing/Route->run()
#20 C:/Users/Victus/supply-chain-platform/vendor/laravel/framework/src/Illuminate/Pipeline/Pipeline.php(170): Illuminate/Routing/Router->Illuminate/Routing/{closure}(Object(Illuminate/Http/Request))
#21 C:/Users/Victus/supply-chain-platform/vendor/laravel/framework/src/Illuminate/Routing/Middleware/SubstituteBindings.php(51): Illuminate/Pipeline/Pipeline->Illuminate/Pipeline/{closure}(Object(Illuminate/Http/Request))
#22 C:/Users/Victus/supply-chain-platform/vendor/laravel/framework/src/Illuminate/Pipeline/Pipeline.php(209): Illuminate/Routing/Middleware/SubstituteBindings->handle(Object(Illuminate/Http/Request), Object(Closure))
#23 C:/Users/Victus/supply-chain-platform/vendor/laravel/framework/src/Illuminate/Foundation/Http/Middleware/VerifyCsrfToken.php(88): Illuminate/Pipeline/Pipeline->Illuminate/Pipeline/{closure}(Object(Illuminate/Http/Request))
#24 C:/Users/Victus/supply-chain-platform/vendor/laravel/framework/src/Illuminate/Pipeline/Pipeline.php(209): Illuminate/Foundation/Http/Middleware/VerifyCsrfToken->handle(Object(Illuminate/Http/Request), Object(Closure))
#25 C:/Users/Victus/supply-chain-platform/vendor/laravel/framework/src/Illuminate/View/Middleware/ShareErrorsFromSession.php(49): Illuminate/Pipeline/Pipeline->Illuminate/Pipeline/{closure}(Object(Illuminate/Http/Request))
#26 C:/Users/Victus/supply-chain-platform/vendor/laravel/framework/src/Illuminate/Pipeline/Pipeline.php(209): Illuminate/View/Middleware/ShareErrorsFromSession->handle(Object(Illuminate/Http/Request), Object(Closure))
#27 C:/Users/Victus/supply-chain-platform/vendor/laravel/framework/src/Illuminate/Session/Middleware/StartSession.php(121): Illuminate/Pipeline/Pipeline->Illuminate/Pipeline/{closure}(Object(Illuminate/Http/Request))
#28 C:/Users/Victus/supply-chain-platform/vendor/laravel/framework/src/Illuminate/Session/Middleware/StartSession.php(64): Illuminate/Session/Middleware/StartSession->handleStatefulRequest(Object(Illuminate/Http/Request), Object(Illuminate/Session/Store), Object(Closure))
#29 C:/Users/Victus/supply-chain-platform/vendor/laravel/framework/src/Illuminate/Pipeline/Pipeline.php(209): Illuminate/Session/Middleware/StartSession->handle(Object(Illuminate/Http/Request), Object(Closure))
#30 C:/Users/Victus/supply-chain-platform/vendor/laravel/framework/src/Illuminate/Cookie/Middleware/AddQueuedCookiesToResponse.php(37): Illuminate/Pipeline/Pipeline->Illuminate/Pipeline/{closure}(Object(Illuminate/Http/Request))
#31 C:/Users/Victus/supply-chain-platform/vendor/laravel/framework/src/Illuminate/Pipeline/Pipeline.php(209): Illuminate/Cookie/Middleware/AddQueuedCookiesToResponse->handle(Object(Illuminate/Http/Request), Object(Closure))
#32 C:/Users/Victus/supply-chain-platform/vendor/laravel/framework/src/Illuminate/Cookie/Middleware/EncryptCookies.php(75): Illuminate/Pipeline/Pipeline->Illuminate/Pipeline/{closure}(Object(Illuminate/Http/Request))
#33 C:/Users/Victus/supply-chain-platform/vendor/laravel/framework/src/Illuminate/Pipeline/Pipeline.php(209): Illuminate/Cookie/Middleware/EncryptCookies->handle(Object(Illuminate/Http/Request), Object(Closure))
#34 C:/Users/Victus/supply-chain-platform/vendor/laravel/framework/src/Illuminate/Pipeline/Pipeline.php(127): Illuminate/Pipeline/Pipeline->Illuminate/Pipeline/{closure}(Object(Illuminate/Http/Request))
#35 C:/Users/Victus/supply-chain-platform/vendor/laravel/framework/src/Illuminate/Routing/Router.php(807): Illuminate/Pipeline/Pipeline->then(Object(Closure))
#36 C:/Users/Victus/supply-chain-platform/vendor/laravel/framework/src/Illuminate/Routing/Router.php(786): Illuminate/Routing/Router->runRouteWithinStack(Object(Illuminate/Routing/Route), Object(Illuminate/Http/Request))
#37 C:/Users/Victus/supply-chain-platform/vendor/laravel/framework/src/Illuminate/Routing/Router.php(750): Illuminate/Routing/Router->runRoute(Object(Illuminate/Http/Request), Object(Illuminate/Routing/Route))
#38 C:/Users/Victus/supply-chain-platform/vendor/laravel/framework/src/Illuminate/Routing/Router.php(739): Illuminate/Routing/Router->dispatchToRoute(Object(Illuminate/Http/Request))
#39 C:/Users/Victus/supply-chain-platform/vendor/laravel/framework/src/Illuminate/Foundation/Http/Kernel.php(201): Illuminate/Routing/Router->dispatch(Object(Illuminate/Http/Request))
#40 C:/Users/Victus/supply-chain-platform/vendor/laravel/framework/src/Illuminate/Pipeline/Pipeline.php(170): Illuminate/Foundation/Http/Kernel->Illuminate/Foundation/Http/{closure}(Object(Illuminate/Http/Request))
#41 C:/Users/Victus/supply-chain-platform/app/Http/Middleware/CopyrightMiddleware.php(16): Illuminate/Pipeline/Pipeline->Illuminate/Pipeline/{closure}(Object(Illuminate/Http/Request))
#42 C:/Users/Victus/supply-chain-platform/vendor/laravel/framework/src/Illuminate/Pipeline/Pipeline.php(209): App/Http/Middleware/CopyrightMiddleware->handle(Object(Illuminate/Http/Request), Object(Closure))
#43 C:/Users/Victus/supply-chain-platform/vendor/laravel/framework/src/Illuminate/Foundation/Http/Middleware/TransformsRequest.php(21): Illuminate/Pipeline/Pipeline->Illuminate/Pipeline/{closure}(Object(Illuminate/Http/Request))
#44 C:/Users/Victus/supply-chain-platform/vendor/laravel/framework/src/Illuminate/Foundation/Http/Middleware/ConvertEmptyStringsToNull.php(31): Illuminate/Foundation/Http/Middleware/TransformsRequest->handle(Object(Illuminate/Http/Request), Object(Closure))
#45 C:/Users/Victus/supply-chain-platform/vendor/laravel/framework/src/Illuminate/Pipeline/Pipeline.php(209): Illuminate/Foundation/Http/Middleware/ConvertEmptyStringsToNull->handle(Object(Illuminate/Http/Request), Object(Closure))
#46 C:/Users/Victus/supply-chain-platform/vendor/laravel/framework/src/Illuminate/Foundation/Http/Middleware/TransformsRequest.php(21): Illuminate/Pipeline/Pipeline->Illuminate/Pipeline/{closure}(Object(Illuminate/Http/Request))
#47 C:/Users/Victus/supply-chain-platform/vendor/laravel/framework/src/Illuminate/Foundation/Http/Middleware/TrimStrings.php(51): Illuminate/Foundation/Http/Middleware/TransformsRequest->handle(Object(Illuminate/Http/Request), Object(Closure))
#48 C:/Users/Victus/supply-chain-platform/vendor/laravel/framework/src/Illuminate/Pipeline/Pipeline.php(209): Illuminate/Foundation/Http/Middleware/TrimStrings->handle(Object(Illuminate/Http/Request), Object(Closure))
#49 C:/Users/Victus/supply-chain-platform/vendor/laravel/framework/src/Illuminate/Http/Middleware/ValidatePostSize.php(27): Illuminate/Pipeline/Pipeline->Illuminate/Pipeline/{closure}(Object(Illuminate/Http/Request))
#50 C:/Users/Victus/supply-chain-platform/vendor/laravel/framework/src/Illuminate/Pipeline/Pipeline.php(209): Illuminate/Http/Middleware/ValidatePostSize->handle(Object(Illuminate/Http/Request), Object(Closure))
#51 C:/Users/Victus/supply-chain-platform/vendor/laravel/framework/src/Illuminate/Foundation/Http/Middleware/PreventRequestsDuringMaintenance.php(110): Illuminate/Pipeline/Pipeline->Illuminate/Pipeline/{closure}(Object(Illuminate/Http/Request))
#52 C:/Users/Victus/supply-chain-platform/vendor/laravel/framework/src/Illuminate/Pipeline/Pipeline.php(209): Illuminate/Foundation/Http/Middleware/PreventRequestsDuringMaintenance->handle(Object(Illuminate/Http/Request), Object(Closure))
#53 C:/Users/Victus/supply-chain-platform/vendor/laravel/framework/src/Illuminate/Http/Middleware/HandleCors.php(49): Illuminate/Pipeline/Pipeline->Illuminate/Pipeline/{closure}(Object(Illuminate/Http/Request))
#54 C:/Users/Victus/supply-chain-platform/vendor/laravel/framework/src/Illuminate/Pipeline/Pipeline.php(209): Illuminate/Http/Middleware/HandleCors->handle(Object(Illuminate/Http/Request), Object(Closure))
#55 C:/Users/Victus/supply-chain-platform/vendor/laravel/framework/src/Illuminate/Http/Middleware/TrustProxies.php(58): Illuminate/Pipeline/Pipeline->Illuminate/Pipeline/{closure}(Object(Illuminate/Http/Request))
#56 C:/Users/Victus/supply-chain-platform/vendor/laravel/framework/src/Illuminate/Pipeline/Pipeline.php(209): Illuminate/Http/Middleware/TrustProxies->handle(Object(Illuminate/Http/Request), Object(Closure))
#57 C:/Users/Victus/supply-chain-platform/vendor/laravel/framework/src/Illuminate/Foundation/Http/Middleware/InvokeDeferredCallbacks.php(22): Illuminate/Pipeline/Pipeline->Illuminate/Pipeline/{closure}(Object(Illuminate/Http/Request))
#58 C:/Users/Victus/supply-chain-platform/vendor/laravel/framework/src/Illuminate/Pipeline/Pipeline.php(209): Illuminate/Foundation/Http/Middleware/InvokeDeferredCallbacks->handle(Object(Illuminate/Http/Request), Object(Closure))
#59 C:/Users/Victus/supply-chain-platform/vendor/laravel/framework/src/Illuminate/Pipeline/Pipeline.php(127): Illuminate/Pipeline/Pipeline->Illuminate/Pipeline/{closure}(Object(Illuminate/Http/Request))
#60 C:/Users/Victus/supply-chain-platform/vendor/laravel/framework/src/Illuminate/Foundation/Http/Kernel.php(176): Illuminate/Pipeline/Pipeline->then(Object(Closure))
#61 C:/Users/Victus/supply-chain-platform/vendor/laravel/framework/src/Illuminate/Foundation/Http/Kernel.php(145): Illuminate/Foundation/Http/Kernel->sendRequestThroughRouter(Object(Illuminate/Http/Request))
#62 C:/Users/Victus/supply-chain-platform/vendor/laravel/framework/src/Illuminate/Foundation/Application.php(1220): Illuminate/Foundation/Http/Kernel->handle(Object(Illuminate/Http/Request))
#63 C:/Users/Victus/supply-chain-platform/public/index.php(20): Illuminate/Foundation/Application->handleRequest(Object(Illuminate/Http/Request))
#64 C:/Users/Victus/supply-chain-platform/vendor/laravel/framework/src/Illuminate/Foundation/resources/server.php(23): require_once('C://Users//Victus...')
#65 {main}

[previous exception] [object] (PDOException(code: 1049): SQLSTATE[HY000] [1049] Unknown database 'supply_chain_db' at C:/Users/Victus/supply-chain-platform/vendor/laravel/framework/src/Illuminate/Database/Connectors/Connector.php:66)
[stacktrace]
#0 C:/Users/Victus/supply-chain-platform/vendor/laravel/framework/src/Illuminate/Database/Connectors/Connector.php(66): PDO->__construct('mysql:host=127....', 'root', Object(SensitiveParameterValue), Array)
#1 C:/Users/Victus/supply-chain-platform/vendor/laravel/framework/src/Illuminate/Database/Connectors/Connector.php(44): Illuminate/Database/Connectors/Connector->createPdoConnection('mysql:host=127....', 'root', Object(SensitiveParameterValue), Array)
#2 C:/Users/Victus/supply-chain-platform/vendor/laravel/framework/src/Illuminate/Database/Connectors/MySqlConnector.php(24): Illuminate/Database/Connectors/Connector->createConnection('mysql:host=127....', Array, Array)
#3 C:/Users/Victus/supply-chain-platform/vendor/laravel/framework/src/Illuminate/Database/Connectors/ConnectionFactory.php(185): Illuminate/Database/Connectors/MySqlConnector->connect(Array)
#4 [internal function]: Illuminate/Database/Connectors/ConnectionFactory->Illuminate/Database/Connectors/{closure}()
#5 C:/Users/Victus/supply-chain-platform/vendor/laravel/framework/src/Illuminate/Database/Connection.php(1231): call_user_func(Object(Closure))
#6 C:/Users/Victus/supply-chain-platform/vendor/laravel/framework/src/Illuminate/Database/Connection.php(1267): Illuminate/Database/Connection->getPdo()
#7 C:/Users/Victus/supply-chain-platform/vendor/laravel/framework/src/Illuminate/Database/Connection.php(512): Illuminate/Database/Connection->getReadPdo()
#8 C:/Users/Victus/supply-chain-platform/vendor/laravel/framework/src/Illuminate/Database/Connection.php(407): Illuminate/Database/Connection->getPdoForSelect(true)
#9 C:/Users/Victus/supply-chain-platform/vendor/laravel/framework/src/Illuminate/Database/Connection.php(812): Illuminate/Database/Connection->Illuminate/Database/{closure}('select * from `...', Array)
#10 C:/Users/Victus/supply-chain-platform/vendor/laravel/framework/src/Illuminate/Database/Connection.php(779): Illuminate/Database/Connection->runQueryCallback('select * from `...', Array, Object(Closure))
#11 C:/Users/Victus/supply-chain-platform/vendor/laravel/framework/src/Illuminate/Database/Connection.php(398): Illuminate/Database/Connection->run('select * from `...', Array, Object(Closure))
#12 C:/Users/Victus/supply-chain-platform/vendor/laravel/framework/src/Illuminate/Database/Query/Builder.php(3106): Illuminate/Database/Connection->select('select * from `...', Array, true)
#13 C:/Users/Victus/supply-chain-platform/vendor/laravel/framework/src/Illuminate/Database/Query/Builder.php(3091): Illuminate/Database/Query/Builder->runSelect()
#14 C:/Users/Victus/supply-chain-platform/vendor/laravel/framework/src/Illuminate/Database/Query/Builder.php(3676): Illuminate/Database/Query/Builder->Illuminate/Database/Query/{closure}()
#15 C:/Users/Victus/supply-chain-platform/vendor/laravel/framework/src/Illuminate/Database/Query/Builder.php(3090): Illuminate/Database/Query/Builder->onceWithColumns(Array, Object(Closure))
#16 C:/Users/Victus/supply-chain-platform/vendor/laravel/framework/src/Illuminate/Database/Eloquent/Builder.php(811): Illuminate/Database/Query/Builder->get(Array)
#17 C:/Users/Victus/supply-chain-platform/vendor/laravel/framework/src/Illuminate/Database/Eloquent/Builder.php(793): Illuminate/Database/Eloquent/Builder->getModels(Array)
#18 C:/Users/Victus/supply-chain-platform/vendor/laravel/framework/src/Illuminate/Database/Concerns/BuildsQueries.php(343): Illuminate/Database/Eloquent/Builder->get(Array)
#19 C:/Users/Victus/supply-chain-platform/vendor/laravel/framework/src/Illuminate/Auth/EloquentUserProvider.php(139): Illuminate/Database/Eloquent/Builder->first()
#20 C:/Users/Victus/supply-chain-platform/vendor/laravel/framework/src/Illuminate/Auth/SessionGuard.php(415): Illuminate/Auth/EloquentUserProvider->retrieveByCredentials(Object(SensitiveParameterValue))
#21 C:/Users/Victus/supply-chain-platform/vendor/laravel/framework/src/Illuminate/Support/Timebox.php(34): Illuminate/Auth/SessionGuard->Illuminate/Auth/{closure}(Object(Illuminate/Support/Timebox))
#22 C:/Users/Victus/supply-chain-platform/vendor/laravel/framework/src/Illuminate/Auth/SessionGuard.php(412): Illuminate/Support/Timebox->call(Object(Closure), 200000)
#23 C:/Users/Victus/supply-chain-platform/vendor/laravel/framework/src/Illuminate/Auth/AuthManager.php(340): Illuminate/Auth/SessionGuard->attempt(Array, true)
#24 C:/Users/Victus/supply-chain-platform/vendor/laravel/framework/src/Illuminate/Support/Facades/Facade.php(361): Illuminate/Auth/AuthManager->__call('attempt', Array)
#25 C:/Users/Victus/supply-chain-platform/app/Http/Controllers/AuthController.php(26): Illuminate/Support/Facades/Facade::__callStatic('attempt', Array)
#26 C:/Users/Victus/supply-chain-platform/vendor/laravel/framework/src/Illuminate/Routing/ControllerDispatcher.php(47): App/Http/Controllers/AuthController->login(Object(Illuminate/Http/Request))
#27 C:/Users/Victus/supply-chain-platform/vendor/laravel/framework/src/Illuminate/Routing/Route.php(266): Illuminate/Routing/ControllerDispatcher->dispatch(Object(Illuminate/Routing/Route), Object(App/Http/Controllers/AuthController), 'login')
#28 C:/Users/Victus/supply-chain-platform/vendor/laravel/framework/src/Illuminate/Routing/Route.php(212): Illuminate/Routing/Route->runController()
#29 C:/Users/Victus/supply-chain-platform/vendor/laravel/framework/src/Illuminate/Routing/Router.php(808): Illuminate/Routing/Route->run()
#30 C:/Users/Victus/supply-chain-platform/vendor/laravel/framework/src/Illuminate/Pipeline/Pipeline.php(170): Illuminate/Routing/Router->Illuminate/Routing/{closure}(Object(Illuminate/Http/Request))
#31 C:/Users/Victus/supply-chain-platform/vendor/laravel/framework/src/Illuminate/Routing/Middleware/SubstituteBindings.php(51): Illuminate/Pipeline/Pipeline->Illuminate/Pipeline/{closure}(Object(Illuminate/Http/Request))
#32 C:/Users/Victus/supply-chain-platform/vendor/laravel/framework/src/Illuminate/Pipeline/Pipeline.php(209): Illuminate/Routing/Middleware/SubstituteBindings->handle(Object(Illuminate/Http/Request), Object(Closure))
#33 C:/Users/Victus/supply-chain-platform/vendor/laravel/framework/src/Illuminate/Foundation/Http/Middleware/VerifyCsrfToken.php(88): Illuminate/Pipeline/Pipeline->Illuminate/Pipeline/{closure}(Object(Illuminate/Http/Request))
#34 C:/Users/Victus/supply-chain-platform/vendor/laravel/framework/src/Illuminate/Pipeline/Pipeline.php(209): Illuminate/Foundation/Http/Middleware/VerifyCsrfToken->handle(Object(Illuminate/Http/Request), Object(Closure))
#35 C:/Users/Victus/supply-chain-platform/vendor/laravel/framework/src/Illuminate/View/Middleware/ShareErrorsFromSession.php(49): Illuminate/Pipeline/Pipeline->Illuminate/Pipeline/{closure}(Object(Illuminate/Http/Request))
#36 C:/Users/Victus/supply-chain-platform/vendor/laravel/framework/src/Illuminate/Pipeline/Pipeline.php(209): Illuminate/View/Middleware/ShareErrorsFromSession->handle(Object(Illuminate/Http/Request), Object(Closure))
#37 C:/Users/Victus/supply-chain-platform/vendor/laravel/framework/src/Illuminate/Session/Middleware/StartSession.php(121): Illuminate/Pipeline/Pipeline->Illuminate/Pipeline/{closure}(Object(Illuminate/Http/Request))
#38 C:/Users/Victus/supply-chain-platform/vendor/laravel/framework/src/Illuminate/Session/Middleware/StartSession.php(64): Illuminate/Session/Middleware/StartSession->handleStatefulRequest(Object(Illuminate/Http/Request), Object(Illuminate/Session/Store), Object(Closure))
#39 C:/Users/Victus/supply-chain-platform/vendor/laravel/framework/src/Illuminate/Pipeline/Pipeline.php(209): Illuminate/Session/Middleware/StartSession->handle(Object(Illuminate/Http/Request), Object(Closure))
#40 C:/Users/Victus/supply-chain-platform/vendor/laravel/framework/src/Illuminate/Cookie/Middleware/AddQueuedCookiesToResponse.php(37): Illuminate/Pipeline/Pipeline->Illuminate/Pipeline/{closure}(Object(Illuminate/Http/Request))
#41 C:/Users/Victus/supply-chain-platform/vendor/laravel/framework/src/Illuminate/Pipeline/Pipeline.php(209): Illuminate/Cookie/Middleware/AddQueuedCookiesToResponse->handle(Object(Illuminate/Http/Request), Object(Closure))
#42 C:/Users/Victus/supply-chain-platform/vendor/laravel/framework/src/Illuminate/Cookie/Middleware/EncryptCookies.php(75): Illuminate/Pipeline/Pipeline->Illuminate/Pipeline/{closure}(Object(Illuminate/Http/Request))
#43 C:/Users/Victus/supply-chain-platform/vendor/laravel/framework/src/Illuminate/Pipeline/Pipeline.php(209): Illuminate/Cookie/Middleware/EncryptCookies->handle(Object(Illuminate/Http/Request), Object(Closure))
#44 C:/Users/Victus/supply-chain-platform/vendor/laravel/framework/src/Illuminate/Pipeline/Pipeline.php(127): Illuminate/Pipeline/Pipeline->Illuminate/Pipeline/{closure}(Object(Illuminate/Http/Request))
#45 C:/Users/Victus/supply-chain-platform/vendor/laravel/framework/src/Illuminate/Routing/Router.php(807): Illuminate/Pipeline/Pipeline->then(Object(Closure))
#46 C:/Users/Victus/supply-chain-platform/vendor/laravel/framework/src/Illuminate/Routing/Router.php(786): Illuminate/Routing/Router->runRouteWithinStack(Object(Illuminate/Routing/Route), Object(Illuminate/Http/Request))
#47 C:/Users/Victus/supply-chain-platform/vendor/laravel/framework/src/Illuminate/Routing/Router.php(750): Illuminate/Routing/Router->runRoute(Object(Illuminate/Http/Request), Object(Illuminate/Routing/Route))
#48 C:/Users/Victus/supply-chain-platform/vendor/laravel/framework/src/Illuminate/Routing/Router.php(739): Illuminate/Routing/Router->dispatchToRoute(Object(Illuminate/Http/Request))
#49 C:/Users/Victus/supply-chain-platform/vendor/laravel/framework/src/Illuminate/Foundation/Http/Kernel.php(201): Illuminate/Routing/Router->dispatch(Object(Illuminate/Http/Request))
#50 C:/Users/Victus/supply-chain-platform/vendor/laravel/framework/src/Illuminate/Pipeline/Pipeline.php(170): Illuminate/Foundation/Http/Kernel->Illuminate/Foundation/Http/{closure}(Object(Illuminate/Http/Request))
#51 C:/Users/Victus/supply-chain-platform/app/Http/Middleware/CopyrightMiddleware.php(16): Illuminate/Pipeline/Pipeline->Illuminate/Pipeline/{closure}(Object(Illuminate/Http/Request))
#52 C:/Users/Victus/supply-chain-platform/vendor/laravel/framework/src/Illuminate/Pipeline/Pipeline.php(209): App/Http/Middleware/CopyrightMiddleware->handle(Object(Illuminate/Http/Request), Object(Closure))
#53 C:/Users/Victus/supply-chain-platform/vendor/laravel/framework/src/Illuminate/Foundation/Http/Middleware/TransformsRequest.php(21): Illuminate/Pipeline/Pipeline->Illuminate/Pipeline/{closure}(Object(Illuminate/Http/Request))
#54 C:/Users/Victus/supply-chain-platform/vendor/laravel/framework/src/Illuminate/Foundation/Http/Middleware/ConvertEmptyStringsToNull.php(31): Illuminate/Foundation/Http/Middleware/TransformsRequest->handle(Object(Illuminate/Http/Request), Object(Closure))
#55 C:/Users/Victus/supply-chain-platform/vendor/laravel/framework/src/Illuminate/Pipeline/Pipeline.php(209): Illuminate/Foundation/Http/Middleware/ConvertEmptyStringsToNull->handle(Object(Illuminate/Http/Request), Object(Closure))
#56 C:/Users/Victus/supply-chain-platform/vendor/laravel/framework/src/Illuminate/Foundation/Http/Middleware/TransformsRequest.php(21): Illuminate/Pipeline/Pipeline->Illuminate/Pipeline/{closure}(Object(Illuminate/Http/Request))
#57 C:/Users/Victus/supply-chain-platform/vendor/laravel/framework/src/Illuminate/Foundation/Http/Middleware/TrimStrings.php(51): Illuminate/Foundation/Http/Middleware/TransformsRequest->handle(Object(Illuminate/Http/Request), Object(Closure))
#58 C:/Users/Victus/supply-chain-platform/vendor/laravel/framework/src/Illuminate/Pipeline/Pipeline.php(209): Illuminate/Foundation/Http/Middleware/TrimStrings->handle(Object(Illuminate/Http/Request), Object(Closure))
#59 C:/Users/Victus/supply-chain-platform/vendor/laravel/framework/src/Illuminate/Http/Middleware/ValidatePostSize.php(27): Illuminate/Pipeline/Pipeline->Illuminate/Pipeline/{closure}(Object(Illuminate/Http/Request))
#60 C:/Users/Victus/supply-chain-platform/vendor/laravel/framework/src/Illuminate/Pipeline/Pipeline.php(209): Illuminate/Http/Middleware/ValidatePostSize->handle(Object(Illuminate/Http/Request), Object(Closure))
#61 C:/Users/Victus/supply-chain-platform/vendor/laravel/framework/src/Illuminate/Foundation/Http/Middleware/PreventRequestsDuringMaintenance.php(110): Illuminate/Pipeline/Pipeline->Illuminate/Pipeline/{closure}(Object(Illuminate/Http/Request))
#62 C:/Users/Victus/supply-chain-platform/vendor/laravel/framework/src/Illuminate/Pipeline/Pipeline.php(209): Illuminate/Foundation/Http/Middleware/PreventRequestsDuringMaintenance->handle(Object(Illuminate/Http/Request), Object(Closure))
#63 C:/Users/Victus/supply-chain-platform/vendor/laravel/framework/src/Illuminate/Http/Middleware/HandleCors.php(49): Illuminate/Pipeline/Pipeline->Illuminate/Pipeline/{closure}(Object(Illuminate/Http/Request))
#64 C:/Users/Victus/supply-chain-platform/vendor/laravel/framework/src/Illuminate/Pipeline/Pipeline.php(209): Illuminate/Http/Middleware/HandleCors->handle(Object(Illuminate/Http/Request), Object(Closure))
#65 C:/Users/Victus/supply-chain-platform/vendor/laravel/framework/src/Illuminate/Http/Middleware/TrustProxies.php(58): Illuminate/Pipeline/Pipeline->Illuminate/Pipeline/{closure}(Object(Illuminate/Http/Request))
#66 C:/Users/Victus/supply-chain-platform/vendor/laravel/framework/src/Illuminate/Pipeline/Pipeline.php(209): Illuminate/Http/Middleware/TrustProxies->handle(Object(Illuminate/Http/Request), Object(Closure))
#67 C:/Users/Victus/supply-chain-platform/vendor/laravel/framework/src/Illuminate/Foundation/Http/Middleware/InvokeDeferredCallbacks.php(22): Illuminate/Pipeline/Pipeline->Illuminate/Pipeline/{closure}(Object(Illuminate/Http/Request))
#68 C:/Users/Victus/supply-chain-platform/vendor/laravel/framework/src/Illuminate/Pipeline/Pipeline.php(209): Illuminate/Foundation/Http/Middleware/InvokeDeferredCallbacks->handle(Object(Illuminate/Http/Request), Object(Closure))
#69 C:/Users/Victus/supply-chain-platform/vendor/laravel/framework/src/Illuminate/Pipeline/Pipeline.php(127): Illuminate/Pipeline/Pipeline->Illuminate/Pipeline/{closure}(Object(Illuminate/Http/Request))
#70 C:/Users/Victus/supply-chain-platform/vendor/laravel/framework/src/Illuminate/Foundation/Http/Kernel.php(176): Illuminate/Pipeline/Pipeline->then(Object(Closure))
#71 C:/Users/Victus/supply-chain-platform/vendor/laravel/framework/src/Illuminate/Foundation/Http/Kernel.php(145): Illuminate/Foundation/Http/Kernel->sendRequestThroughRouter(Object(Illuminate/Http/Request))
#72 C:/Users/Victus/supply-chain-platform/vendor/laravel/framework/src/Illuminate/Foundation/Application.php(1220): Illuminate/Foundation/Http/Kernel->handle(Object(Illuminate/Http/Request))
#73 C:/Users/Victus/supply-chain-platform/public/index.php(20): Illuminate/Foundation/Application->handleRequest(Object(Illuminate/Http/Request))
#74 C:/Users/Victus/supply-chain-platform/vendor/laravel/framework/src/Illuminate/Foundation/resources/server.php(23): require_once('C://Users//Victus...')
#75 {main}
"} 
[2026-07-20 21:10:11] local.ERROR: SQLSTATE[HY000] [2002] No connection could be made because the target machine actively refused it (Connection: mysql, SQL: select exists (select 1 from information_schema.tables where table_schema = 'globalsupplaychain' and table_name = 'migrations' and table_type in ('BASE TABLE', 'SYSTEM VERSIONED')) as `exists`) {"exception":"[object] (Illuminate\\Database\\QueryException(code: 2002): SQLSTATE[HY000] [2002] No connection could be made because the target machine actively refused it (Connection: mysql, SQL: select exists (select 1 from information_schema.tables where table_schema = 'globalsupplaychain' and table_name = 'migrations' and table_type in ('BASE TABLE', 'SYSTEM VERSIONED')) as `exists`) at C:/Users/Victus/supply-chain-platform/vendor/laravel/framework/src/Illuminate/Database/Connection.php:825)
[stacktrace]
#0 C:/Users/Victus/supply-chain-platform/vendor/laravel/framework/src/Illuminate/Database/Connection.php(979): Illuminate/Database/Connection->runQueryCallback('select exists (...', Array, Object(Closure))
#1 C:/Users/Victus/supply-chain-platform/vendor/laravel/framework/src/Illuminate/Database/Connection.php(958): Illuminate/Database/Connection->tryAgainIfCausedByLostConnection(Object(Illuminate/Database/QueryException), 'select exists (...', Array, Object(Closure))
#2 C:/Users/Victus/supply-chain-platform/vendor/laravel/framework/src/Illuminate/Database/Connection.php(781): Illuminate/Database/Connection->handleQueryException(Object(Illuminate/Database/QueryException), 'select exists (...', Array, Object(Closure))
#3 C:/Users/Victus/supply-chain-platform/vendor/laravel/framework/src/Illuminate/Database/Connection.php(398): Illuminate/Database/Connection->run('select exists (...', Array, Object(Closure))
#4 C:/Users/Victus/supply-chain-platform/vendor/laravel/framework/src/Illuminate/Database/Connection.php(344): Illuminate/Database/Connection->select('select exists (...', Array, true)
#5 C:/Users/Victus/supply-chain-platform/vendor/laravel/framework/src/Illuminate/Database/Connection.php(361): Illuminate/Database/Connection->selectOne('select exists (...', Array, true)
#6 C:/Users/Victus/supply-chain-platform/vendor/laravel/framework/src/Illuminate/Database/Schema/MySqlBuilder.php(45): Illuminate/Database/Connection->scalar('select exists (...')
#7 C:/Users/Victus/supply-chain-platform/vendor/laravel/framework/src/Illuminate/Database/Migrations/DatabaseMigrationRepository.php(184): Illuminate/Database/Schema/MySqlBuilder->hasTable('migrations')
#8 C:/Users/Victus/supply-chain-platform/vendor/laravel/framework/src/Illuminate/Database/Migrations/Migrator.php(742): Illuminate/Database/Migrations/DatabaseMigrationRepository->repositoryExists()
#9 C:/Users/Victus/supply-chain-platform/vendor/laravel/framework/src/Illuminate/Database/Console/Migrations/StatusCommand.php(56): Illuminate/Database/Migrations/Migrator->repositoryExists()
#10 C:/Users/Victus/supply-chain-platform/vendor/laravel/framework/src/Illuminate/Database/Migrations/Migrator.php(658): Illuminate/Database/Console/Migrations/StatusCommand->Illuminate/Database/Console/Migrations/{closure}()
#11 C:/Users/Victus/supply-chain-platform/vendor/laravel/framework/src/Illuminate/Database/Console/Migrations/StatusCommand.php(55): Illuminate/Database/Migrations/Migrator->usingConnection(NULL, Object(Closure))
#12 C:/Users/Victus/supply-chain-platform/vendor/laravel/framework/src/Illuminate/Container/BoundMethod.php(36): Illuminate/Database/Console/Migrations/StatusCommand->handle()
#13 C:/Users/Victus/supply-chain-platform/vendor/laravel/framework/src/Illuminate/Container/Util.php(43): Illuminate/Container/BoundMethod::Illuminate/Container/{closure}()
#14 C:/Users/Victus/supply-chain-platform/vendor/laravel/framework/src/Illuminate/Container/BoundMethod.php(95): Illuminate/Container/Util::unwrapIfClosure(Object(Closure))
#15 C:/Users/Victus/supply-chain-platform/vendor/laravel/framework/src/Illuminate/Container/BoundMethod.php(35): Illuminate/Container/BoundMethod::callBoundMethod(Object(Illuminate/Foundation/Application), Array, Object(Closure))
#16 C:/Users/Victus/supply-chain-platform/vendor/laravel/framework/src/Illuminate/Container/Container.php(696): Illuminate/Container/BoundMethod::call(Object(Illuminate/Foundation/Application), Array, Array, NULL)
#17 C:/Users/Victus/supply-chain-platform/vendor/laravel/framework/src/Illuminate/Console/Command.php(213): Illuminate/Container/Container->call(Array)
#18 C:/Users/Victus/supply-chain-platform/vendor/symfony/console/Command/Command.php(341): Illuminate/Console/Command->execute(Object(Symfony/Component/Console/Input/ArgvInput), Object(Illuminate/Console/OutputStyle))
#19 C:/Users/Victus/supply-chain-platform/vendor/laravel/framework/src/Illuminate/Console/Command.php(182): Symfony/Component/Console/Command/Command->run(Object(Symfony/Component/Console/Input/ArgvInput), Object(Illuminate/Console/OutputStyle))
#20 C:/Users/Victus/supply-chain-platform/vendor/symfony/console/Application.php(1117): Illuminate/Console/Command->run(Object(Symfony/Component/Console/Input/ArgvInput), Object(Symfony/Component/Console/Output/ConsoleOutput))
#21 C:/Users/Victus/supply-chain-platform/vendor/symfony/console/Application.php(356): Symfony/Component/Console/Application->doRunCommand(Object(Illuminate/Database/Console/Migrations/StatusCommand), Object(Symfony/Component/Console/Input/ArgvInput), Object(Symfony/Component/Console/Output/ConsoleOutput))
#22 C:/Users/Victus/supply-chain-platform/vendor/symfony/console/Application.php(195): Symfony/Component/Console/Application->doRun(Object(Symfony/Component/Console/Input/ArgvInput), Object(Symfony/Component/Console/Output/ConsoleOutput))
#23 C:/Users/Victus/supply-chain-platform/vendor/laravel/framework/src/Illuminate/Foundation/Console/Kernel.php(198): Symfony/Component/Console/Application->run(Object(Symfony/Component/Console/Input/ArgvInput), Object(Symfony/Component/Console/Output/ConsoleOutput))
#24 C:/Users/Victus/supply-chain-platform/vendor/laravel/framework/src/Illuminate/Foundation/Application.php(1235): Illuminate/Foundation/Console/Kernel->handle(Object(Symfony/Component/Console/Input/ArgvInput), Object(Symfony/Component/Console/Output/ConsoleOutput))
#25 C:/Users/Victus/supply-chain-platform/artisan(17): Illuminate/Foundation/Application->handleCommand(Object(Symfony/Component/Console/Input/ArgvInput))
#26 {main}

[previous exception] [object] (PDOException(code: 2002): SQLSTATE[HY000] [2002] No connection could be made because the target machine actively refused it at C:/Users/Victus/supply-chain-platform/vendor/laravel/framework/src/Illuminate/Database/Connectors/Connector.php:66)
[stacktrace]
#0 C:/Users/Victus/supply-chain-platform/vendor/laravel/framework/src/Illuminate/Database/Connectors/Connector.php(66): PDO->__construct('mysql:host=127....', 'root', Object(SensitiveParameterValue), Array)
#1 C:/Users/Victus/supply-chain-platform/vendor/laravel/framework/src/Illuminate/Database/Connectors/Connector.php(85): Illuminate/Database/Connectors/Connector->createPdoConnection('mysql:host=127....', 'root', Object(SensitiveParameterValue), Array)
#2 C:/Users/Victus/supply-chain-platform/vendor/laravel/framework/src/Illuminate/Database/Connectors/Connector.php(48): Illuminate/Database/Connectors/Connector->tryAgainIfCausedByLostConnection(Object(PDOException), 'mysql:host=127....', 'root', Object(SensitiveParameterValue), Array)
#3 C:/Users/Victus/supply-chain-platform/vendor/laravel/framework/src/Illuminate/Database/Connectors/MySqlConnector.php(24): Illuminate/Database/Connectors/Connector->createConnection('mysql:host=127....', Array, Array)
#4 C:/Users/Victus/supply-chain-platform/vendor/laravel/framework/src/Illuminate/Database/Connectors/ConnectionFactory.php(185): Illuminate/Database/Connectors/MySqlConnector->connect(Array)
#5 [internal function]: Illuminate/Database/Connectors/ConnectionFactory->Illuminate/Database/Connectors/{closure}()
#6 C:/Users/Victus/supply-chain-platform/vendor/laravel/framework/src/Illuminate/Database/Connection.php(1231): call_user_func(Object(Closure))
#7 C:/Users/Victus/supply-chain-platform/vendor/laravel/framework/src/Illuminate/Database/Connection.php(1267): Illuminate/Database/Connection->getPdo()
#8 C:/Users/Victus/supply-chain-platform/vendor/laravel/framework/src/Illuminate/Database/Connection.php(512): Illuminate/Database/Connection->getReadPdo()
#9 C:/Users/Victus/supply-chain-platform/vendor/laravel/framework/src/Illuminate/Database/Connection.php(407): Illuminate/Database/Connection->getPdoForSelect(true)
#10 C:/Users/Victus/supply-chain-platform/vendor/laravel/framework/src/Illuminate/Database/Connection.php(812): Illuminate/Database/Connection->Illuminate/Database/{closure}('select exists (...', Array)
#11 C:/Users/Victus/supply-chain-platform/vendor/laravel/framework/src/Illuminate/Database/Connection.php(979): Illuminate/Database/Connection->runQueryCallback('select exists (...', Array, Object(Closure))
#12 C:/Users/Victus/supply-chain-platform/vendor/laravel/framework/src/Illuminate/Database/Connection.php(958): Illuminate/Database/Connection->tryAgainIfCausedByLostConnection(Object(Illuminate/Database/QueryException), 'select exists (...', Array, Object(Closure))
#13 C:/Users/Victus/supply-chain-platform/vendor/laravel/framework/src/Illuminate/Database/Connection.php(781): Illuminate/Database/Connection->handleQueryException(Object(Illuminate/Database/QueryException), 'select exists (...', Array, Object(Closure))
#14 C:/Users/Victus/supply-chain-platform/vendor/laravel/framework/src/Illuminate/Database/Connection.php(398): Illuminate/Database/Connection->run('select exists (...', Array, Object(Closure))
#15 C:/Users/Victus/supply-chain-platform/vendor/laravel/framework/src/Illuminate/Database/Connection.php(344): Illuminate/Database/Connection->select('select exists (...', Array, true)
#16 C:/Users/Victus/supply-chain-platform/vendor/laravel/framework/src/Illuminate/Database/Connection.php(361): Illuminate/Database/Connection->selectOne('select exists (...', Array, true)
#17 C:/Users/Victus/supply-chain-platform/vendor/laravel/framework/src/Illuminate/Database/Schema/MySqlBuilder.php(45): Illuminate/Database/Connection->scalar('select exists (...')
#18 C:/Users/Victus/supply-chain-platform/vendor/laravel/framework/src/Illuminate/Database/Migrations/DatabaseMigrationRepository.php(184): Illuminate/Database/Schema/MySqlBuilder->hasTable('migrations')
#19 C:/Users/Victus/supply-chain-platform/vendor/laravel/framework/src/Illuminate/Database/Migrations/Migrator.php(742): Illuminate/Database/Migrations/DatabaseMigrationRepository->repositoryExists()
#20 C:/Users/Victus/supply-chain-platform/vendor/laravel/framework/src/Illuminate/Database/Console/Migrations/StatusCommand.php(56): Illuminate/Database/Migrations/Migrator->repositoryExists()
#21 C:/Users/Victus/supply-chain-platform/vendor/laravel/framework/src/Illuminate/Database/Migrations/Migrator.php(658): Illuminate/Database/Console/Migrations/StatusCommand->Illuminate/Database/Console/Migrations/{closure}()
#22 C:/Users/Victus/supply-chain-platform/vendor/laravel/framework/src/Illuminate/Database/Console/Migrations/StatusCommand.php(55): Illuminate/Database/Migrations/Migrator->usingConnection(NULL, Object(Closure))
#23 C:/Users/Victus/supply-chain-platform/vendor/laravel/framework/src/Illuminate/Container/BoundMethod.php(36): Illuminate/Database/Console/Migrations/StatusCommand->handle()
#24 C:/Users/Victus/supply-chain-platform/vendor/laravel/framework/src/Illuminate/Container/Util.php(43): Illuminate/Container/BoundMethod::Illuminate/Container/{closure}()
#25 C:/Users/Victus/supply-chain-platform/vendor/laravel/framework/src/Illuminate/Container/BoundMethod.php(95): Illuminate/Container/Util::unwrapIfClosure(Object(Closure))
#26 C:/Users/Victus/supply-chain-platform/vendor/laravel/framework/src/Illuminate/Container/BoundMethod.php(35): Illuminate/Container/BoundMethod::callBoundMethod(Object(Illuminate/Foundation/Application), Array, Object(Closure))
#27 C:/Users/Victus/supply-chain-platform/vendor/laravel/framework/src/Illuminate/Container/Container.php(696): Illuminate/Container/BoundMethod::call(Object(Illuminate/Foundation/Application), Array, Array, NULL)
#28 C:/Users/Victus/supply-chain-platform/vendor/laravel/framework/src/Illuminate/Console/Command.php(213): Illuminate/Container/Container->call(Array)
#29 C:/Users/Victus/supply-chain-platform/vendor/symfony/console/Command/Command.php(341): Illuminate/Console/Command->execute(Object(Symfony/Component/Console/Input/ArgvInput), Object(Illuminate/Console/OutputStyle))
#30 C:/Users/Victus/supply-chain-platform/vendor/laravel/framework/src/Illuminate/Console/Command.php(182): Symfony/Component/Console/Command/Command->run(Object(Symfony/Component/Console/Input/ArgvInput), Object(Illuminate/Console/OutputStyle))
#31 C:/Users/Victus/supply-chain-platform/vendor/symfony/console/Application.php(1117): Illuminate/Console/Command->run(Object(Symfony/Component/Console/Input/ArgvInput), Object(Symfony/Component/Console/Output/ConsoleOutput))
#32 C:/Users/Victus/supply-chain-platform/vendor/symfony/console/Application.php(356): Symfony/Component/Console/Application->doRunCommand(Object(Illuminate/Database/Console/Migrations/StatusCommand), Object(Symfony/Component/Console/Input/ArgvInput), Object(Symfony/Component/Console/Output/ConsoleOutput))
#33 C:/Users/Victus/supply-chain-platform/vendor/symfony/console/Application.php(195): Symfony/Component/Console/Application->doRun(Object(Symfony/Component/Console/Input/ArgvInput), Object(Symfony/Component/Console/Output/ConsoleOutput))
#34 C:/Users/Victus/supply-chain-platform/vendor/laravel/framework/src/Illuminate/Foundation/Console/Kernel.php(198): Symfony/Component/Console/Application->run(Object(Symfony/Component/Console/Input/ArgvInput), Object(Symfony/Component/Console/Output/ConsoleOutput))
#35 C:/Users/Victus/supply-chain-platform/vendor/laravel/framework/src/Illuminate/Foundation/Application.php(1235): Illuminate/Foundation/Console/Kernel->handle(Object(Symfony/Component/Console/Input/ArgvInput), Object(Symfony/Component/Console/Output/ConsoleOutput))
#36 C:/Users/Victus/supply-chain-platform/artisan(17): Illuminate/Foundation/Application->handleCommand(Object(Symfony/Component/Console/Input/ArgvInput))
#37 {main}
"} 
[2026-07-20 21:10:38] local.ERROR: SQLSTATE[HY000] [1049] Unknown database 'globalsupplaychain' (Connection: mysql, SQL: select exists (select 1 from information_schema.tables where table_schema = 'globalsupplaychain' and table_name = 'migrations' and table_type in ('BASE TABLE', 'SYSTEM VERSIONED')) as `exists`) {"exception":"[object] (Illuminate\\Database\\QueryException(code: 1049): SQLSTATE[HY000] [1049] Unknown database 'globalsupplaychain' (Connection: mysql, SQL: select exists (select 1 from information_schema.tables where table_schema = 'globalsupplaychain' and table_name = 'migrations' and table_type in ('BASE TABLE', 'SYSTEM VERSIONED')) as `exists`) at C:/Users/Victus/supply-chain-platform/vendor/laravel/framework/src/Illuminate/Database/Connection.php:825)
[stacktrace]
#0 C:/Users/Victus/supply-chain-platform/vendor/laravel/framework/src/Illuminate/Database/Connection.php(779): Illuminate/Database/Connection->runQueryCallback('select exists (...', Array, Object(Closure))
#1 C:/Users/Victus/supply-chain-platform/vendor/laravel/framework/src/Illuminate/Database/Connection.php(398): Illuminate/Database/Connection->run('select exists (...', Array, Object(Closure))
#2 C:/Users/Victus/supply-chain-platform/vendor/laravel/framework/src/Illuminate/Database/Connection.php(344): Illuminate/Database/Connection->select('select exists (...', Array, true)
#3 C:/Users/Victus/supply-chain-platform/vendor/laravel/framework/src/Illuminate/Database/Connection.php(361): Illuminate/Database/Connection->selectOne('select exists (...', Array, true)
#4 C:/Users/Victus/supply-chain-platform/vendor/laravel/framework/src/Illuminate/Database/Schema/MySqlBuilder.php(45): Illuminate/Database/Connection->scalar('select exists (...')
#5 C:/Users/Victus/supply-chain-platform/vendor/laravel/framework/src/Illuminate/Database/Migrations/DatabaseMigrationRepository.php(184): Illuminate/Database/Schema/MySqlBuilder->hasTable('migrations')
#6 C:/Users/Victus/supply-chain-platform/vendor/laravel/framework/src/Illuminate/Database/Migrations/Migrator.php(742): Illuminate/Database/Migrations/DatabaseMigrationRepository->repositoryExists()
#7 C:/Users/Victus/supply-chain-platform/vendor/laravel/framework/src/Illuminate/Database/Console/Migrations/StatusCommand.php(56): Illuminate/Database/Migrations/Migrator->repositoryExists()
#8 C:/Users/Victus/supply-chain-platform/vendor/laravel/framework/src/Illuminate/Database/Migrations/Migrator.php(658): Illuminate/Database/Console/Migrations/StatusCommand->Illuminate/Database/Console/Migrations/{closure}()
#9 C:/Users/Victus/supply-chain-platform/vendor/laravel/framework/src/Illuminate/Database/Console/Migrations/StatusCommand.php(55): Illuminate/Database/Migrations/Migrator->usingConnection(NULL, Object(Closure))
#10 C:/Users/Victus/supply-chain-platform/vendor/laravel/framework/src/Illuminate/Container/BoundMethod.php(36): Illuminate/Database/Console/Migrations/StatusCommand->handle()
#11 C:/Users/Victus/supply-chain-platform/vendor/laravel/framework/src/Illuminate/Container/Util.php(43): Illuminate/Container/BoundMethod::Illuminate/Container/{closure}()
#12 C:/Users/Victus/supply-chain-platform/vendor/laravel/framework/src/Illuminate/Container/BoundMethod.php(95): Illuminate/Container/Util::unwrapIfClosure(Object(Closure))
#13 C:/Users/Victus/supply-chain-platform/vendor/laravel/framework/src/Illuminate/Container/BoundMethod.php(35): Illuminate/Container/BoundMethod::callBoundMethod(Object(Illuminate/Foundation/Application), Array, Object(Closure))
#14 C:/Users/Victus/supply-chain-platform/vendor/laravel/framework/src/Illuminate/Container/Container.php(696): Illuminate/Container/BoundMethod::call(Object(Illuminate/Foundation/Application), Array, Array, NULL)
#15 C:/Users/Victus/supply-chain-platform/vendor/laravel/framework/src/Illuminate/Console/Command.php(213): Illuminate/Container/Container->call(Array)
#16 C:/Users/Victus/supply-chain-platform/vendor/symfony/console/Command/Command.php(341): Illuminate/Console/Command->execute(Object(Symfony/Component/Console/Input/ArgvInput), Object(Illuminate/Console/OutputStyle))
#17 C:/Users/Victus/supply-chain-platform/vendor/laravel/framework/src/Illuminate/Console/Command.php(182): Symfony/Component/Console/Command/Command->run(Object(Symfony/Component/Console/Input/ArgvInput), Object(Illuminate/Console/OutputStyle))
#18 C:/Users/Victus/supply-chain-platform/vendor/symfony/console/Application.php(1117): Illuminate/Console/Command->run(Object(Symfony/Component/Console/Input/ArgvInput), Object(Symfony/Component/Console/Output/ConsoleOutput))
#19 C:/Users/Victus/supply-chain-platform/vendor/symfony/console/Application.php(356): Symfony/Component/Console/Application->doRunCommand(Object(Illuminate/Database/Console/Migrations/StatusCommand), Object(Symfony/Component/Console/Input/ArgvInput), Object(Symfony/Component/Console/Output/ConsoleOutput))
#20 C:/Users/Victus/supply-chain-platform/vendor/symfony/console/Application.php(195): Symfony/Component/Console/Application->doRun(Object(Symfony/Component/Console/Input/ArgvInput), Object(Symfony/Component/Console/Output/ConsoleOutput))
#21 C:/Users/Victus/supply-chain-platform/vendor/laravel/framework/src/Illuminate/Foundation/Console/Kernel.php(198): Symfony/Component/Console/Application->run(Object(Symfony/Component/Console/Input/ArgvInput), Object(Symfony/Component/Console/Output/ConsoleOutput))
#22 C:/Users/Victus/supply-chain-platform/vendor/laravel/framework/src/Illuminate/Foundation/Application.php(1235): Illuminate/Foundation/Console/Kernel->handle(Object(Symfony/Component/Console/Input/ArgvInput), Object(Symfony/Component/Console/Output/ConsoleOutput))
#23 C:/Users/Victus/supply-chain-platform/artisan(17): Illuminate/Foundation/Application->handleCommand(Object(Symfony/Component/Console/Input/ArgvInput))
#24 {main}

[previous exception] [object] (PDOException(code: 1049): SQLSTATE[HY000] [1049] Unknown database 'globalsupplaychain' at C:/Users/Victus/supply-chain-platform/vendor/laravel/framework/src/Illuminate/Database/Connectors/Connector.php:66)
[stacktrace]
#0 C:/Users/Victus/supply-chain-platform/vendor/laravel/framework/src/Illuminate/Database/Connectors/Connector.php(66): PDO->__construct('mysql:host=127....', 'root', Object(SensitiveParameterValue), Array)
#1 C:/Users/Victus/supply-chain-platform/vendor/laravel/framework/src/Illuminate/Database/Connectors/Connector.php(44): Illuminate/Database/Connectors/Connector->createPdoConnection('mysql:host=127....', 'root', Object(SensitiveParameterValue), Array)
#2 C:/Users/Victus/supply-chain-platform/vendor/laravel/framework/src/Illuminate/Database/Connectors/MySqlConnector.php(24): Illuminate/Database/Connectors/Connector->createConnection('mysql:host=127....', Array, Array)
#3 C:/Users/Victus/supply-chain-platform/vendor/laravel/framework/src/Illuminate/Database/Connectors/ConnectionFactory.php(185): Illuminate/Database/Connectors/MySqlConnector->connect(Array)
#4 [internal function]: Illuminate/Database/Connectors/ConnectionFactory->Illuminate/Database/Connectors/{closure}()
#5 C:/Users/Victus/supply-chain-platform/vendor/laravel/framework/src/Illuminate/Database/Connection.php(1231): call_user_func(Object(Closure))
#6 C:/Users/Victus/supply-chain-platform/vendor/laravel/framework/src/Illuminate/Database/Connection.php(1267): Illuminate/Database/Connection->getPdo()
#7 C:/Users/Victus/supply-chain-platform/vendor/laravel/framework/src/Illuminate/Database/Connection.php(512): Illuminate/Database/Connection->getReadPdo()
#8 C:/Users/Victus/supply-chain-platform/vendor/laravel/framework/src/Illuminate/Database/Connection.php(407): Illuminate/Database/Connection->getPdoForSelect(true)
#9 C:/Users/Victus/supply-chain-platform/vendor/laravel/framework/src/Illuminate/Database/Connection.php(812): Illuminate/Database/Connection->Illuminate/Database/{closure}('select exists (...', Array)
#10 C:/Users/Victus/supply-chain-platform/vendor/laravel/framework/src/Illuminate/Database/Connection.php(779): Illuminate/Database/Connection->runQueryCallback('select exists (...', Array, Object(Closure))
#11 C:/Users/Victus/supply-chain-platform/vendor/laravel/framework/src/Illuminate/Database/Connection.php(398): Illuminate/Database/Connection->run('select exists (...', Array, Object(Closure))
#12 C:/Users/Victus/supply-chain-platform/vendor/laravel/framework/src/Illuminate/Database/Connection.php(344): Illuminate/Database/Connection->select('select exists (...', Array, true)
#13 C:/Users/Victus/supply-chain-platform/vendor/laravel/framework/src/Illuminate/Database/Connection.php(361): Illuminate/Database/Connection->selectOne('select exists (...', Array, true)
#14 C:/Users/Victus/supply-chain-platform/vendor/laravel/framework/src/Illuminate/Database/Schema/MySqlBuilder.php(45): Illuminate/Database/Connection->scalar('select exists (...')
#15 C:/Users/Victus/supply-chain-platform/vendor/laravel/framework/src/Illuminate/Database/Migrations/DatabaseMigrationRepository.php(184): Illuminate/Database/Schema/MySqlBuilder->hasTable('migrations')
#16 C:/Users/Victus/supply-chain-platform/vendor/laravel/framework/src/Illuminate/Database/Migrations/Migrator.php(742): Illuminate/Database/Migrations/DatabaseMigrationRepository->repositoryExists()
#17 C:/Users/Victus/supply-chain-platform/vendor/laravel/framework/src/Illuminate/Database/Console/Migrations/StatusCommand.php(56): Illuminate/Database/Migrations/Migrator->repositoryExists()
#18 C:/Users/Victus/supply-chain-platform/vendor/laravel/framework/src/Illuminate/Database/Migrations/Migrator.php(658): Illuminate/Database/Console/Migrations/StatusCommand->Illuminate/Database/Console/Migrations/{closure}()
#19 C:/Users/Victus/supply-chain-platform/vendor/laravel/framework/src/Illuminate/Database/Console/Migrations/StatusCommand.php(55): Illuminate/Database/Migrations/Migrator->usingConnection(NULL, Object(Closure))
#20 C:/Users/Victus/supply-chain-platform/vendor/laravel/framework/src/Illuminate/Container/BoundMethod.php(36): Illuminate/Database/Console/Migrations/StatusCommand->handle()
#21 C:/Users/Victus/supply-chain-platform/vendor/laravel/framework/src/Illuminate/Container/Util.php(43): Illuminate/Container/BoundMethod::Illuminate/Container/{closure}()
#22 C:/Users/Victus/supply-chain-platform/vendor/laravel/framework/src/Illuminate/Container/BoundMethod.php(95): Illuminate/Container/Util::unwrapIfClosure(Object(Closure))
#23 C:/Users/Victus/supply-chain-platform/vendor/laravel/framework/src/Illuminate/Container/BoundMethod.php(35): Illuminate/Container/BoundMethod::callBoundMethod(Object(Illuminate/Foundation/Application), Array, Object(Closure))
#24 C:/Users/Victus/supply-chain-platform/vendor/laravel/framework/src/Illuminate/Container/Container.php(696): Illuminate/Container/BoundMethod::call(Object(Illuminate/Foundation/Application), Array, Array, NULL)
#25 C:/Users/Victus/supply-chain-platform/vendor/laravel/framework/src/Illuminate/Console/Command.php(213): Illuminate/Container/Container->call(Array)
#26 C:/Users/Victus/supply-chain-platform/vendor/symfony/console/Command/Command.php(341): Illuminate/Console/Command->execute(Object(Symfony/Component/Console/Input/ArgvInput), Object(Illuminate/Console/OutputStyle))
#27 C:/Users/Victus/supply-chain-platform/vendor/laravel/framework/src/Illuminate/Console/Command.php(182): Symfony/Component/Console/Command/Command->run(Object(Symfony/Component/Console/Input/ArgvInput), Object(Illuminate/Console/OutputStyle))
#28 C:/Users/Victus/supply-chain-platform/vendor/symfony/console/Application.php(1117): Illuminate/Console/Command->run(Object(Symfony/Component/Console/Input/ArgvInput), Object(Symfony/Component/Console/Output/ConsoleOutput))
#29 C:/Users/Victus/supply-chain-platform/vendor/symfony/console/Application.php(356): Symfony/Component/Console/Application->doRunCommand(Object(Illuminate/Database/Console/Migrations/StatusCommand), Object(Symfony/Component/Console/Input/ArgvInput), Object(Symfony/Component/Console/Output/ConsoleOutput))
#30 C:/Users/Victus/supply-chain-platform/vendor/symfony/console/Application.php(195): Symfony/Component/Console/Application->doRun(Object(Symfony/Component/Console/Input/ArgvInput), Object(Symfony/Component/Console/Output/ConsoleOutput))
#31 C:/Users/Victus/supply-chain-platform/vendor/laravel/framework/src/Illuminate/Foundation/Console/Kernel.php(198): Symfony/Component/Console/Application->run(Object(Symfony/Component/Console/Input/ArgvInput), Object(Symfony/Component/Console/Output/ConsoleOutput))
#32 C:/Users/Victus/supply-chain-platform/vendor/laravel/framework/src/Illuminate/Foundation/Application.php(1235): Illuminate/Foundation/Console/Kernel->handle(Object(Symfony/Component/Console/Input/ArgvInput), Object(Symfony/Component/Console/Output/ConsoleOutput))
#33 C:/Users/Victus/supply-chain-platform/artisan(17): Illuminate/Foundation/Application->handleCommand(Object(Symfony/Component/Console/Input/ArgvInput))
#34 {main}
"} 
[2026-07-20 22:04:11] local.ERROR: [worldbank] cURL error 28: Operation timed out after 15010 milliseconds with 0 bytes received (see https://curl.se/libcurl/c/libcurl-errors.html) for https://api.worldbank.org/v2/country/ID/indicator/NY.GDP.MKTP.CD?format=json&date=2025%3A2025&per_page=1  
[2026-07-20 22:04:26] local.ERROR: [worldbank] cURL error 28: Operation timed out after 15004 milliseconds with 0 bytes received (see https://curl.se/libcurl/c/libcurl-errors.html) for https://api.worldbank.org/v2/country/ID/indicator/NY.GDP.PCAP.CD?format=json&date=2025%3A2025&per_page=1  
[2026-07-20 22:04:41] local.ERROR: [worldbank] cURL error 28: Operation timed out after 15007 milliseconds with 0 bytes received (see https://curl.se/libcurl/c/libcurl-errors.html) for https://api.worldbank.org/v2/country/ID/indicator/FP.CPI.TOTL.ZG?format=json&date=2025%3A2025&per_page=1  
[2026-07-20 22:04:56] local.ERROR: Maximum execution time of 60 seconds exceeded {"userId":3,"exception":"[object] (Symfony\\Component\\ErrorHandler\\Error\\FatalError(code: 0): Maximum execution time of 60 seconds exceeded at C:/Users/Victus/supply-chain-platform/vendor/guzzlehttp/guzzle/src/Handler/CurlHandler.php:68)
[stacktrace]
#0 {main}
"} 
[2026-07-20 22:14:00] local.ERROR: [worldbank] cURL error 28: Operation timed out after 15003 milliseconds with 0 bytes received (see https://curl.se/libcurl/c/libcurl-errors.html) for https://api.worldbank.org/v2/country/ID/indicator/NY.GDP.MKTP.CD?format=json&date=2025%3A2025&per_page=1  
[2026-07-20 22:14:15] local.ERROR: [worldbank] cURL error 28: Operation timed out after 15014 milliseconds with 0 bytes received (see https://curl.se/libcurl/c/libcurl-errors.html) for https://api.worldbank.org/v2/country/ID/indicator/FP.CPI.TOTL.ZG?format=json&date=2025%3A2025&per_page=1  
[2026-07-20 22:14:30] local.ERROR: [worldbank] cURL error 28: Operation timed out after 15002 milliseconds with 0 bytes received (see https://curl.se/libcurl/c/libcurl-errors.html) for https://api.worldbank.org/v2/country/ID/indicator/SP.POP.TOTL?format=json&date=2025%3A2025&per_page=1  
[2026-07-20 22:14:45] local.ERROR: Maximum execution time of 60 seconds exceeded {"userId":3,"exception":"[object] (Symfony\\Component\\ErrorHandler\\Error\\FatalError(code: 0): Maximum execution time of 60 seconds exceeded at C:/Users/Victus/supply-chain-platform/vendor/guzzlehttp/guzzle/src/Handler/CurlHandler.php:68)
[stacktrace]
#0 {main}
"} 
[2026-07-20 22:15:01] local.ERROR: [worldbank] cURL error 28: Operation timed out after 15010 milliseconds with 0 bytes received (see https://curl.se/libcurl/c/libcurl-errors.html) for https://api.worldbank.org/v2/country/ID/indicator/NY.GDP.MKTP.CD?format=json&date=2025%3A2025&per_page=1  
[2026-07-20 22:15:17] local.ERROR: [worldbank] cURL error 28: Operation timed out after 15015 milliseconds with 0 bytes received (see https://curl.se/libcurl/c/libcurl-errors.html) for https://api.worldbank.org/v2/country/ID/indicator/FP.CPI.TOTL.ZG?format=json&date=2025%3A2025&per_page=1  
[2026-07-20 22:15:32] local.ERROR: [worldbank] cURL error 28: Operation timed out after 15004 milliseconds with 0 bytes received (see https://curl.se/libcurl/c/libcurl-errors.html) for https://api.worldbank.org/v2/country/ID/indicator/SP.POP.TOTL?format=json&date=2025%3A2025&per_page=1  
[2026-07-20 22:15:47] local.ERROR: Maximum execution time of 60 seconds exceeded {"userId":3,"exception":"[object] (Symfony\\Component\\ErrorHandler\\Error\\FatalError(code: 0): Maximum execution time of 60 seconds exceeded at C:/Users/Victus/supply-chain-platform/vendor/guzzlehttp/guzzle/src/Handler/CurlHandler.php:68)
[stacktrace]
#0 {main}
"} 
[2026-07-20 22:16:06] local.ERROR: [worldbank] cURL error 28: Operation timed out after 15013 milliseconds with 0 bytes received (see https://curl.se/libcurl/c/libcurl-errors.html) for https://api.worldbank.org/v2/country/ID/indicator/SP.POP.TOTL?format=json&date=2025%3A2025&per_page=1  
[2026-07-20 22:16:21] local.ERROR: [worldbank] cURL error 28: Operation timed out after 15005 milliseconds with 0 bytes received (see https://curl.se/libcurl/c/libcurl-errors.html) for https://api.worldbank.org/v2/country/ID/indicator/NE.EXP.GNFS.CD?format=json&date=2025%3A2025&per_page=1  
[2026-07-20 22:16:36] local.ERROR: [worldbank] cURL error 28: Operation timed out after 15002 milliseconds with 0 bytes received (see https://curl.se/libcurl/c/libcurl-errors.html) for https://api.worldbank.org/v2/country/ID/indicator/NE.IMP.GNFS.CD?format=json&date=2025%3A2025&per_page=1  
[2026-07-20 22:16:54] local.ERROR: Maximum execution time of 60 seconds exceeded {"userId":3,"exception":"[object] (Symfony\\Component\\ErrorHandler\\Error\\FatalError(code: 0): Maximum execution time of 60 seconds exceeded at C:/Users/Victus/supply-chain-platform/vendor/guzzlehttp/guzzle/src/Handler/CurlHandler.php:68)
[stacktrace]
#0 {main}
"} 
[2026-07-20 22:17:10] local.ERROR: [worldbank] cURL error 28: Operation timed out after 15012 milliseconds with 0 bytes received (see https://curl.se/libcurl/c/libcurl-errors.html) for https://api.worldbank.org/v2/country/CN/indicator/NY.GDP.MKTP.CD?format=json&date=2025%3A2025&per_page=1  
[2026-07-20 22:17:25] local.ERROR: [worldbank] cURL error 28: Operation timed out after 15010 milliseconds with 0 bytes received (see https://curl.se/libcurl/c/libcurl-errors.html) for https://api.worldbank.org/v2/country/CN/indicator/NY.GDP.PCAP.CD?format=json&date=2025%3A2025&per_page=1  
[2026-07-20 22:17:40] local.ERROR: [worldbank] cURL error 28: Operation timed out after 15002 milliseconds with 0 bytes received (see https://curl.se/libcurl/c/libcurl-errors.html) for https://api.worldbank.org/v2/country/CN/indicator/FP.CPI.TOTL.ZG?format=json&date=2025%3A2025&per_page=1  
[2026-07-20 22:17:55] local.ERROR: Maximum execution time of 60 seconds exceeded {"userId":3,"exception":"[object] (Symfony\\Component\\ErrorHandler\\Error\\FatalError(code: 0): Maximum execution time of 60 seconds exceeded at C:/Users/Victus/supply-chain-platform/vendor/guzzlehttp/guzzle/src/Handler/CurlHandler.php:68)
[stacktrace]
#0 {main}
"} 
[2026-07-20 22:23:31] local.ERROR: [worldbank] cURL error 28: Operation timed out after 15007 milliseconds with 0 bytes received (see https://curl.se/libcurl/c/libcurl-errors.html) for https://api.worldbank.org/v2/country/CN/indicator/NY.GDP.PCAP.CD?format=json&date=2025%3A2025&per_page=1  
[2026-07-20 22:23:47] local.ERROR: [worldbank] cURL error 28: Operation timed out after 15001 milliseconds with 0 bytes received (see https://curl.se/libcurl/c/libcurl-errors.html) for https://api.worldbank.org/v2/country/CN/indicator/SP.POP.TOTL?format=json&date=2025%3A2025&per_page=1  
[2026-07-20 22:24:02] local.ERROR: [worldbank] cURL error 28: Operation timed out after 15004 milliseconds with 0 bytes received (see https://curl.se/libcurl/c/libcurl-errors.html) for https://api.worldbank.org/v2/country/CN/indicator/NE.EXP.GNFS.CD?format=json&date=2025%3A2025&per_page=1  
[2026-07-20 22:24:17] local.ERROR: Maximum execution time of 60 seconds exceeded {"userId":3,"exception":"[object] (Symfony\\Component\\ErrorHandler\\Error\\FatalError(code: 0): Maximum execution time of 60 seconds exceeded at C:/Users/Victus/supply-chain-platform/vendor/guzzlehttp/guzzle/src/Handler/CurlHandler.php:68)
[stacktrace]
#0 {main}
"} 
[2026-07-20 22:25:59] local.ERROR: [worldbank] cURL error 28: Operation timed out after 15010 milliseconds with 0 bytes received (see https://curl.se/libcurl/c/libcurl-errors.html) for https://api.worldbank.org/v2/country/CN/indicator/SP.POP.TOTL?format=json&date=2025%3A2025&per_page=1  
[2026-07-20 22:26:17] local.ERROR: [worldbank] cURL error 28: Operation timed out after 15006 milliseconds with 0 bytes received (see https://curl.se/libcurl/c/libcurl-errors.html) for https://api.worldbank.org/v2/country/DE/indicator/NY.GDP.MKTP.CD?format=json&date=2025%3A2025&per_page=1  
[2026-07-20 22:26:32] local.ERROR: [worldbank] cURL error 28: Operation timed out after 15003 milliseconds with 0 bytes received (see https://curl.se/libcurl/c/libcurl-errors.html) for https://api.worldbank.org/v2/country/DE/indicator/NY.GDP.PCAP.CD?format=json&date=2025%3A2025&per_page=1  
[2026-07-20 22:26:47] local.ERROR: Maximum execution time of 60 seconds exceeded {"userId":3,"exception":"[object] (Symfony\\Component\\ErrorHandler\\Error\\FatalError(code: 0): Maximum execution time of 60 seconds exceeded at C:/Users/Victus/supply-chain-platform/vendor/guzzlehttp/guzzle/src/Handler/CurlHandler.php:68)
[stacktrace]
#0 {main}
"} 
[2026-07-20 22:27:03] local.ERROR: [worldbank] cURL error 28: Operation timed out after 15006 milliseconds with 0 bytes received (see https://curl.se/libcurl/c/libcurl-errors.html) for https://api.worldbank.org/v2/country/DE/indicator/NY.GDP.MKTP.CD?format=json&date=2025%3A2025&per_page=1  
[2026-07-20 22:27:18] local.ERROR: [worldbank] cURL error 28: Operation timed out after 15002 milliseconds with 0 bytes received (see https://curl.se/libcurl/c/libcurl-errors.html) for https://api.worldbank.org/v2/country/DE/indicator/NY.GDP.PCAP.CD?format=json&date=2025%3A2025&per_page=1  
[2026-07-20 22:27:33] local.ERROR: [worldbank] cURL error 28: Operation timed out after 15007 milliseconds with 0 bytes received (see https://curl.se/libcurl/c/libcurl-errors.html) for https://api.worldbank.org/v2/country/DE/indicator/FP.CPI.TOTL.ZG?format=json&date=2025%3A2025&per_page=1  
[2026-07-20 22:27:48] local.ERROR: Maximum execution time of 60 seconds exceeded {"userId":3,"exception":"[object] (Symfony\\Component\\ErrorHandler\\Error\\FatalError(code: 0): Maximum execution time of 60 seconds exceeded at C:/Users/Victus/supply-chain-platform/vendor/guzzlehttp/guzzle/src/Handler/CurlHandler.php:68)
[stacktrace]
#0 {main}
"} 
[2026-07-20 22:43:35] local.WARNING: [worldbank] HTTP 502 → https://api.worldbank.org/v2/country/DE/indicator/SL.UEM.TOTL.ZS  
[2026-07-20 22:43:36] local.WARNING: [worldbank] HTTP 502 → https://api.worldbank.org/v2/country/DE/indicator/SP.POP.TOTL  
[2026-07-20 22:45:15] local.WARNING: [worldbank] HTTP 502 → https://api.worldbank.org/v2/country/DE/indicator/SL.UEM.TOTL.ZS  
[2026-07-20 22:45:15] local.WARNING: [worldbank] HTTP 502 → https://api.worldbank.org/v2/country/DE/indicator/SP.POP.TOTL  
[2026-07-20 22:45:16] local.WARNING: [worldbank] HTTP 502 → https://api.worldbank.org/v2/country/DE/indicator/NE.EXP.GNFS.CD  
[2026-07-20 22:46:13] local.ERROR: Maximum execution time of 60 seconds exceeded {"userId":3,"exception":"[object] (Symfony\\Component\\ErrorHandler\\Error\\FatalError(code: 0): Maximum execution time of 60 seconds exceeded at C:/Users/Victus/supply-chain-platform/vendor/guzzlehttp/guzzle/src/Handler/CurlFactory.php:1918)
[stacktrace]
#0 {main}
"} 
[2026-07-20 22:47:37] local.ERROR: [worldbank] cURL error 28: Operation timed out after 15011 milliseconds with 0 bytes received (see https://curl.se/libcurl/c/libcurl-errors.html) for https://api.worldbank.org/v2/country/US/indicator/NY.GDP.MKTP.CD?format=json&date=2025%3A2025&per_page=1  
[2026-07-20 22:47:52] local.ERROR: [worldbank] cURL error 28: Operation timed out after 15015 milliseconds with 0 bytes received (see https://curl.se/libcurl/c/libcurl-errors.html) for https://api.worldbank.org/v2/country/US/indicator/NY.GDP.PCAP.CD?format=json&date=2025%3A2025&per_page=1  
[2026-07-20 22:48:07] local.ERROR: [worldbank] cURL error 28: Operation timed out after 15004 milliseconds with 0 bytes received (see https://curl.se/libcurl/c/libcurl-errors.html) for https://api.worldbank.org/v2/country/US/indicator/FP.CPI.TOTL.ZG?format=json&date=2025%3A2025&per_page=1  
[2026-07-20 22:48:22] local.ERROR: Maximum execution time of 60 seconds exceeded {"userId":3,"exception":"[object] (Symfony\\Component\\ErrorHandler\\Error\\FatalError(code: 0): Maximum execution time of 60 seconds exceeded at C:/Users/Victus/supply-chain-platform/vendor/guzzlehttp/guzzle/src/Handler/CurlHandler.php:68)
[stacktrace]
#0 {main}
"} 
[2026-07-20 23:36:56] local.ERROR: [worldbank] cURL error 28: Operation timed out after 5012 milliseconds with 0 bytes received (see https://curl.se/libcurl/c/libcurl-errors.html) for https://api.worldbank.org/v2/country/AU/indicator/NY.GDP.MKTP.CD?format=json&date=2021%3A2025&per_page=5  
[2026-07-20 23:37:01] local.ERROR: [worldbank] cURL error 28: Operation timed out after 5002 milliseconds with 0 bytes received (see https://curl.se/libcurl/c/libcurl-errors.html) for https://api.worldbank.org/v2/country/AU/indicator/FP.CPI.TOTL.ZG?format=json&date=2021%3A2025&per_page=5  
[2026-07-20 23:37:36] local.ERROR: [worldbank] cURL error 28: Operation timed out after 5006 milliseconds with 0 bytes received (see https://curl.se/libcurl/c/libcurl-errors.html) for https://api.worldbank.org/v2/country/ID/indicator/SP.POP.TOTL?format=json&date=2025%3A2025&per_page=1  
[2026-07-20 23:38:04] local.ERROR: [worldbank] cURL error 28: Operation timed out after 5007 milliseconds with 0 bytes received (see https://curl.se/libcurl/c/libcurl-errors.html) for https://api.worldbank.org/v2/country/MY/indicator/NY.GDP.MKTP.CD?format=json&date=2025%3A2025&per_page=1  
[2026-07-20 23:38:09] local.ERROR: [worldbank] cURL error 28: Operation timed out after 5015 milliseconds with 0 bytes received (see https://curl.se/libcurl/c/libcurl-errors.html) for https://api.worldbank.org/v2/country/MY/indicator/NY.GDP.PCAP.CD?format=json&date=2025%3A2025&per_page=1  
[2026-07-20 23:38:14] local.ERROR: [worldbank] cURL error 28: Operation timed out after 5016 milliseconds with 0 bytes received (see https://curl.se/libcurl/c/libcurl-errors.html) for https://api.worldbank.org/v2/country/MY/indicator/FP.CPI.TOTL.ZG?format=json&date=2025%3A2025&per_page=1  
[2026-07-20 23:38:19] local.ERROR: [worldbank] cURL error 28: Operation timed out after 5011 milliseconds with 0 bytes received (see https://curl.se/libcurl/c/libcurl-errors.html) for https://api.worldbank.org/v2/country/MY/indicator/SL.UEM.TOTL.ZS?format=json&date=2025%3A2025&per_page=1  
[2026-07-20 23:38:24] local.ERROR: [worldbank] cURL error 28: Operation timed out after 5003 milliseconds with 0 bytes received (see https://curl.se/libcurl/c/libcurl-errors.html) for https://api.worldbank.org/v2/country/MY/indicator/SP.POP.TOTL?format=json&date=2025%3A2025&per_page=1  
[2026-07-20 23:38:29] local.ERROR: [worldbank] cURL error 28: Operation timed out after 5007 milliseconds with 0 bytes received (see https://curl.se/libcurl/c/libcurl-errors.html) for https://api.worldbank.org/v2/country/MY/indicator/NE.EXP.GNFS.CD?format=json&date=2025%3A2025&per_page=1  
[2026-07-20 23:38:34] local.ERROR: [worldbank] cURL error 28: Operation timed out after 5005 milliseconds with 0 bytes received (see https://curl.se/libcurl/c/libcurl-errors.html) for https://api.worldbank.org/v2/country/MY/indicator/NE.IMP.GNFS.CD?format=json&date=2025%3A2025&per_page=1  
[2026-07-20 23:38:55] local.ERROR: [worldbank] cURL error 28: Operation timed out after 5010 milliseconds with 0 bytes received (see https://curl.se/libcurl/c/libcurl-errors.html) for https://api.worldbank.org/v2/country/SG/indicator/NY.GDP.MKTP.CD?format=json&date=2025%3A2025&per_page=1  
[2026-07-20 23:39:00] local.ERROR: [worldbank] cURL error 28: Operation timed out after 5008 milliseconds with 0 bytes received (see https://curl.se/libcurl/c/libcurl-errors.html) for https://api.worldbank.org/v2/country/SG/indicator/NY.GDP.PCAP.CD?format=json&date=2025%3A2025&per_page=1  
[2026-07-20 23:39:05] local.ERROR: [worldbank] cURL error 28: Operation timed out after 5013 milliseconds with 0 bytes received (see https://curl.se/libcurl/c/libcurl-errors.html) for https://api.worldbank.org/v2/country/SG/indicator/FP.CPI.TOTL.ZG?format=json&date=2025%3A2025&per_page=1  
[2026-07-20 23:39:10] local.ERROR: [worldbank] cURL error 28: Operation timed out after 5009 milliseconds with 0 bytes received (see https://curl.se/libcurl/c/libcurl-errors.html) for https://api.worldbank.org/v2/country/SG/indicator/SL.UEM.TOTL.ZS?format=json&date=2025%3A2025&per_page=1  
[2026-07-20 23:39:15] local.ERROR: [worldbank] cURL error 28: Operation timed out after 5010 milliseconds with 0 bytes received (see https://curl.se/libcurl/c/libcurl-errors.html) for https://api.worldbank.org/v2/country/SG/indicator/SP.POP.TOTL?format=json&date=2025%3A2025&per_page=1  
[2026-07-20 23:39:20] local.ERROR: [worldbank] cURL error 28: Operation timed out after 5011 milliseconds with 0 bytes received (see https://curl.se/libcurl/c/libcurl-errors.html) for https://api.worldbank.org/v2/country/SG/indicator/NE.EXP.GNFS.CD?format=json&date=2025%3A2025&per_page=1  
[2026-07-20 23:39:25] local.ERROR: [worldbank] cURL error 28: Operation timed out after 5012 milliseconds with 0 bytes received (see https://curl.se/libcurl/c/libcurl-errors.html) for https://api.worldbank.org/v2/country/SG/indicator/NE.IMP.GNFS.CD?format=json&date=2025%3A2025&per_page=1  
[2026-07-20 23:40:02] local.ERROR: [worldbank] cURL error 28: Operation timed out after 5002 milliseconds with 0 bytes received (see https://curl.se/libcurl/c/libcurl-errors.html) for https://api.worldbank.org/v2/country/JP/indicator/NY.GDP.MKTP.CD?format=json&date=2025%3A2025&per_page=1  
[2026-07-20 23:40:07] local.ERROR: [worldbank] cURL error 28: Operation timed out after 5010 milliseconds with 0 bytes received (see https://curl.se/libcurl/c/libcurl-errors.html) for https://api.worldbank.org/v2/country/JP/indicator/NY.GDP.PCAP.CD?format=json&date=2025%3A2025&per_page=1  
[2026-07-20 23:40:12] local.ERROR: [worldbank] cURL error 28: Operation timed out after 5002 milliseconds with 0 bytes received (see https://curl.se/libcurl/c/libcurl-errors.html) for https://api.worldbank.org/v2/country/JP/indicator/FP.CPI.TOTL.ZG?format=json&date=2025%3A2025&per_page=1  
[2026-07-20 23:40:17] local.ERROR: [worldbank] cURL error 28: Operation timed out after 5016 milliseconds with 0 bytes received (see https://curl.se/libcurl/c/libcurl-errors.html) for https://api.worldbank.org/v2/country/JP/indicator/SL.UEM.TOTL.ZS?format=json&date=2025%3A2025&per_page=1  
[2026-07-20 23:40:22] local.ERROR: [worldbank] cURL error 28: Operation timed out after 5002 milliseconds with 0 bytes received (see https://curl.se/libcurl/c/libcurl-errors.html) for https://api.worldbank.org/v2/country/JP/indicator/SP.POP.TOTL?format=json&date=2025%3A2025&per_page=1  
[2026-07-20 23:40:27] local.ERROR: [worldbank] cURL error 28: Operation timed out after 5007 milliseconds with 0 bytes received (see https://curl.se/libcurl/c/libcurl-errors.html) for https://api.worldbank.org/v2/country/JP/indicator/NE.EXP.GNFS.CD?format=json&date=2025%3A2025&per_page=1  
[2026-07-20 23:40:32] local.ERROR: [worldbank] cURL error 28: Operation timed out after 5007 milliseconds with 0 bytes received (see https://curl.se/libcurl/c/libcurl-errors.html) for https://api.worldbank.org/v2/country/JP/indicator/NE.IMP.GNFS.CD?format=json&date=2025%3A2025&per_page=1  
[2026-07-20 23:40:51] local.ERROR: [worldbank] cURL error 28: Operation timed out after 5004 milliseconds with 0 bytes received (see https://curl.se/libcurl/c/libcurl-errors.html) for https://api.worldbank.org/v2/country/GB/indicator/NY.GDP.MKTP.CD?format=json&date=2025%3A2025&per_page=1  
[2026-07-20 23:40:56] local.ERROR: [worldbank] cURL error 28: Operation timed out after 5014 milliseconds with 0 bytes received (see https://curl.se/libcurl/c/libcurl-errors.html) for https://api.worldbank.org/v2/country/GB/indicator/NY.GDP.PCAP.CD?format=json&date=2025%3A2025&per_page=1  
[2026-07-20 23:41:01] local.ERROR: [worldbank] cURL error 28: Operation timed out after 5001 milliseconds with 0 bytes received (see https://curl.se/libcurl/c/libcurl-errors.html) for https://api.worldbank.org/v2/country/GB/indicator/FP.CPI.TOTL.ZG?format=json&date=2025%3A2025&per_page=1  
[2026-07-20 23:41:06] local.ERROR: [worldbank] cURL error 28: Operation timed out after 5012 milliseconds with 0 bytes received (see https://curl.se/libcurl/c/libcurl-errors.html) for https://api.worldbank.org/v2/country/GB/indicator/SL.UEM.TOTL.ZS?format=json&date=2025%3A2025&per_page=1  
[2026-07-20 23:41:11] local.ERROR: [worldbank] cURL error 28: Operation timed out after 5001 milliseconds with 0 bytes received (see https://curl.se/libcurl/c/libcurl-errors.html) for https://api.worldbank.org/v2/country/GB/indicator/SP.POP.TOTL?format=json&date=2025%3A2025&per_page=1  
[2026-07-20 23:41:16] local.ERROR: [worldbank] cURL error 28: Operation timed out after 5003 milliseconds with 0 bytes received (see https://curl.se/libcurl/c/libcurl-errors.html) for https://api.worldbank.org/v2/country/GB/indicator/NE.EXP.GNFS.CD?format=json&date=2025%3A2025&per_page=1  
[2026-07-20 23:41:21] local.ERROR: [worldbank] cURL error 28: Operation timed out after 5005 milliseconds with 0 bytes received (see https://curl.se/libcurl/c/libcurl-errors.html) for https://api.worldbank.org/v2/country/GB/indicator/NE.IMP.GNFS.CD?format=json&date=2025%3A2025&per_page=1  
[2026-07-20 23:42:27] local.ERROR: [worldbank] cURL error 28: Operation timed out after 5012 milliseconds with 0 bytes received (see https://curl.se/libcurl/c/libcurl-errors.html) for https://api.worldbank.org/v2/country/US/indicator/SP.POP.TOTL?format=json&date=2025%3A2025&per_page=1  
[2026-07-20 23:42:32] local.ERROR: [worldbank] cURL error 28: Operation timed out after 5005 milliseconds with 0 bytes received (see https://curl.se/libcurl/c/libcurl-errors.html) for https://api.worldbank.org/v2/country/US/indicator/NE.EXP.GNFS.CD?format=json&date=2025%3A2025&per_page=1  
[2026-07-20 23:42:37] local.ERROR: [worldbank] cURL error 28: Operation timed out after 5001 milliseconds with 0 bytes received (see https://curl.se/libcurl/c/libcurl-errors.html) for https://api.worldbank.org/v2/country/US/indicator/NE.IMP.GNFS.CD?format=json&date=2025%3A2025&per_page=1  
[2026-07-20 23:43:14] local.ERROR: [worldbank] cURL error 28: Operation timed out after 5004 milliseconds with 0 bytes received (see https://curl.se/libcurl/c/libcurl-errors.html) for https://api.worldbank.org/v2/country/SA/indicator/NY.GDP.MKTP.CD?format=json&date=2025%3A2025&per_page=1  
[2026-07-20 23:43:19] local.ERROR: [worldbank] cURL error 28: Operation timed out after 5005 milliseconds with 0 bytes received (see https://curl.se/libcurl/c/libcurl-errors.html) for https://api.worldbank.org/v2/country/SA/indicator/NY.GDP.PCAP.CD?format=json&date=2025%3A2025&per_page=1  
[2026-07-20 23:43:24] local.ERROR: [worldbank] cURL error 28: Operation timed out after 5007 milliseconds with 0 bytes received (see https://curl.se/libcurl/c/libcurl-errors.html) for https://api.worldbank.org/v2/country/SA/indicator/FP.CPI.TOTL.ZG?format=json&date=2025%3A2025&per_page=1  
[2026-07-20 23:43:29] local.ERROR: [worldbank] cURL error 28: Operation timed out after 5010 milliseconds with 0 bytes received (see https://curl.se/libcurl/c/libcurl-errors.html) for https://api.worldbank.org/v2/country/SA/indicator/SL.UEM.TOTL.ZS?format=json&date=2025%3A2025&per_page=1  
[2026-07-20 23:43:34] local.ERROR: [worldbank] cURL error 28: Operation timed out after 5003 milliseconds with 0 bytes received (see https://curl.se/libcurl/c/libcurl-errors.html) for https://api.worldbank.org/v2/country/SA/indicator/SP.POP.TOTL?format=json&date=2025%3A2025&per_page=1  
[2026-07-20 23:43:39] local.ERROR: [worldbank] cURL error 28: Operation timed out after 5007 milliseconds with 0 bytes received (see https://curl.se/libcurl/c/libcurl-errors.html) for https://api.worldbank.org/v2/country/SA/indicator/NE.EXP.GNFS.CD?format=json&date=2025%3A2025&per_page=1  
[2026-07-20 23:43:44] local.ERROR: [worldbank] cURL error 28: Operation timed out after 5011 milliseconds with 0 bytes received (see https://curl.se/libcurl/c/libcurl-errors.html) for https://api.worldbank.org/v2/country/SA/indicator/NE.IMP.GNFS.CD?format=json&date=2025%3A2025&per_page=1  
[2026-07-20 23:44:19] local.ERROR: [worldbank] cURL error 28: Operation timed out after 5010 milliseconds with 0 bytes received (see https://curl.se/libcurl/c/libcurl-errors.html) for https://api.worldbank.org/v2/country/EG/indicator/NY.GDP.MKTP.CD?format=json&date=2025%3A2025&per_page=1  
[2026-07-20 23:44:24] local.ERROR: [worldbank] cURL error 28: Operation timed out after 5014 milliseconds with 0 bytes received (see https://curl.se/libcurl/c/libcurl-errors.html) for https://api.worldbank.org/v2/country/EG/indicator/NY.GDP.PCAP.CD?format=json&date=2025%3A2025&per_page=1  
[2026-07-20 23:44:29] local.ERROR: [worldbank] cURL error 28: Operation timed out after 5003 milliseconds with 0 bytes received (see https://curl.se/libcurl/c/libcurl-errors.html) for https://api.worldbank.org/v2/country/EG/indicator/FP.CPI.TOTL.ZG?format=json&date=2025%3A2025&per_page=1  
[2026-07-20 23:44:34] local.ERROR: [worldbank] cURL error 28: Operation timed out after 5006 milliseconds with 0 bytes received (see https://curl.se/libcurl/c/libcurl-errors.html) for https://api.worldbank.org/v2/country/EG/indicator/SL.UEM.TOTL.ZS?format=json&date=2025%3A2025&per_page=1  
[2026-07-20 23:44:39] local.ERROR: [worldbank] cURL error 28: Operation timed out after 5012 milliseconds with 0 bytes received (see https://curl.se/libcurl/c/libcurl-errors.html) for https://api.worldbank.org/v2/country/EG/indicator/SP.POP.TOTL?format=json&date=2025%3A2025&per_page=1  
[2026-07-20 23:44:44] local.ERROR: [worldbank] cURL error 28: Operation timed out after 5006 milliseconds with 0 bytes received (see https://curl.se/libcurl/c/libcurl-errors.html) for https://api.worldbank.org/v2/country/EG/indicator/NE.EXP.GNFS.CD?format=json&date=2025%3A2025&per_page=1  
[2026-07-20 23:44:49] local.ERROR: [worldbank] cURL error 28: Operation timed out after 5004 milliseconds with 0 bytes received (see https://curl.se/libcurl/c/libcurl-errors.html) for https://api.worldbank.org/v2/country/EG/indicator/NE.IMP.GNFS.CD?format=json&date=2025%3A2025&per_page=1  
[2026-07-20 23:45:15] local.ERROR: [worldbank] cURL error 28: Operation timed out after 5001 milliseconds with 0 bytes received (see https://curl.se/libcurl/c/libcurl-errors.html) for https://api.worldbank.org/v2/country/US/indicator/NY.GDP.MKTP.CD?format=json&date=2021%3A2025&per_page=5  
[2026-07-20 23:45:20] local.ERROR: [worldbank] cURL error 28: Operation timed out after 5001 milliseconds with 0 bytes received (see https://curl.se/libcurl/c/libcurl-errors.html) for https://api.worldbank.org/v2/country/US/indicator/FP.CPI.TOTL.ZG?format=json&date=2021%3A2025&per_page=5  
[2026-07-20 23:49:17] local.ERROR: PHP Parse error: Syntax error, unexpected T_NS_SEPARATOR, expecting T_VARIABLE on line 1 {"exception":"[object] (Psy\\Exception\\ParseErrorException(code: 0): PHP Parse error: Syntax error, unexpected T_NS_SEPARATOR, expecting T_VARIABLE on line 1 at C:/Users/Victus/supply-chain-platform/vendor/psy/psysh/src/Exception/ParseErrorException.php:44)
[stacktrace]
#0 C:/Users/Victus/supply-chain-platform/vendor/psy/psysh/src/CodeCleaner.php(657): Psy/Exception/ParseErrorException::fromParseError(Object(PhpParser/Error))
#1 C:/Users/Victus/supply-chain-platform/vendor/psy/psysh/src/CodeCleaner.php(273): Psy/CodeCleaner->parse('<?php echo 'Ris...', false)
#2 C:/Users/Victus/supply-chain-platform/vendor/psy/psysh/src/Shell.php(1399): Psy/CodeCleaner->clean(Array, false)
#3 C:/Users/Victus/supply-chain-platform/vendor/psy/psysh/src/Shell.php(1506): Psy/Shell->appendCode('echo 'Risk scor...', true, false)
#4 C:/Users/Victus/supply-chain-platform/vendor/psy/psysh/src/Shell.php(2215): Psy/Shell->setCode('echo 'Risk scor...', true)
#5 C:/Users/Victus/supply-chain-platform/vendor/laravel/tinker/src/Console/TinkerCommand.php(77): Psy/Shell->execute('echo 'Risk scor...')
#6 C:/Users/Victus/supply-chain-platform/vendor/laravel/framework/src/Illuminate/Container/BoundMethod.php(36): Laravel/Tinker/Console/TinkerCommand->handle()
#7 C:/Users/Victus/supply-chain-platform/vendor/laravel/framework/src/Illuminate/Container/Util.php(43): Illuminate/Container/BoundMethod::Illuminate/Container/{closure}()
#8 C:/Users/Victus/supply-chain-platform/vendor/laravel/framework/src/Illuminate/Container/BoundMethod.php(95): Illuminate/Container/Util::unwrapIfClosure(Object(Closure))
#9 C:/Users/Victus/supply-chain-platform/vendor/laravel/framework/src/Illuminate/Container/BoundMethod.php(35): Illuminate/Container/BoundMethod::callBoundMethod(Object(Illuminate/Foundation/Application), Array, Object(Closure))
#10 C:/Users/Victus/supply-chain-platform/vendor/laravel/framework/src/Illuminate/Container/Container.php(696): Illuminate/Container/BoundMethod::call(Object(Illuminate/Foundation/Application), Array, Array, NULL)
#11 C:/Users/Victus/supply-chain-platform/vendor/laravel/framework/src/Illuminate/Console/Command.php(213): Illuminate/Container/Container->call(Array)
#12 C:/Users/Victus/supply-chain-platform/vendor/symfony/console/Command/Command.php(341): Illuminate/Console/Command->execute(Object(Symfony/Component/Console/Input/ArgvInput), Object(Illuminate/Console/OutputStyle))
#13 C:/Users/Victus/supply-chain-platform/vendor/laravel/framework/src/Illuminate/Console/Command.php(182): Symfony/Component/Console/Command/Command->run(Object(Symfony/Component/Console/Input/ArgvInput), Object(Illuminate/Console/OutputStyle))
#14 C:/Users/Victus/supply-chain-platform/vendor/symfony/console/Application.php(1117): Illuminate/Console/Command->run(Object(Symfony/Component/Console/Input/ArgvInput), Object(Symfony/Component/Console/Output/ConsoleOutput))
#15 C:/Users/Victus/supply-chain-platform/vendor/symfony/console/Application.php(356): Symfony/Component/Console/Application->doRunCommand(Object(Laravel/Tinker/Console/TinkerCommand), Object(Symfony/Component/Console/Input/ArgvInput), Object(Symfony/Component/Console/Output/ConsoleOutput))
#16 C:/Users/Victus/supply-chain-platform/vendor/symfony/console/Application.php(195): Symfony/Component/Console/Application->doRun(Object(Symfony/Component/Console/Input/ArgvInput), Object(Symfony/Component/Console/Output/ConsoleOutput))
#17 C:/Users/Victus/supply-chain-platform/vendor/laravel/framework/src/Illuminate/Foundation/Console/Kernel.php(198): Symfony/Component/Console/Application->run(Object(Symfony/Component/Console/Input/ArgvInput), Object(Symfony/Component/Console/Output/ConsoleOutput))
#18 C:/Users/Victus/supply-chain-platform/vendor/laravel/framework/src/Illuminate/Foundation/Application.php(1235): Illuminate/Foundation/Console/Kernel->handle(Object(Symfony/Component/Console/Input/ArgvInput), Object(Symfony/Component/Console/Output/ConsoleOutput))
#19 C:/Users/Victus/supply-chain-platform/artisan(17): Illuminate/Foundation/Application->handleCommand(Object(Symfony/Component/Console/Input/ArgvInput))
#20 {main}
"} 
[2026-07-20 23:57:07] local.ERROR: SQLSTATE[01000]: Warning: 1265 Data truncated for column 'topic' at row 1 (Connection: mysql, SQL: insert into `news_cache` (`title`, `description`, `content`, `url`, `image_url`, `source_name`, `source_url`, `language`, `country_code`, `topic`, `published_at`, `fetched_at`, `positive_count`, `negative_count`, `neutral_count`, `sentiment`, `sentiment_score`, `created_at`, `updated_at`) values (Historic World Cup Final: Argentina defeats France in penalty shootout, In an epic World Cup final, Argentina claimed victory over France 4-2 on penalties after a thrilling 3-3 draw. Lionel Messi scored twice and finally lifted the World Cup trophy., The 2022 FIFA World Cup final will be remembered as one of the greatest matches in football history. Argentina and France battled through 120 minutes of intense action..., https://example.com/world-cup-final-2022, https://via.placeholder.com/800x450/0052CC/FFFFFF?text=World+Cup+Final, FIFA News, https://fifa.com, en, ?, sports, 2026-07-20 21:57:07, 2026-07-20 23:57:07, 25, 5, 10, positive, 75.5, 2026-07-20 23:57:07, 2026-07-20 23:57:07)) {"exception":"[object] (Illuminate\\Database\\QueryException(code: 01000): SQLSTATE[01000]: Warning: 1265 Data truncated for column 'topic' at row 1 (Connection: mysql, SQL: insert into `news_cache` (`title`, `description`, `content`, `url`, `image_url`, `source_name`, `source_url`, `language`, `country_code`, `topic`, `published_at`, `fetched_at`, `positive_count`, `negative_count`, `neutral_count`, `sentiment`, `sentiment_score`, `created_at`, `updated_at`) values (Historic World Cup Final: Argentina defeats France in penalty shootout, In an epic World Cup final, Argentina claimed victory over France 4-2 on penalties after a thrilling 3-3 draw. Lionel Messi scored twice and finally lifted the World Cup trophy., The 2022 FIFA World Cup final will be remembered as one of the greatest matches in football history. Argentina and France battled through 120 minutes of intense action..., https://example.com/world-cup-final-2022, https://via.placeholder.com/800x450/0052CC/FFFFFF?text=World+Cup+Final, FIFA News, https://fifa.com, en, ?, sports, 2026-07-20 21:57:07, 2026-07-20 23:57:07, 25, 5, 10, positive, 75.5, 2026-07-20 23:57:07, 2026-07-20 23:57:07)) at C:/Users/Victus/supply-chain-platform/vendor/laravel/framework/src/Illuminate/Database/Connection.php:825)
[stacktrace]
#0 C:/Users/Victus/supply-chain-platform/vendor/laravel/framework/src/Illuminate/Database/Connection.php(779): Illuminate/Database/Connection->runQueryCallback('insert into `ne...', Array, Object(Closure))
#1 C:/Users/Victus/supply-chain-platform/vendor/laravel/framework/src/Illuminate/Database/MySqlConnection.php(42): Illuminate/Database/Connection->run('insert into `ne...', Array, Object(Closure))
#2 C:/Users/Victus/supply-chain-platform/vendor/laravel/framework/src/Illuminate/Database/Query/Builder.php(3717): Illuminate/Database/MySqlConnection->insert('insert into `ne...', Array)
#3 C:/Users/Victus/supply-chain-platform/database/seeders/NewsSeeder.php(229): Illuminate/Database/Query/Builder->insert(Array)
#4 C:/Users/Victus/supply-chain-platform/vendor/laravel/framework/src/Illuminate/Container/BoundMethod.php(36): Database/Seeders/NewsSeeder->run()
#5 C:/Users/Victus/supply-chain-platform/vendor/laravel/framework/src/Illuminate/Container/Util.php(43): Illuminate/Container/BoundMethod::Illuminate/Container/{closure}()
#6 C:/Users/Victus/supply-chain-platform/vendor/laravel/framework/src/Illuminate/Container/BoundMethod.php(95): Illuminate/Container/Util::unwrapIfClosure(Object(Closure))
#7 C:/Users/Victus/supply-chain-platform/vendor/laravel/framework/src/Illuminate/Container/BoundMethod.php(35): Illuminate/Container/BoundMethod::callBoundMethod(Object(Illuminate/Foundation/Application), Array, Object(Closure))
#8 C:/Users/Victus/supply-chain-platform/vendor/laravel/framework/src/Illuminate/Container/Container.php(696): Illuminate/Container/BoundMethod::call(Object(Illuminate/Foundation/Application), Array, Array, NULL)
#9 C:/Users/Victus/supply-chain-platform/vendor/laravel/framework/src/Illuminate/Database/Seeder.php(188): Illuminate/Container/Container->call(Array, Array)
#10 C:/Users/Victus/supply-chain-platform/vendor/laravel/framework/src/Illuminate/Database/Seeder.php(197): Illuminate/Database/Seeder->Illuminate/Database/{closure}()
#11 C:/Users/Victus/supply-chain-platform/vendor/laravel/framework/src/Illuminate/Database/Console/Seeds/SeedCommand.php(70): Illuminate/Database/Seeder->__invoke()
#12 C:/Users/Victus/supply-chain-platform/vendor/laravel/framework/src/Illuminate/Database/Eloquent/Concerns/GuardsAttributes.php(155): Illuminate/Database/Console/Seeds/SeedCommand->Illuminate/Database/Console/Seeds/{closure}()
#13 C:/Users/Victus/supply-chain-platform/vendor/laravel/framework/src/Illuminate/Database/Console/Seeds/SeedCommand.php(69): Illuminate/Database/Eloquent/Model::unguarded(Object(Closure))
#14 C:/Users/Victus/supply-chain-platform/vendor/laravel/framework/src/Illuminate/Container/BoundMethod.php(36): Illuminate/Database/Console/Seeds/SeedCommand->handle()
#15 C:/Users/Victus/supply-chain-platform/vendor/laravel/framework/src/Illuminate/Container/Util.php(43): Illuminate/Container/BoundMethod::Illuminate/Container/{closure}()
#16 C:/Users/Victus/supply-chain-platform/vendor/laravel/framework/src/Illuminate/Container/BoundMethod.php(95): Illuminate/Container/Util::unwrapIfClosure(Object(Closure))
#17 C:/Users/Victus/supply-chain-platform/vendor/laravel/framework/src/Illuminate/Container/BoundMethod.php(35): Illuminate/Container/BoundMethod::callBoundMethod(Object(Illuminate/Foundation/Application), Array, Object(Closure))
#18 C:/Users/Victus/supply-chain-platform/vendor/laravel/framework/src/Illuminate/Container/Container.php(696): Illuminate/Container/BoundMethod::call(Object(Illuminate/Foundation/Application), Array, Array, NULL)
#19 C:/Users/Victus/supply-chain-platform/vendor/laravel/framework/src/Illuminate/Console/Command.php(213): Illuminate/Container/Container->call(Array)
#20 C:/Users/Victus/supply-chain-platform/vendor/symfony/console/Command/Command.php(341): Illuminate/Console/Command->execute(Object(Symfony/Component/Console/Input/ArgvInput), Object(Illuminate/Console/OutputStyle))
#21 C:/Users/Victus/supply-chain-platform/vendor/laravel/framework/src/Illuminate/Console/Command.php(182): Symfony/Component/Console/Command/Command->run(Object(Symfony/Component/Console/Input/ArgvInput), Object(Illuminate/Console/OutputStyle))
#22 C:/Users/Victus/supply-chain-platform/vendor/symfony/console/Application.php(1117): Illuminate/Console/Command->run(Object(Symfony/Component/Console/Input/ArgvInput), Object(Symfony/Component/Console/Output/ConsoleOutput))
#23 C:/Users/Victus/supply-chain-platform/vendor/symfony/console/Application.php(356): Symfony/Component/Console/Application->doRunCommand(Object(Illuminate/Database/Console/Seeds/SeedCommand), Object(Symfony/Component/Console/Input/ArgvInput), Object(Symfony/Component/Console/Output/ConsoleOutput))
#24 C:/Users/Victus/supply-chain-platform/vendor/symfony/console/Application.php(195): Symfony/Component/Console/Application->doRun(Object(Symfony/Component/Console/Input/ArgvInput), Object(Symfony/Component/Console/Output/ConsoleOutput))
#25 C:/Users/Victus/supply-chain-platform/vendor/laravel/framework/src/Illuminate/Foundation/Console/Kernel.php(198): Symfony/Component/Console/Application->run(Object(Symfony/Component/Console/Input/ArgvInput), Object(Symfony/Component/Console/Output/ConsoleOutput))
#26 C:/Users/Victus/supply-chain-platform/vendor/laravel/framework/src/Illuminate/Foundation/Application.php(1235): Illuminate/Foundation/Console/Kernel->handle(Object(Symfony/Component/Console/Input/ArgvInput), Object(Symfony/Component/Console/Output/ConsoleOutput))
#27 C:/Users/Victus/supply-chain-platform/artisan(17): Illuminate/Foundation/Application->handleCommand(Object(Symfony/Component/Console/Input/ArgvInput))
#28 {main}

[previous exception] [object] (PDOException(code: 01000): SQLSTATE[01000]: Warning: 1265 Data truncated for column 'topic' at row 1 at C:/Users/Victus/supply-chain-platform/vendor/laravel/framework/src/Illuminate/Database/MySqlConnection.php:53)
[stacktrace]
#0 C:/Users/Victus/supply-chain-platform/vendor/laravel/framework/src/Illuminate/Database/MySqlConnection.php(53): PDOStatement->execute()
#1 C:/Users/Victus/supply-chain-platform/vendor/laravel/framework/src/Illuminate/Database/Connection.php(812): Illuminate/Database/MySqlConnection->Illuminate/Database/{closure}('insert into `ne...', Array)
#2 C:/Users/Victus/supply-chain-platform/vendor/laravel/framework/src/Illuminate/Database/Connection.php(779): Illuminate/Database/Connection->runQueryCallback('insert into `ne...', Array, Object(Closure))
#3 C:/Users/Victus/supply-chain-platform/vendor/laravel/framework/src/Illuminate/Database/MySqlConnection.php(42): Illuminate/Database/Connection->run('insert into `ne...', Array, Object(Closure))
#4 C:/Users/Victus/supply-chain-platform/vendor/laravel/framework/src/Illuminate/Database/Query/Builder.php(3717): Illuminate/Database/MySqlConnection->insert('insert into `ne...', Array)
#5 C:/Users/Victus/supply-chain-platform/database/seeders/NewsSeeder.php(229): Illuminate/Database/Query/Builder->insert(Array)
#6 C:/Users/Victus/supply-chain-platform/vendor/laravel/framework/src/Illuminate/Container/BoundMethod.php(36): Database/Seeders/NewsSeeder->run()
#7 C:/Users/Victus/supply-chain-platform/vendor/laravel/framework/src/Illuminate/Container/Util.php(43): Illuminate/Container/BoundMethod::Illuminate/Container/{closure}()
#8 C:/Users/Victus/supply-chain-platform/vendor/laravel/framework/src/Illuminate/Container/BoundMethod.php(95): Illuminate/Container/Util::unwrapIfClosure(Object(Closure))
#9 C:/Users/Victus/supply-chain-platform/vendor/laravel/framework/src/Illuminate/Container/BoundMethod.php(35): Illuminate/Container/BoundMethod::callBoundMethod(Object(Illuminate/Foundation/Application), Array, Object(Closure))
#10 C:/Users/Victus/supply-chain-platform/vendor/laravel/framework/src/Illuminate/Container/Container.php(696): Illuminate/Container/BoundMethod::call(Object(Illuminate/Foundation/Application), Array, Array, NULL)
#11 C:/Users/Victus/supply-chain-platform/vendor/laravel/framework/src/Illuminate/Database/Seeder.php(188): Illuminate/Container/Container->call(Array, Array)
#12 C:/Users/Victus/supply-chain-platform/vendor/laravel/framework/src/Illuminate/Database/Seeder.php(197): Illuminate/Database/Seeder->Illuminate/Database/{closure}()
#13 C:/Users/Victus/supply-chain-platform/vendor/laravel/framework/src/Illuminate/Database/Console/Seeds/SeedCommand.php(70): Illuminate/Database/Seeder->__invoke()
#14 C:/Users/Victus/supply-chain-platform/vendor/laravel/framework/src/Illuminate/Database/Eloquent/Concerns/GuardsAttributes.php(155): Illuminate/Database/Console/Seeds/SeedCommand->Illuminate/Database/Console/Seeds/{closure}()
#15 C:/Users/Victus/supply-chain-platform/vendor/laravel/framework/src/Illuminate/Database/Console/Seeds/SeedCommand.php(69): Illuminate/Database/Eloquent/Model::unguarded(Object(Closure))
#16 C:/Users/Victus/supply-chain-platform/vendor/laravel/framework/src/Illuminate/Container/BoundMethod.php(36): Illuminate/Database/Console/Seeds/SeedCommand->handle()
#17 C:/Users/Victus/supply-chain-platform/vendor/laravel/framework/src/Illuminate/Container/Util.php(43): Illuminate/Container/BoundMethod::Illuminate/Container/{closure}()
#18 C:/Users/Victus/supply-chain-platform/vendor/laravel/framework/src/Illuminate/Container/BoundMethod.php(95): Illuminate/Container/Util::unwrapIfClosure(Object(Closure))
#19 C:/Users/Victus/supply-chain-platform/vendor/laravel/framework/src/Illuminate/Container/BoundMethod.php(35): Illuminate/Container/BoundMethod::callBoundMethod(Object(Illuminate/Foundation/Application), Array, Object(Closure))
#20 C:/Users/Victus/supply-chain-platform/vendor/laravel/framework/src/Illuminate/Container/Container.php(696): Illuminate/Container/BoundMethod::call(Object(Illuminate/Foundation/Application), Array, Array, NULL)
#21 C:/Users/Victus/supply-chain-platform/vendor/laravel/framework/src/Illuminate/Console/Command.php(213): Illuminate/Container/Container->call(Array)
#22 C:/Users/Victus/supply-chain-platform/vendor/symfony/console/Command/Command.php(341): Illuminate/Console/Command->execute(Object(Symfony/Component/Console/Input/ArgvInput), Object(Illuminate/Console/OutputStyle))
#23 C:/Users/Victus/supply-chain-platform/vendor/laravel/framework/src/Illuminate/Console/Command.php(182): Symfony/Component/Console/Command/Command->run(Object(Symfony/Component/Console/Input/ArgvInput), Object(Illuminate/Console/OutputStyle))
#24 C:/Users/Victus/supply-chain-platform/vendor/symfony/console/Application.php(1117): Illuminate/Console/Command->run(Object(Symfony/Component/Console/Input/ArgvInput), Object(Symfony/Component/Console/Output/ConsoleOutput))
#25 C:/Users/Victus/supply-chain-platform/vendor/symfony/console/Application.php(356): Symfony/Component/Console/Application->doRunCommand(Object(Illuminate/Database/Console/Seeds/SeedCommand), Object(Symfony/Component/Console/Input/ArgvInput), Object(Symfony/Component/Console/Output/ConsoleOutput))
#26 C:/Users/Victus/supply-chain-platform/vendor/symfony/console/Application.php(195): Symfony/Component/Console/Application->doRun(Object(Symfony/Component/Console/Input/ArgvInput), Object(Symfony/Component/Console/Output/ConsoleOutput))
#27 C:/Users/Victus/supply-chain-platform/vendor/laravel/framework/src/Illuminate/Foundation/Console/Kernel.php(198): Symfony/Component/Console/Application->run(Object(Symfony/Component/Console/Input/ArgvInput), Object(Symfony/Component/Console/Output/ConsoleOutput))
#28 C:/Users/Victus/supply-chain-platform/vendor/laravel/framework/src/Illuminate/Foundation/Application.php(1235): Illuminate/Foundation/Console/Kernel->handle(Object(Symfony/Component/Console/Input/ArgvInput), Object(Symfony/Component/Console/Output/ConsoleOutput))
#29 C:/Users/Victus/supply-chain-platform/artisan(17): Illuminate/Foundation/Application->handleCommand(Object(Symfony/Component/Console/Input/ArgvInput))
#30 {main}
"} 
[2026-07-21 00:08:05] local.ERROR: syntax error, unexpected token "public", expecting end of file {"exception":"[object] (ParseError(code: 0): syntax error, unexpected token \"public\", expecting end of file at C:/Users/Victus/supply-chain-platform/app/Http/Controllers/NewsController.php:354)
[stacktrace]
#0 C:/Users/Victus/supply-chain-platform/vendor/composer/ClassLoader.php(427): Composer/Autoload/{closure}('C://Users//Victus...')
#1 [internal function]: Composer/Autoload/ClassLoader->loadClass('App//Http//Contro...')
#2 C:/Users/Victus/supply-chain-platform/vendor/laravel/framework/src/Illuminate/Routing/Route.php(1117): is_a('App//Http//Contro...', 'Illuminate//Rout...', true)
#3 C:/Users/Victus/supply-chain-platform/vendor/laravel/framework/src/Illuminate/Routing/Route.php(1054): Illuminate/Routing/Route->controllerMiddleware()
#4 C:/Users/Victus/supply-chain-platform/vendor/laravel/framework/src/Illuminate/Routing/Router.php(820): Illuminate/Routing/Route->gatherMiddleware()
#5 C:/Users/Victus/supply-chain-platform/vendor/laravel/framework/src/Illuminate/Routing/Router.php(802): Illuminate/Routing/Router->gatherRouteMiddleware(Object(Illuminate/Routing/Route))
#6 C:/Users/Victus/supply-chain-platform/vendor/laravel/framework/src/Illuminate/Routing/Router.php(786): Illuminate/Routing/Router->runRouteWithinStack(Object(Illuminate/Routing/Route), Object(Illuminate/Http/Request))
#7 C:/Users/Victus/supply-chain-platform/vendor/laravel/framework/src/Illuminate/Routing/Router.php(750): Illuminate/Routing/Router->runRoute(Object(Illuminate/Http/Request), Object(Illuminate/Routing/Route))
#8 C:/Users/Victus/supply-chain-platform/vendor/laravel/framework/src/Illuminate/Routing/Router.php(739): Illuminate/Routing/Router->dispatchToRoute(Object(Illuminate/Http/Request))
#9 C:/Users/Victus/supply-chain-platform/vendor/laravel/framework/src/Illuminate/Foundation/Http/Kernel.php(201): Illuminate/Routing/Router->dispatch(Object(Illuminate/Http/Request))
#10 C:/Users/Victus/supply-chain-platform/vendor/laravel/framework/src/Illuminate/Pipeline/Pipeline.php(170): Illuminate/Foundation/Http/Kernel->Illuminate/Foundation/Http/{closure}(Object(Illuminate/Http/Request))
#11 C:/Users/Victus/supply-chain-platform/app/Http/Middleware/CopyrightMiddleware.php(16): Illuminate/Pipeline/Pipeline->Illuminate/Pipeline/{closure}(Object(Illuminate/Http/Request))
#12 C:/Users/Victus/supply-chain-platform/vendor/laravel/framework/src/Illuminate/Pipeline/Pipeline.php(209): App/Http/Middleware/CopyrightMiddleware->handle(Object(Illuminate/Http/Request), Object(Closure))
#13 C:/Users/Victus/supply-chain-platform/vendor/laravel/framework/src/Illuminate/Foundation/Http/Middleware/TransformsRequest.php(21): Illuminate/Pipeline/Pipeline->Illuminate/Pipeline/{closure}(Object(Illuminate/Http/Request))
#14 C:/Users/Victus/supply-chain-platform/vendor/laravel/framework/src/Illuminate/Foundation/Http/Middleware/ConvertEmptyStringsToNull.php(31): Illuminate/Foundation/Http/Middleware/TransformsRequest->handle(Object(Illuminate/Http/Request), Object(Closure))
#15 C:/Users/Victus/supply-chain-platform/vendor/laravel/framework/src/Illuminate/Pipeline/Pipeline.php(209): Illuminate/Foundation/Http/Middleware/ConvertEmptyStringsToNull->handle(Object(Illuminate/Http/Request), Object(Closure))
#16 C:/Users/Victus/supply-chain-platform/vendor/laravel/framework/src/Illuminate/Foundation/Http/Middleware/TransformsRequest.php(21): Illuminate/Pipeline/Pipeline->Illuminate/Pipeline/{closure}(Object(Illuminate/Http/Request))
#17 C:/Users/Victus/supply-chain-platform/vendor/laravel/framework/src/Illuminate/Foundation/Http/Middleware/TrimStrings.php(51): Illuminate/Foundation/Http/Middleware/TransformsRequest->handle(Object(Illuminate/Http/Request), Object(Closure))
#18 C:/Users/Victus/supply-chain-platform/vendor/laravel/framework/src/Illuminate/Pipeline/Pipeline.php(209): Illuminate/Foundation/Http/Middleware/TrimStrings->handle(Object(Illuminate/Http/Request), Object(Closure))
#19 C:/Users/Victus/supply-chain-platform/vendor/laravel/framework/src/Illuminate/Http/Middleware/ValidatePostSize.php(27): Illuminate/Pipeline/Pipeline->Illuminate/Pipeline/{closure}(Object(Illuminate/Http/Request))
#20 C:/Users/Victus/supply-chain-platform/vendor/laravel/framework/src/Illuminate/Pipeline/Pipeline.php(209): Illuminate/Http/Middleware/ValidatePostSize->handle(Object(Illuminate/Http/Request), Object(Closure))
#21 C:/Users/Victus/supply-chain-platform/vendor/laravel/framework/src/Illuminate/Foundation/Http/Middleware/PreventRequestsDuringMaintenance.php(110): Illuminate/Pipeline/Pipeline->Illuminate/Pipeline/{closure}(Object(Illuminate/Http/Request))
#22 C:/Users/Victus/supply-chain-platform/vendor/laravel/framework/src/Illuminate/Pipeline/Pipeline.php(209): Illuminate/Foundation/Http/Middleware/PreventRequestsDuringMaintenance->handle(Object(Illuminate/Http/Request), Object(Closure))
#23 C:/Users/Victus/supply-chain-platform/vendor/laravel/framework/src/Illuminate/Http/Middleware/HandleCors.php(49): Illuminate/Pipeline/Pipeline->Illuminate/Pipeline/{closure}(Object(Illuminate/Http/Request))
#24 C:/Users/Victus/supply-chain-platform/vendor/laravel/framework/src/Illuminate/Pipeline/Pipeline.php(209): Illuminate/Http/Middleware/HandleCors->handle(Object(Illuminate/Http/Request), Object(Closure))
#25 C:/Users/Victus/supply-chain-platform/vendor/laravel/framework/src/Illuminate/Http/Middleware/TrustProxies.php(58): Illuminate/Pipeline/Pipeline->Illuminate/Pipeline/{closure}(Object(Illuminate/Http/Request))
#26 C:/Users/Victus/supply-chain-platform/vendor/laravel/framework/src/Illuminate/Pipeline/Pipeline.php(209): Illuminate/Http/Middleware/TrustProxies->handle(Object(Illuminate/Http/Request), Object(Closure))
#27 C:/Users/Victus/supply-chain-platform/vendor/laravel/framework/src/Illuminate/Foundation/Http/Middleware/InvokeDeferredCallbacks.php(22): Illuminate/Pipeline/Pipeline->Illuminate/Pipeline/{closure}(Object(Illuminate/Http/Request))
#28 C:/Users/Victus/supply-chain-platform/vendor/laravel/framework/src/Illuminate/Pipeline/Pipeline.php(209): Illuminate/Foundation/Http/Middleware/InvokeDeferredCallbacks->handle(Object(Illuminate/Http/Request), Object(Closure))
#29 C:/Users/Victus/supply-chain-platform/vendor/laravel/framework/src/Illuminate/Pipeline/Pipeline.php(127): Illuminate/Pipeline/Pipeline->Illuminate/Pipeline/{closure}(Object(Illuminate/Http/Request))
#30 C:/Users/Victus/supply-chain-platform/vendor/laravel/framework/src/Illuminate/Foundation/Http/Kernel.php(176): Illuminate/Pipeline/Pipeline->then(Object(Closure))
#31 C:/Users/Victus/supply-chain-platform/vendor/laravel/framework/src/Illuminate/Foundation/Http/Kernel.php(145): Illuminate/Foundation/Http/Kernel->sendRequestThroughRouter(Object(Illuminate/Http/Request))
#32 C:/Users/Victus/supply-chain-platform/vendor/laravel/framework/src/Illuminate/Foundation/Application.php(1220): Illuminate/Foundation/Http/Kernel->handle(Object(Illuminate/Http/Request))
#33 C:/Users/Victus/supply-chain-platform/public/index.php(24): Illuminate/Foundation/Application->handleRequest(Object(Illuminate/Http/Request))
#34 C:/Users/Victus/supply-chain-platform/vendor/laravel/framework/src/Illuminate/Foundation/resources/server.php(23): require_once('C://Users//Victus...')
#35 {main}
"} 
[2026-07-21 00:11:01] local.ERROR: Cannot end a section without first starting one. {"userId":3,"exception":"[object] (Spatie\\LaravelIgnition\\Exceptions\\ViewException(code: 0): Cannot end a section without first starting one. at C:/Users/Victus/supply-chain-platform/vendor/laravel/framework/src/Illuminate/View/Concerns/ManagesLayouts.php:94)
[stacktrace]
#0 C:/Users/Victus/supply-chain-platform/resources/views/news/index.blade.php(241): Illuminate/View/Factory->stopSection()
#1 C:/Users/Victus/supply-chain-platform/vendor/laravel/framework/src/Illuminate/Filesystem/Filesystem.php(123): require('C://Users//Victus...')
#2 C:/Users/Victus/supply-chain-platform/vendor/laravel/framework/src/Illuminate/Filesystem/Filesystem.php(124): Illuminate/Filesystem/Filesystem::Illuminate/Filesystem/{closure}()
#3 C:/Users/Victus/supply-chain-platform/vendor/laravel/framework/src/Illuminate/View/Engines/PhpEngine.php(58): Illuminate/Filesystem/Filesystem->getRequire('C://Users//Victus...', Array)
#4 C:/Users/Victus/supply-chain-platform/vendor/laravel/framework/src/Illuminate/View/Engines/CompilerEngine.php(75): Illuminate/View/Engines/PhpEngine->evaluatePath('C://Users//Victus...', Array)
#5 C:/Users/Victus/supply-chain-platform/vendor/laravel/framework/src/Illuminate/View/View.php(209): Illuminate/View/Engines/CompilerEngine->get('C://Users//Victus...', Array)
#6 C:/Users/Victus/supply-chain-platform/vendor/laravel/framework/src/Illuminate/View/View.php(192): Illuminate/View/View->getContents()
#7 C:/Users/Victus/supply-chain-platform/vendor/laravel/framework/src/Illuminate/View/View.php(161): Illuminate/View/View->renderContents()
#8 C:/Users/Victus/supply-chain-platform/vendor/laravel/framework/src/Illuminate/Http/Response.php(79): Illuminate/View/View->render()
#9 C:/Users/Victus/supply-chain-platform/vendor/laravel/framework/src/Illuminate/Http/Response.php(35): Illuminate/Http/Response->setContent(Object(Illuminate/View/View))
#10 C:/Users/Victus/supply-chain-platform/vendor/laravel/framework/src/Illuminate/Routing/Router.php(920): Illuminate/Http/Response->__construct(Object(Illuminate/View/View), 200, Array)
#11 C:/Users/Victus/supply-chain-platform/vendor/laravel/framework/src/Illuminate/Routing/Router.php(887): Illuminate/Routing/Router::toResponse(Object(Illuminate/Http/Request), Object(Illuminate/View/View))
#12 C:/Users/Victus/supply-chain-platform/vendor/laravel/framework/src/Illuminate/Routing/Router.php(807): Illuminate/Routing/Router->prepareResponse(Object(Illuminate/Http/Request), Object(Illuminate/View/View))
#13 C:/Users/Victus/supply-chain-platform/vendor/laravel/framework/src/Illuminate/Pipeline/Pipeline.php(170): Illuminate/Routing/Router->Illuminate/Routing/{closure}(Object(Illuminate/Http/Request))
#14 C:/Users/Victus/supply-chain-platform/vendor/laravel/framework/src/Illuminate/Routing/Middleware/SubstituteBindings.php(51): Illuminate/Pipeline/Pipeline->Illuminate/Pipeline/{closure}(Object(Illuminate/Http/Request))
#15 C:/Users/Victus/supply-chain-platform/vendor/laravel/framework/src/Illuminate/Pipeline/Pipeline.php(209): Illuminate/Routing/Middleware/SubstituteBindings->handle(Object(Illuminate/Http/Request), Object(Closure))
#16 C:/Users/Victus/supply-chain-platform/vendor/laravel/framework/src/Illuminate/Auth/Middleware/Authenticate.php(64): Illuminate/Pipeline/Pipeline->Illuminate/Pipeline/{closure}(Object(Illuminate/Http/Request))
#17 C:/Users/Victus/supply-chain-platform/vendor/laravel/framework/src/Illuminate/Pipeline/Pipeline.php(209): Illuminate/Auth/Middleware/Authenticate->handle(Object(Illuminate/Http/Request), Object(Closure))
#18 C:/Users/Victus/supply-chain-platform/vendor/laravel/framework/src/Illuminate/Foundation/Http/Middleware/VerifyCsrfToken.php(88): Illuminate/Pipeline/Pipeline->Illuminate/Pipeline/{closure}(Object(Illuminate/Http/Request))
#19 C:/Users/Victus/supply-chain-platform/vendor/laravel/framework/src/Illuminate/Pipeline/Pipeline.php(209): Illuminate/Foundation/Http/Middleware/VerifyCsrfToken->handle(Object(Illuminate/Http/Request), Object(Closure))
#20 C:/Users/Victus/supply-chain-platform/vendor/laravel/framework/src/Illuminate/View/Middleware/ShareErrorsFromSession.php(49): Illuminate/Pipeline/Pipeline->Illuminate/Pipeline/{closure}(Object(Illuminate/Http/Request))
#21 C:/Users/Victus/supply-chain-platform/vendor/laravel/framework/src/Illuminate/Pipeline/Pipeline.php(209): Illuminate/View/Middleware/ShareErrorsFromSession->handle(Object(Illuminate/Http/Request), Object(Closure))
#22 C:/Users/Victus/supply-chain-platform/vendor/laravel/framework/src/Illuminate/Session/Middleware/StartSession.php(121): Illuminate/Pipeline/Pipeline->Illuminate/Pipeline/{closure}(Object(Illuminate/Http/Request))
#23 C:/Users/Victus/supply-chain-platform/vendor/laravel/framework/src/Illuminate/Session/Middleware/StartSession.php(64): Illuminate/Session/Middleware/StartSession->handleStatefulRequest(Object(Illuminate/Http/Request), Object(Illuminate/Session/Store), Object(Closure))
#24 C:/Users/Victus/supply-chain-platform/vendor/laravel/framework/src/Illuminate/Pipeline/Pipeline.php(209): Illuminate/Session/Middleware/StartSession->handle(Object(Illuminate/Http/Request), Object(Closure))
#25 C:/Users/Victus/supply-chain-platform/vendor/laravel/framework/src/Illuminate/Cookie/Middleware/AddQueuedCookiesToResponse.php(37): Illuminate/Pipeline/Pipeline->Illuminate/Pipeline/{closure}(Object(Illuminate/Http/Request))
#26 C:/Users/Victus/supply-chain-platform/vendor/laravel/framework/src/Illuminate/Pipeline/Pipeline.php(209): Illuminate/Cookie/Middleware/AddQueuedCookiesToResponse->handle(Object(Illuminate/Http/Request), Object(Closure))
#27 C:/Users/Victus/supply-chain-platform/vendor/laravel/framework/src/Illuminate/Cookie/Middleware/EncryptCookies.php(75): Illuminate/Pipeline/Pipeline->Illuminate/Pipeline/{closure}(Object(Illuminate/Http/Request))
#28 C:/Users/Victus/supply-chain-platform/vendor/laravel/framework/src/Illuminate/Pipeline/Pipeline.php(209): Illuminate/Cookie/Middleware/EncryptCookies->handle(Object(Illuminate/Http/Request), Object(Closure))
#29 C:/Users/Victus/supply-chain-platform/vendor/laravel/framework/src/Illuminate/Pipeline/Pipeline.php(127): Illuminate/Pipeline/Pipeline->Illuminate/Pipeline/{closure}(Object(Illuminate/Http/Request))
#30 C:/Users/Victus/supply-chain-platform/vendor/laravel/framework/src/Illuminate/Routing/Router.php(807): Illuminate/Pipeline/Pipeline->then(Object(Closure))
#31 C:/Users/Victus/supply-chain-platform/vendor/laravel/framework/src/Illuminate/Routing/Router.php(786): Illuminate/Routing/Router->runRouteWithinStack(Object(Illuminate/Routing/Route), Object(Illuminate/Http/Request))
#32 C:/Users/Victus/supply-chain-platform/vendor/laravel/framework/src/Illuminate/Routing/Router.php(750): Illuminate/Routing/Router->runRoute(Object(Illuminate/Http/Request), Object(Illuminate/Routing/Route))
#33 C:/Users/Victus/supply-chain-platform/vendor/laravel/framework/src/Illuminate/Routing/Router.php(739): Illuminate/Routing/Router->dispatchToRoute(Object(Illuminate/Http/Request))
#34 C:/Users/Victus/supply-chain-platform/vendor/laravel/framework/src/Illuminate/Foundation/Http/Kernel.php(201): Illuminate/Routing/Router->dispatch(Object(Illuminate/Http/Request))
#35 C:/Users/Victus/supply-chain-platform/vendor/laravel/framework/src/Illuminate/Pipeline/Pipeline.php(170): Illuminate/Foundation/Http/Kernel->Illuminate/Foundation/Http/{closure}(Object(Illuminate/Http/Request))
#36 C:/Users/Victus/supply-chain-platform/app/Http/Middleware/CopyrightMiddleware.php(16): Illuminate/Pipeline/Pipeline->Illuminate/Pipeline/{closure}(Object(Illuminate/Http/Request))
#37 C:/Users/Victus/supply-chain-platform/vendor/laravel/framework/src/Illuminate/Pipeline/Pipeline.php(209): App/Http/Middleware/CopyrightMiddleware->handle(Object(Illuminate/Http/Request), Object(Closure))
#38 C:/Users/Victus/supply-chain-platform/vendor/laravel/framework/src/Illuminate/Foundation/Http/Middleware/TransformsRequest.php(21): Illuminate/Pipeline/Pipeline->Illuminate/Pipeline/{closure}(Object(Illuminate/Http/Request))
#39 C:/Users/Victus/supply-chain-platform/vendor/laravel/framework/src/Illuminate/Foundation/Http/Middleware/ConvertEmptyStringsToNull.php(31): Illuminate/Foundation/Http/Middleware/TransformsRequest->handle(Object(Illuminate/Http/Request), Object(Closure))
#40 C:/Users/Victus/supply-chain-platform/vendor/laravel/framework/src/Illuminate/Pipeline/Pipeline.php(209): Illuminate/Foundation/Http/Middleware/ConvertEmptyStringsToNull->handle(Object(Illuminate/Http/Request), Object(Closure))
#41 C:/Users/Victus/supply-chain-platform/vendor/laravel/framework/src/Illuminate/Foundation/Http/Middleware/TransformsRequest.php(21): Illuminate/Pipeline/Pipeline->Illuminate/Pipeline/{closure}(Object(Illuminate/Http/Request))
#42 C:/Users/Victus/supply-chain-platform/vendor/laravel/framework/src/Illuminate/Foundation/Http/Middleware/TrimStrings.php(51): Illuminate/Foundation/Http/Middleware/TransformsRequest->handle(Object(Illuminate/Http/Request), Object(Closure))
#43 C:/Users/Victus/supply-chain-platform/vendor/laravel/framework/src/Illuminate/Pipeline/Pipeline.php(209): Illuminate/Foundation/Http/Middleware/TrimStrings->handle(Object(Illuminate/Http/Request), Object(Closure))
#44 C:/Users/Victus/supply-chain-platform/vendor/laravel/framework/src/Illuminate/Http/Middleware/ValidatePostSize.php(27): Illuminate/Pipeline/Pipeline->Illuminate/Pipeline/{closure}(Object(Illuminate/Http/Request))
#45 C:/Users/Victus/supply-chain-platform/vendor/laravel/framework/src/Illuminate/Pipeline/Pipeline.php(209): Illuminate/Http/Middleware/ValidatePostSize->handle(Object(Illuminate/Http/Request), Object(Closure))
#46 C:/Users/Victus/supply-chain-platform/vendor/laravel/framework/src/Illuminate/Foundation/Http/Middleware/PreventRequestsDuringMaintenance.php(110): Illuminate/Pipeline/Pipeline->Illuminate/Pipeline/{closure}(Object(Illuminate/Http/Request))
#47 C:/Users/Victus/supply-chain-platform/vendor/laravel/framework/src/Illuminate/Pipeline/Pipeline.php(209): Illuminate/Foundation/Http/Middleware/PreventRequestsDuringMaintenance->handle(Object(Illuminate/Http/Request), Object(Closure))
#48 C:/Users/Victus/supply-chain-platform/vendor/laravel/framework/src/Illuminate/Http/Middleware/HandleCors.php(49): Illuminate/Pipeline/Pipeline->Illuminate/Pipeline/{closure}(Object(Illuminate/Http/Request))
#49 C:/Users/Victus/supply-chain-platform/vendor/laravel/framework/src/Illuminate/Pipeline/Pipeline.php(209): Illuminate/Http/Middleware/HandleCors->handle(Object(Illuminate/Http/Request), Object(Closure))
#50 C:/Users/Victus/supply-chain-platform/vendor/laravel/framework/src/Illuminate/Http/Middleware/TrustProxies.php(58): Illuminate/Pipeline/Pipeline->Illuminate/Pipeline/{closure}(Object(Illuminate/Http/Request))
#51 C:/Users/Victus/supply-chain-platform/vendor/laravel/framework/src/Illuminate/Pipeline/Pipeline.php(209): Illuminate/Http/Middleware/TrustProxies->handle(Object(Illuminate/Http/Request), Object(Closure))
#52 C:/Users/Victus/supply-chain-platform/vendor/laravel/framework/src/Illuminate/Foundation/Http/Middleware/InvokeDeferredCallbacks.php(22): Illuminate/Pipeline/Pipeline->Illuminate/Pipeline/{closure}(Object(Illuminate/Http/Request))
#53 C:/Users/Victus/supply-chain-platform/vendor/laravel/framework/src/Illuminate/Pipeline/Pipeline.php(209): Illuminate/Foundation/Http/Middleware/InvokeDeferredCallbacks->handle(Object(Illuminate/Http/Request), Object(Closure))
#54 C:/Users/Victus/supply-chain-platform/vendor/laravel/framework/src/Illuminate/Pipeline/Pipeline.php(127): Illuminate/Pipeline/Pipeline->Illuminate/Pipeline/{closure}(Object(Illuminate/Http/Request))
#55 C:/Users/Victus/supply-chain-platform/vendor/laravel/framework/src/Illuminate/Foundation/Http/Kernel.php(176): Illuminate/Pipeline/Pipeline->then(Object(Closure))
#56 C:/Users/Victus/supply-chain-platform/vendor/laravel/framework/src/Illuminate/Foundation/Http/Kernel.php(145): Illuminate/Foundation/Http/Kernel->sendRequestThroughRouter(Object(Illuminate/Http/Request))
#57 C:/Users/Victus/supply-chain-platform/vendor/laravel/framework/src/Illuminate/Foundation/Application.php(1220): Illuminate/Foundation/Http/Kernel->handle(Object(Illuminate/Http/Request))
#58 C:/Users/Victus/supply-chain-platform/public/index.php(24): Illuminate/Foundation/Application->handleRequest(Object(Illuminate/Http/Request))
#59 C:/Users/Victus/supply-chain-platform/vendor/laravel/framework/src/Illuminate/Foundation/resources/server.php(23): require_once('C://Users//Victus...')
#60 {main}

[previous exception] [object] (InvalidArgumentException(code: 0): Cannot end a section without first starting one. at C:/Users/Victus/supply-chain-platform/vendor/laravel/framework/src/Illuminate/View/Concerns/ManagesLayouts.php:94)
[stacktrace]
#0 C:/Users/Victus/supply-chain-platform/storage/framework/views/0e96ce2ba6178b93511862e50bee087b.php(243): Illuminate/View/Factory->stopSection()
#1 C:/Users/Victus/supply-chain-platform/vendor/laravel/framework/src/Illuminate/Filesystem/Filesystem.php(123): require('C://Users//Victus...')
#2 C:/Users/Victus/supply-chain-platform/vendor/laravel/framework/src/Illuminate/Filesystem/Filesystem.php(124): Illuminate/Filesystem/Filesystem::Illuminate/Filesystem/{closure}()
#3 C:/Users/Victus/supply-chain-platform/vendor/laravel/framework/src/Illuminate/View/Engines/PhpEngine.php(58): Illuminate/Filesystem/Filesystem->getRequire('C://Users//Victus...', Array)
#4 C:/Users/Victus/supply-chain-platform/vendor/laravel/framework/src/Illuminate/View/Engines/CompilerEngine.php(75): Illuminate/View/Engines/PhpEngine->evaluatePath('C://Users//Victus...', Array)
#5 C:/Users/Victus/supply-chain-platform/vendor/laravel/framework/src/Illuminate/View/View.php(209): Illuminate/View/Engines/CompilerEngine->get('C://Users//Victus...', Array)
#6 C:/Users/Victus/supply-chain-platform/vendor/laravel/framework/src/Illuminate/View/View.php(192): Illuminate/View/View->getContents()
#7 C:/Users/Victus/supply-chain-platform/vendor/laravel/framework/src/Illuminate/View/View.php(161): Illuminate/View/View->renderContents()
#8 C:/Users/Victus/supply-chain-platform/vendor/laravel/framework/src/Illuminate/Http/Response.php(79): Illuminate/View/View->render()
#9 C:/Users/Victus/supply-chain-platform/vendor/laravel/framework/src/Illuminate/Http/Response.php(35): Illuminate/Http/Response->setContent(Object(Illuminate/View/View))
#10 C:/Users/Victus/supply-chain-platform/vendor/laravel/framework/src/Illuminate/Routing/Router.php(920): Illuminate/Http/Response->__construct(Object(Illuminate/View/View), 200, Array)
#11 C:/Users/Victus/supply-chain-platform/vendor/laravel/framework/src/Illuminate/Routing/Router.php(887): Illuminate/Routing/Router::toResponse(Object(Illuminate/Http/Request), Object(Illuminate/View/View))
#12 C:/Users/Victus/supply-chain-platform/vendor/laravel/framework/src/Illuminate/Routing/Router.php(807): Illuminate/Routing/Router->prepareResponse(Object(Illuminate/Http/Request), Object(Illuminate/View/View))
#13 C:/Users/Victus/supply-chain-platform/vendor/laravel/framework/src/Illuminate/Pipeline/Pipeline.php(170): Illuminate/Routing/Router->Illuminate/Routing/{closure}(Object(Illuminate/Http/Request))
#14 C:/Users/Victus/supply-chain-platform/vendor/laravel/framework/src/Illuminate/Routing/Middleware/SubstituteBindings.php(51): Illuminate/Pipeline/Pipeline->Illuminate/Pipeline/{closure}(Object(Illuminate/Http/Request))
#15 C:/Users/Victus/supply-chain-platform/vendor/laravel/framework/src/Illuminate/Pipeline/Pipeline.php(209): Illuminate/Routing/Middleware/SubstituteBindings->handle(Object(Illuminate/Http/Request), Object(Closure))
#16 C:/Users/Victus/supply-chain-platform/vendor/laravel/framework/src/Illuminate/Auth/Middleware/Authenticate.php(64): Illuminate/Pipeline/Pipeline->Illuminate/Pipeline/{closure}(Object(Illuminate/Http/Request))
#17 C:/Users/Victus/supply-chain-platform/vendor/laravel/framework/src/Illuminate/Pipeline/Pipeline.php(209): Illuminate/Auth/Middleware/Authenticate->handle(Object(Illuminate/Http/Request), Object(Closure))
#18 C:/Users/Victus/supply-chain-platform/vendor/laravel/framework/src/Illuminate/Foundation/Http/Middleware/VerifyCsrfToken.php(88): Illuminate/Pipeline/Pipeline->Illuminate/Pipeline/{closure}(Object(Illuminate/Http/Request))
#19 C:/Users/Victus/supply-chain-platform/vendor/laravel/framework/src/Illuminate/Pipeline/Pipeline.php(209): Illuminate/Foundation/Http/Middleware/VerifyCsrfToken->handle(Object(Illuminate/Http/Request), Object(Closure))
#20 C:/Users/Victus/supply-chain-platform/vendor/laravel/framework/src/Illuminate/View/Middleware/ShareErrorsFromSession.php(49): Illuminate/Pipeline/Pipeline->Illuminate/Pipeline/{closure}(Object(Illuminate/Http/Request))
#21 C:/Users/Victus/supply-chain-platform/vendor/laravel/framework/src/Illuminate/Pipeline/Pipeline.php(209): Illuminate/View/Middleware/ShareErrorsFromSession->handle(Object(Illuminate/Http/Request), Object(Closure))
#22 C:/Users/Victus/supply-chain-platform/vendor/laravel/framework/src/Illuminate/Session/Middleware/StartSession.php(121): Illuminate/Pipeline/Pipeline->Illuminate/Pipeline/{closure}(Object(Illuminate/Http/Request))
#23 C:/Users/Victus/supply-chain-platform/vendor/laravel/framework/src/Illuminate/Session/Middleware/StartSession.php(64): Illuminate/Session/Middleware/StartSession->handleStatefulRequest(Object(Illuminate/Http/Request), Object(Illuminate/Session/Store), Object(Closure))
#24 C:/Users/Victus/supply-chain-platform/vendor/laravel/framework/src/Illuminate/Pipeline/Pipeline.php(209): Illuminate/Session/Middleware/StartSession->handle(Object(Illuminate/Http/Request), Object(Closure))
#25 C:/Users/Victus/supply-chain-platform/vendor/laravel/framework/src/Illuminate/Cookie/Middleware/AddQueuedCookiesToResponse.php(37): Illuminate/Pipeline/Pipeline->Illuminate/Pipeline/{closure}(Object(Illuminate/Http/Request))
#26 C:/Users/Victus/supply-chain-platform/vendor/laravel/framework/src/Illuminate/Pipeline/Pipeline.php(209): Illuminate/Cookie/Middleware/AddQueuedCookiesToResponse->handle(Object(Illuminate/Http/Request), Object(Closure))
#27 C:/Users/Victus/supply-chain-platform/vendor/laravel/framework/src/Illuminate/Cookie/Middleware/EncryptCookies.php(75): Illuminate/Pipeline/Pipeline->Illuminate/Pipeline/{closure}(Object(Illuminate/Http/Request))
#28 C:/Users/Victus/supply-chain-platform/vendor/laravel/framework/src/Illuminate/Pipeline/Pipeline.php(209): Illuminate/Cookie/Middleware/EncryptCookies->handle(Object(Illuminate/Http/Request), Object(Closure))
#29 C:/Users/Victus/supply-chain-platform/vendor/laravel/framework/src/Illuminate/Pipeline/Pipeline.php(127): Illuminate/Pipeline/Pipeline->Illuminate/Pipeline/{closure}(Object(Illuminate/Http/Request))
#30 C:/Users/Victus/supply-chain-platform/vendor/laravel/framework/src/Illuminate/Routing/Router.php(807): Illuminate/Pipeline/Pipeline->then(Object(Closure))
#31 C:/Users/Victus/supply-chain-platform/vendor/laravel/framework/src/Illuminate/Routing/Router.php(786): Illuminate/Routing/Router->runRouteWithinStack(Object(Illuminate/Routing/Route), Object(Illuminate/Http/Request))
#32 C:/Users/Victus/supply-chain-platform/vendor/laravel/framework/src/Illuminate/Routing/Router.php(750): Illuminate/Routing/Router->runRoute(Object(Illuminate/Http/Request), Object(Illuminate/Routing/Route))
#33 C:/Users/Victus/supply-chain-platform/vendor/laravel/framework/src/Illuminate/Routing/Router.php(739): Illuminate/Routing/Router->dispatchToRoute(Object(Illuminate/Http/Request))
#34 C:/Users/Victus/supply-chain-platform/vendor/laravel/framework/src/Illuminate/Foundation/Http/Kernel.php(201): Illuminate/Routing/Router->dispatch(Object(Illuminate/Http/Request))
#35 C:/Users/Victus/supply-chain-platform/vendor/laravel/framework/src/Illuminate/Pipeline/Pipeline.php(170): Illuminate/Foundation/Http/Kernel->Illuminate/Foundation/Http/{closure}(Object(Illuminate/Http/Request))
#36 C:/Users/Victus/supply-chain-platform/app/Http/Middleware/CopyrightMiddleware.php(16): Illuminate/Pipeline/Pipeline->Illuminate/Pipeline/{closure}(Object(Illuminate/Http/Request))
#37 C:/Users/Victus/supply-chain-platform/vendor/laravel/framework/src/Illuminate/Pipeline/Pipeline.php(209): App/Http/Middleware/CopyrightMiddleware->handle(Object(Illuminate/Http/Request), Object(Closure))
#38 C:/Users/Victus/supply-chain-platform/vendor/laravel/framework/src/Illuminate/Foundation/Http/Middleware/TransformsRequest.php(21): Illuminate/Pipeline/Pipeline->Illuminate/Pipeline/{closure}(Object(Illuminate/Http/Request))
#39 C:/Users/Victus/supply-chain-platform/vendor/laravel/framework/src/Illuminate/Foundation/Http/Middleware/ConvertEmptyStringsToNull.php(31): Illuminate/Foundation/Http/Middleware/TransformsRequest->handle(Object(Illuminate/Http/Request), Object(Closure))
#40 C:/Users/Victus/supply-chain-platform/vendor/laravel/framework/src/Illuminate/Pipeline/Pipeline.php(209): Illuminate/Foundation/Http/Middleware/ConvertEmptyStringsToNull->handle(Object(Illuminate/Http/Request), Object(Closure))
#41 C:/Users/Victus/supply-chain-platform/vendor/laravel/framework/src/Illuminate/Foundation/Http/Middleware/TransformsRequest.php(21): Illuminate/Pipeline/Pipeline->Illuminate/Pipeline/{closure}(Object(Illuminate/Http/Request))
#42 C:/Users/Victus/supply-chain-platform/vendor/laravel/framework/src/Illuminate/Foundation/Http/Middleware/TrimStrings.php(51): Illuminate/Foundation/Http/Middleware/TransformsRequest->handle(Object(Illuminate/Http/Request), Object(Closure))
#43 C:/Users/Victus/supply-chain-platform/vendor/laravel/framework/src/Illuminate/Pipeline/Pipeline.php(209): Illuminate/Foundation/Http/Middleware/TrimStrings->handle(Object(Illuminate/Http/Request), Object(Closure))
#44 C:/Users/Victus/supply-chain-platform/vendor/laravel/framework/src/Illuminate/Http/Middleware/ValidatePostSize.php(27): Illuminate/Pipeline/Pipeline->Illuminate/Pipeline/{closure}(Object(Illuminate/Http/Request))
#45 C:/Users/Victus/supply-chain-platform/vendor/laravel/framework/src/Illuminate/Pipeline/Pipeline.php(209): Illuminate/Http/Middleware/ValidatePostSize->handle(Object(Illuminate/Http/Request), Object(Closure))
#46 C:/Users/Victus/supply-chain-platform/vendor/laravel/framework/src/Illuminate/Foundation/Http/Middleware/PreventRequestsDuringMaintenance.php(110): Illuminate/Pipeline/Pipeline->Illuminate/Pipeline/{closure}(Object(Illuminate/Http/Request))
#47 C:/Users/Victus/supply-chain-platform/vendor/laravel/framework/src/Illuminate/Pipeline/Pipeline.php(209): Illuminate/Foundation/Http/Middleware/PreventRequestsDuringMaintenance->handle(Object(Illuminate/Http/Request), Object(Closure))
#48 C:/Users/Victus/supply-chain-platform/vendor/laravel/framework/src/Illuminate/Http/Middleware/HandleCors.php(49): Illuminate/Pipeline/Pipeline->Illuminate/Pipeline/{closure}(Object(Illuminate/Http/Request))
#49 C:/Users/Victus/supply-chain-platform/vendor/laravel/framework/src/Illuminate/Pipeline/Pipeline.php(209): Illuminate/Http/Middleware/HandleCors->handle(Object(Illuminate/Http/Request), Object(Closure))
#50 C:/Users/Victus/supply-chain-platform/vendor/laravel/framework/src/Illuminate/Http/Middleware/TrustProxies.php(58): Illuminate/Pipeline/Pipeline->Illuminate/Pipeline/{closure}(Object(Illuminate/Http/Request))
#51 C:/Users/Victus/supply-chain-platform/vendor/laravel/framework/src/Illuminate/Pipeline/Pipeline.php(209): Illuminate/Http/Middleware/TrustProxies->handle(Object(Illuminate/Http/Request), Object(Closure))
#52 C:/Users/Victus/supply-chain-platform/vendor/laravel/framework/src/Illuminate/Foundation/Http/Middleware/InvokeDeferredCallbacks.php(22): Illuminate/Pipeline/Pipeline->Illuminate/Pipeline/{closure}(Object(Illuminate/Http/Request))
#53 C:/Users/Victus/supply-chain-platform/vendor/laravel/framework/src/Illuminate/Pipeline/Pipeline.php(209): Illuminate/Foundation/Http/Middleware/InvokeDeferredCallbacks->handle(Object(Illuminate/Http/Request), Object(Closure))
#54 C:/Users/Victus/supply-chain-platform/vendor/laravel/framework/src/Illuminate/Pipeline/Pipeline.php(127): Illuminate/Pipeline/Pipeline->Illuminate/Pipeline/{closure}(Object(Illuminate/Http/Request))
#55 C:/Users/Victus/supply-chain-platform/vendor/laravel/framework/src/Illuminate/Foundation/Http/Kernel.php(176): Illuminate/Pipeline/Pipeline->then(Object(Closure))
#56 C:/Users/Victus/supply-chain-platform/vendor/laravel/framework/src/Illuminate/Foundation/Http/Kernel.php(145): Illuminate/Foundation/Http/Kernel->sendRequestThroughRouter(Object(Illuminate/Http/Request))
#57 C:/Users/Victus/supply-chain-platform/vendor/laravel/framework/src/Illuminate/Foundation/Application.php(1220): Illuminate/Foundation/Http/Kernel->handle(Object(Illuminate/Http/Request))
#58 C:/Users/Victus/supply-chain-platform/public/index.php(24): Illuminate/Foundation/Application->handleRequest(Object(Illuminate/Http/Request))
#59 C:/Users/Victus/supply-chain-platform/vendor/laravel/framework/src/Illuminate/Foundation/resources/server.php(23): require_once('C://Users//Victus...')
#60 {main}
"} 
[2026-07-21 00:19:29] local.ERROR: The "--prefix" option does not exist. {"exception":"[object] (Symfony\\Component\\Console\\Exception\\RuntimeException(code: 0): The \"--prefix\" option does not exist. at C:/Users/Victus/supply-chain-platform/vendor/symfony/console/Input/ArgvInput.php:226)
[stacktrace]
#0 C:/Users/Victus/supply-chain-platform/vendor/symfony/console/Input/ArgvInput.php(153): Symfony/Component/Console/Input/ArgvInput->addLongOption('prefix', 'api/v1/news/rea...')
#1 C:/Users/Victus/supply-chain-platform/vendor/symfony/console/Input/ArgvInput.php(88): Symfony/Component/Console/Input/ArgvInput->parseLongOption('--prefix=api/v1...')
#2 C:/Users/Victus/supply-chain-platform/vendor/symfony/console/Input/ArgvInput.php(77): Symfony/Component/Console/Input/ArgvInput->parseToken('--prefix=api/v1...', true)
#3 C:/Users/Victus/supply-chain-platform/vendor/symfony/console/Input/Input.php(53): Symfony/Component/Console/Input/ArgvInput->parse()
#4 C:/Users/Victus/supply-chain-platform/vendor/symfony/console/Command/Command.php(295): Symfony/Component/Console/Input/Input->bind(Object(Symfony/Component/Console/Input/InputDefinition))
#5 C:/Users/Victus/supply-chain-platform/vendor/laravel/framework/src/Illuminate/Console/Command.php(182): Symfony/Component/Console/Command/Command->run(Object(Symfony/Component/Console/Input/ArgvInput), Object(Illuminate/Console/OutputStyle))
#6 C:/Users/Victus/supply-chain-platform/vendor/symfony/console/Application.php(1117): Illuminate/Console/Command->run(Object(Symfony/Component/Console/Input/ArgvInput), Object(Symfony/Component/Console/Output/ConsoleOutput))
#7 C:/Users/Victus/supply-chain-platform/vendor/symfony/console/Application.php(356): Symfony/Component/Console/Application->doRunCommand(Object(Illuminate/Foundation/Console/RouteListCommand), Object(Symfony/Component/Console/Input/ArgvInput), Object(Symfony/Component/Console/Output/ConsoleOutput))
#8 C:/Users/Victus/supply-chain-platform/vendor/symfony/console/Application.php(195): Symfony/Component/Console/Application->doRun(Object(Symfony/Component/Console/Input/ArgvInput), Object(Symfony/Component/Console/Output/ConsoleOutput))
#9 C:/Users/Victus/supply-chain-platform/vendor/laravel/framework/src/Illuminate/Foundation/Console/Kernel.php(198): Symfony/Component/Console/Application->run(Object(Symfony/Component/Console/Input/ArgvInput), Object(Symfony/Component/Console/Output/ConsoleOutput))
#10 C:/Users/Victus/supply-chain-platform/vendor/laravel/framework/src/Illuminate/Foundation/Application.php(1235): Illuminate/Foundation/Console/Kernel->handle(Object(Symfony/Component/Console/Input/ArgvInput), Object(Symfony/Component/Console/Output/ConsoleOutput))
#11 C:/Users/Victus/supply-chain-platform/artisan(17): Illuminate/Foundation/Application->handleCommand(Object(Symfony/Component/Console/Input/ArgvInput))
#12 {main}
"} 
[2026-07-21 00:20:14] local.ERROR: Command "view:list" is not defined.

Did you mean one of these?
    channel:list
    event:list
    make:listener
    queue:listen
    route:list
    schedule:list
    view:cache
    view:clear {"exception":"[object] (Symfony\\Component\\Console\\Exception\\CommandNotFoundException(code: 0): Command \"view:list\" is not defined.

Did you mean one of these?
    channel:list
    event:list
    make:listener
    queue:listen
    route:list
    schedule:list
    view:cache
    view:clear at C:/Users/Victus/supply-chain-platform/vendor/symfony/console/Application.php:759)
[stacktrace]
#0 C:/Users/Victus/supply-chain-platform/vendor/symfony/console/Application.php(298): Symfony/Component/Console/Application->find('view:list')
#1 C:/Users/Victus/supply-chain-platform/vendor/symfony/console/Application.php(195): Symfony/Component/Console/Application->doRun(Object(Symfony/Component/Console/Input/ArgvInput), Object(Symfony/Component/Console/Output/ConsoleOutput))
#2 C:/Users/Victus/supply-chain-platform/vendor/laravel/framework/src/Illuminate/Foundation/Console/Kernel.php(198): Symfony/Component/Console/Application->run(Object(Symfony/Component/Console/Input/ArgvInput), Object(Symfony/Component/Console/Output/ConsoleOutput))
#3 C:/Users/Victus/supply-chain-platform/vendor/laravel/framework/src/Illuminate/Foundation/Application.php(1235): Illuminate/Foundation/Console/Kernel->handle(Object(Symfony/Component/Console/Input/ArgvInput), Object(Symfony/Component/Console/Output/ConsoleOutput))
#4 C:/Users/Victus/supply-chain-platform/artisan(17): Illuminate/Foundation/Application->handleCommand(Object(Symfony/Component/Console/Input/ArgvInput))
#5 {main}
"} 
[2026-07-21 00:29:42] local.ERROR: SQLSTATE[42000]: Syntax error or access violation: 1055 'supply_chain_db.news_cache.id' isn't in GROUP BY (Connection: mysql, SQL: select *, COUNT(*) as mention_count from `news_cache` where `published_at` >= 2026-07-20 00:29:42 group by `source_name` order by `mention_count` desc, `published_at` desc limit 5) {"userId":3,"exception":"[object] (Illuminate\\Database\\QueryException(code: 42000): SQLSTATE[42000]: Syntax error or access violation: 1055 'supply_chain_db.news_cache.id' isn't in GROUP BY (Connection: mysql, SQL: select *, COUNT(*) as mention_count from `news_cache` where `published_at` >= 2026-07-20 00:29:42 group by `source_name` order by `mention_count` desc, `published_at` desc limit 5) at C:/Users/Victus/supply-chain-platform/vendor/laravel/framework/src/Illuminate/Database/Connection.php:825)
[stacktrace]
#0 C:/Users/Victus/supply-chain-platform/vendor/laravel/framework/src/Illuminate/Database/Connection.php(779): Illuminate/Database/Connection->runQueryCallback('select *, COUNT...', Array, Object(Closure))
#1 C:/Users/Victus/supply-chain-platform/vendor/laravel/framework/src/Illuminate/Database/Connection.php(398): Illuminate/Database/Connection->run('select *, COUNT...', Array, Object(Closure))
#2 C:/Users/Victus/supply-chain-platform/vendor/laravel/framework/src/Illuminate/Database/Query/Builder.php(3106): Illuminate/Database/Connection->select('select *, COUNT...', Array, true)
#3 C:/Users/Victus/supply-chain-platform/vendor/laravel/framework/src/Illuminate/Database/Query/Builder.php(3091): Illuminate/Database/Query/Builder->runSelect()
#4 C:/Users/Victus/supply-chain-platform/vendor/laravel/framework/src/Illuminate/Database/Query/Builder.php(3676): Illuminate/Database/Query/Builder->Illuminate/Database/Query/{closure}()
#5 C:/Users/Victus/supply-chain-platform/vendor/laravel/framework/src/Illuminate/Database/Query/Builder.php(3090): Illuminate/Database/Query/Builder->onceWithColumns(Array, Object(Closure))
#6 C:/Users/Victus/supply-chain-platform/vendor/laravel/framework/src/Illuminate/Database/Eloquent/Builder.php(811): Illuminate/Database/Query/Builder->get(Array)
#7 C:/Users/Victus/supply-chain-platform/vendor/laravel/framework/src/Illuminate/Database/Eloquent/Builder.php(793): Illuminate/Database/Eloquent/Builder->getModels(Array)
#8 C:/Users/Victus/supply-chain-platform/app/Services/RealtimeNewsService.php(110): Illuminate/Database/Eloquent/Builder->get()
#9 C:/Users/Victus/supply-chain-platform/vendor/laravel/framework/src/Illuminate/Cache/Repository.php(427): App/Services/RealtimeNewsService->App/Services/{closure}()
#10 C:/Users/Victus/supply-chain-platform/vendor/laravel/framework/src/Illuminate/Cache/CacheManager.php(453): Illuminate/Cache/Repository->remember('realtime:trendi...', 300, Object(Closure))
#11 C:/Users/Victus/supply-chain-platform/vendor/laravel/framework/src/Illuminate/Support/Facades/Facade.php(361): Illuminate/Cache/CacheManager->__call('remember', Array)
#12 C:/Users/Victus/supply-chain-platform/app/Services/RealtimeNewsService.php(103): Illuminate/Support/Facades/Facade::__callStatic('remember', Array)
#13 C:/Users/Victus/supply-chain-platform/app/Http/Controllers/NewsController.php(308): App/Services/RealtimeNewsService->getTrendingNews(5)
#14 C:/Users/Victus/supply-chain-platform/vendor/laravel/framework/src/Illuminate/Routing/ControllerDispatcher.php(47): App/Http/Controllers/NewsController->realtimeDashboard()
#15 C:/Users/Victus/supply-chain-platform/vendor/laravel/framework/src/Illuminate/Routing/Route.php(266): Illuminate/Routing/ControllerDispatcher->dispatch(Object(Illuminate/Routing/Route), Object(App/Http/Controllers/NewsController), 'realtimeDashboa...')
#16 C:/Users/Victus/supply-chain-platform/vendor/laravel/framework/src/Illuminate/Routing/Route.php(212): Illuminate/Routing/Route->runController()
#17 C:/Users/Victus/supply-chain-platform/vendor/laravel/framework/src/Illuminate/Routing/Router.php(808): Illuminate/Routing/Route->run()
#18 C:/Users/Victus/supply-chain-platform/vendor/laravel/framework/src/Illuminate/Pipeline/Pipeline.php(170): Illuminate/Routing/Router->Illuminate/Routing/{closure}(Object(Illuminate/Http/Request))
#19 C:/Users/Victus/supply-chain-platform/vendor/laravel/framework/src/Illuminate/Routing/Middleware/SubstituteBindings.php(51): Illuminate/Pipeline/Pipeline->Illuminate/Pipeline/{closure}(Object(Illuminate/Http/Request))
#20 C:/Users/Victus/supply-chain-platform/vendor/laravel/framework/src/Illuminate/Pipeline/Pipeline.php(209): Illuminate/Routing/Middleware/SubstituteBindings->handle(Object(Illuminate/Http/Request), Object(Closure))
#21 C:/Users/Victus/supply-chain-platform/vendor/laravel/framework/src/Illuminate/Auth/Middleware/Authenticate.php(64): Illuminate/Pipeline/Pipeline->Illuminate/Pipeline/{closure}(Object(Illuminate/Http/Request))
#22 C:/Users/Victus/supply-chain-platform/vendor/laravel/framework/src/Illuminate/Pipeline/Pipeline.php(209): Illuminate/Auth/Middleware/Authenticate->handle(Object(Illuminate/Http/Request), Object(Closure))
#23 C:/Users/Victus/supply-chain-platform/vendor/laravel/framework/src/Illuminate/Foundation/Http/Middleware/VerifyCsrfToken.php(88): Illuminate/Pipeline/Pipeline->Illuminate/Pipeline/{closure}(Object(Illuminate/Http/Request))
#24 C:/Users/Victus/supply-chain-platform/vendor/laravel/framework/src/Illuminate/Pipeline/Pipeline.php(209): Illuminate/Foundation/Http/Middleware/VerifyCsrfToken->handle(Object(Illuminate/Http/Request), Object(Closure))
#25 C:/Users/Victus/supply-chain-platform/vendor/laravel/framework/src/Illuminate/View/Middleware/ShareErrorsFromSession.php(49): Illuminate/Pipeline/Pipeline->Illuminate/Pipeline/{closure}(Object(Illuminate/Http/Request))
#26 C:/Users/Victus/supply-chain-platform/vendor/laravel/framework/src/Illuminate/Pipeline/Pipeline.php(209): Illuminate/View/Middleware/ShareErrorsFromSession->handle(Object(Illuminate/Http/Request), Object(Closure))
#27 C:/Users/Victus/supply-chain-platform/vendor/laravel/framework/src/Illuminate/Session/Middleware/StartSession.php(121): Illuminate/Pipeline/Pipeline->Illuminate/Pipeline/{closure}(Object(Illuminate/Http/Request))
#28 C:/Users/Victus/supply-chain-platform/vendor/laravel/framework/src/Illuminate/Session/Middleware/StartSession.php(64): Illuminate/Session/Middleware/StartSession->handleStatefulRequest(Object(Illuminate/Http/Request), Object(Illuminate/Session/Store), Object(Closure))
#29 C:/Users/Victus/supply-chain-platform/vendor/laravel/framework/src/Illuminate/Pipeline/Pipeline.php(209): Illuminate/Session/Middleware/StartSession->handle(Object(Illuminate/Http/Request), Object(Closure))
#30 C:/Users/Victus/supply-chain-platform/vendor/laravel/framework/src/Illuminate/Cookie/Middleware/AddQueuedCookiesToResponse.php(37): Illuminate/Pipeline/Pipeline->Illuminate/Pipeline/{closure}(Object(Illuminate/Http/Request))
#31 C:/Users/Victus/supply-chain-platform/vendor/laravel/framework/src/Illuminate/Pipeline/Pipeline.php(209): Illuminate/Cookie/Middleware/AddQueuedCookiesToResponse->handle(Object(Illuminate/Http/Request), Object(Closure))
#32 C:/Users/Victus/supply-chain-platform/vendor/laravel/framework/src/Illuminate/Cookie/Middleware/EncryptCookies.php(75): Illuminate/Pipeline/Pipeline->Illuminate/Pipeline/{closure}(Object(Illuminate/Http/Request))
#33 C:/Users/Victus/supply-chain-platform/vendor/laravel/framework/src/Illuminate/Pipeline/Pipeline.php(209): Illuminate/Cookie/Middleware/EncryptCookies->handle(Object(Illuminate/Http/Request), Object(Closure))
#34 C:/Users/Victus/supply-chain-platform/vendor/laravel/framework/src/Illuminate/Pipeline/Pipeline.php(127): Illuminate/Pipeline/Pipeline->Illuminate/Pipeline/{closure}(Object(Illuminate/Http/Request))
#35 C:/Users/Victus/supply-chain-platform/vendor/laravel/framework/src/Illuminate/Routing/Router.php(807): Illuminate/Pipeline/Pipeline->then(Object(Closure))
#36 C:/Users/Victus/supply-chain-platform/vendor/laravel/framework/src/Illuminate/Routing/Router.php(786): Illuminate/Routing/Router->runRouteWithinStack(Object(Illuminate/Routing/Route), Object(Illuminate/Http/Request))
#37 C:/Users/Victus/supply-chain-platform/vendor/laravel/framework/src/Illuminate/Routing/Router.php(750): Illuminate/Routing/Router->runRoute(Object(Illuminate/Http/Request), Object(Illuminate/Routing/Route))
#38 C:/Users/Victus/supply-chain-platform/vendor/laravel/framework/src/Illuminate/Routing/Router.php(739): Illuminate/Routing/Router->dispatchToRoute(Object(Illuminate/Http/Request))
#39 C:/Users/Victus/supply-chain-platform/vendor/laravel/framework/src/Illuminate/Foundation/Http/Kernel.php(201): Illuminate/Routing/Router->dispatch(Object(Illuminate/Http/Request))
#40 C:/Users/Victus/supply-chain-platform/vendor/laravel/framework/src/Illuminate/Pipeline/Pipeline.php(170): Illuminate/Foundation/Http/Kernel->Illuminate/Foundation/Http/{closure}(Object(Illuminate/Http/Request))
#41 C:/Users/Victus/supply-chain-platform/app/Http/Middleware/CopyrightMiddleware.php(16): Illuminate/Pipeline/Pipeline->Illuminate/Pipeline/{closure}(Object(Illuminate/Http/Request))
#42 C:/Users/Victus/supply-chain-platform/vendor/laravel/framework/src/Illuminate/Pipeline/Pipeline.php(209): App/Http/Middleware/CopyrightMiddleware->handle(Object(Illuminate/Http/Request), Object(Closure))
#43 C:/Users/Victus/supply-chain-platform/vendor/laravel/framework/src/Illuminate/Foundation/Http/Middleware/TransformsRequest.php(21): Illuminate/Pipeline/Pipeline->Illuminate/Pipeline/{closure}(Object(Illuminate/Http/Request))
#44 C:/Users/Victus/supply-chain-platform/vendor/laravel/framework/src/Illuminate/Foundation/Http/Middleware/ConvertEmptyStringsToNull.php(31): Illuminate/Foundation/Http/Middleware/TransformsRequest->handle(Object(Illuminate/Http/Request), Object(Closure))
#45 C:/Users/Victus/supply-chain-platform/vendor/laravel/framework/src/Illuminate/Pipeline/Pipeline.php(209): Illuminate/Foundation/Http/Middleware/ConvertEmptyStringsToNull->handle(Object(Illuminate/Http/Request), Object(Closure))
#46 C:/Users/Victus/supply-chain-platform/vendor/laravel/framework/src/Illuminate/Foundation/Http/Middleware/TransformsRequest.php(21): Illuminate/Pipeline/Pipeline->Illuminate/Pipeline/{closure}(Object(Illuminate/Http/Request))
#47 C:/Users/Victus/supply-chain-platform/vendor/laravel/framework/src/Illuminate/Foundation/Http/Middleware/TrimStrings.php(51): Illuminate/Foundation/Http/Middleware/TransformsRequest->handle(Object(Illuminate/Http/Request), Object(Closure))
#48 C:/Users/Victus/supply-chain-platform/vendor/laravel/framework/src/Illuminate/Pipeline/Pipeline.php(209): Illuminate/Foundation/Http/Middleware/TrimStrings->handle(Object(Illuminate/Http/Request), Object(Closure))
#49 C:/Users/Victus/supply-chain-platform/vendor/laravel/framework/src/Illuminate/Http/Middleware/ValidatePostSize.php(27): Illuminate/Pipeline/Pipeline->Illuminate/Pipeline/{closure}(Object(Illuminate/Http/Request))
#50 C:/Users/Victus/supply-chain-platform/vendor/laravel/framework/src/Illuminate/Pipeline/Pipeline.php(209): Illuminate/Http/Middleware/ValidatePostSize->handle(Object(Illuminate/Http/Request), Object(Closure))
#51 C:/Users/Victus/supply-chain-platform/vendor/laravel/framework/src/Illuminate/Foundation/Http/Middleware/PreventRequestsDuringMaintenance.php(110): Illuminate/Pipeline/Pipeline->Illuminate/Pipeline/{closure}(Object(Illuminate/Http/Request))
#52 C:/Users/Victus/supply-chain-platform/vendor/laravel/framework/src/Illuminate/Pipeline/Pipeline.php(209): Illuminate/Foundation/Http/Middleware/PreventRequestsDuringMaintenance->handle(Object(Illuminate/Http/Request), Object(Closure))
#53 C:/Users/Victus/supply-chain-platform/vendor/laravel/framework/src/Illuminate/Http/Middleware/HandleCors.php(49): Illuminate/Pipeline/Pipeline->Illuminate/Pipeline/{closure}(Object(Illuminate/Http/Request))
#54 C:/Users/Victus/supply-chain-platform/vendor/laravel/framework/src/Illuminate/Pipeline/Pipeline.php(209): Illuminate/Http/Middleware/HandleCors->handle(Object(Illuminate/Http/Request), Object(Closure))
#55 C:/Users/Victus/supply-chain-platform/vendor/laravel/framework/src/Illuminate/Http/Middleware/TrustProxies.php(58): Illuminate/Pipeline/Pipeline->Illuminate/Pipeline/{closure}(Object(Illuminate/Http/Request))
#56 C:/Users/Victus/supply-chain-platform/vendor/laravel/framework/src/Illuminate/Pipeline/Pipeline.php(209): Illuminate/Http/Middleware/TrustProxies->handle(Object(Illuminate/Http/Request), Object(Closure))
#57 C:/Users/Victus/supply-chain-platform/vendor/laravel/framework/src/Illuminate/Foundation/Http/Middleware/InvokeDeferredCallbacks.php(22): Illuminate/Pipeline/Pipeline->Illuminate/Pipeline/{closure}(Object(Illuminate/Http/Request))
#58 C:/Users/Victus/supply-chain-platform/vendor/laravel/framework/src/Illuminate/Pipeline/Pipeline.php(209): Illuminate/Foundation/Http/Middleware/InvokeDeferredCallbacks->handle(Object(Illuminate/Http/Request), Object(Closure))
#59 C:/Users/Victus/supply-chain-platform/vendor/laravel/framework/src/Illuminate/Pipeline/Pipeline.php(127): Illuminate/Pipeline/Pipeline->Illuminate/Pipeline/{closure}(Object(Illuminate/Http/Request))
#60 C:/Users/Victus/supply-chain-platform/vendor/laravel/framework/src/Illuminate/Foundation/Http/Kernel.php(176): Illuminate/Pipeline/Pipeline->then(Object(Closure))
#61 C:/Users/Victus/supply-chain-platform/vendor/laravel/framework/src/Illuminate/Foundation/Http/Kernel.php(145): Illuminate/Foundation/Http/Kernel->sendRequestThroughRouter(Object(Illuminate/Http/Request))
#62 C:/Users/Victus/supply-chain-platform/vendor/laravel/framework/src/Illuminate/Foundation/Application.php(1220): Illuminate/Foundation/Http/Kernel->handle(Object(Illuminate/Http/Request))
#63 C:/Users/Victus/supply-chain-platform/public/index.php(24): Illuminate/Foundation/Application->handleRequest(Object(Illuminate/Http/Request))
#64 C:/Users/Victus/supply-chain-platform/vendor/laravel/framework/src/Illuminate/Foundation/resources/server.php(23): require_once('C://Users//Victus...')
#65 {main}

[previous exception] [object] (PDOException(code: 42000): SQLSTATE[42000]: Syntax error or access violation: 1055 'supply_chain_db.news_cache.id' isn't in GROUP BY at C:/Users/Victus/supply-chain-platform/vendor/laravel/framework/src/Illuminate/Database/Connection.php:407)
[stacktrace]
#0 C:/Users/Victus/supply-chain-platform/vendor/laravel/framework/src/Illuminate/Database/Connection.php(407): PDO->prepare('select *, COUNT...')
#1 C:/Users/Victus/supply-chain-platform/vendor/laravel/framework/src/Illuminate/Database/Connection.php(812): Illuminate/Database/Connection->Illuminate/Database/{closure}('select *, COUNT...', Array)
#2 C:/Users/Victus/supply-chain-platform/vendor/laravel/framework/src/Illuminate/Database/Connection.php(779): Illuminate/Database/Connection->runQueryCallback('select *, COUNT...', Array, Object(Closure))
#3 C:/Users/Victus/supply-chain-platform/vendor/laravel/framework/src/Illuminate/Database/Connection.php(398): Illuminate/Database/Connection->run('select *, COUNT...', Array, Object(Closure))
#4 C:/Users/Victus/supply-chain-platform/vendor/laravel/framework/src/Illuminate/Database/Query/Builder.php(3106): Illuminate/Database/Connection->select('select *, COUNT...', Array, true)
#5 C:/Users/Victus/supply-chain-platform/vendor/laravel/framework/src/Illuminate/Database/Query/Builder.php(3091): Illuminate/Database/Query/Builder->runSelect()
#6 C:/Users/Victus/supply-chain-platform/vendor/laravel/framework/src/Illuminate/Database/Query/Builder.php(3676): Illuminate/Database/Query/Builder->Illuminate/Database/Query/{closure}()
#7 C:/Users/Victus/supply-chain-platform/vendor/laravel/framework/src/Illuminate/Database/Query/Builder.php(3090): Illuminate/Database/Query/Builder->onceWithColumns(Array, Object(Closure))
#8 C:/Users/Victus/supply-chain-platform/vendor/laravel/framework/src/Illuminate/Database/Eloquent/Builder.php(811): Illuminate/Database/Query/Builder->get(Array)
#9 C:/Users/Victus/supply-chain-platform/vendor/laravel/framework/src/Illuminate/Database/Eloquent/Builder.php(793): Illuminate/Database/Eloquent/Builder->getModels(Array)
#10 C:/Users/Victus/supply-chain-platform/app/Services/RealtimeNewsService.php(110): Illuminate/Database/Eloquent/Builder->get()
#11 C:/Users/Victus/supply-chain-platform/vendor/laravel/framework/src/Illuminate/Cache/Repository.php(427): App/Services/RealtimeNewsService->App/Services/{closure}()
#12 C:/Users/Victus/supply-chain-platform/vendor/laravel/framework/src/Illuminate/Cache/CacheManager.php(453): Illuminate/Cache/Repository->remember('realtime:trendi...', 300, Object(Closure))
#13 C:/Users/Victus/supply-chain-platform/vendor/laravel/framework/src/Illuminate/Support/Facades/Facade.php(361): Illuminate/Cache/CacheManager->__call('remember', Array)
#14 C:/Users/Victus/supply-chain-platform/app/Services/RealtimeNewsService.php(103): Illuminate/Support/Facades/Facade::__callStatic('remember', Array)
#15 C:/Users/Victus/supply-chain-platform/app/Http/Controllers/NewsController.php(308): App/Services/RealtimeNewsService->getTrendingNews(5)
#16 C:/Users/Victus/supply-chain-platform/vendor/laravel/framework/src/Illuminate/Routing/ControllerDispatcher.php(47): App/Http/Controllers/NewsController->realtimeDashboard()
#17 C:/Users/Victus/supply-chain-platform/vendor/laravel/framework/src/Illuminate/Routing/Route.php(266): Illuminate/Routing/ControllerDispatcher->dispatch(Object(Illuminate/Routing/Route), Object(App/Http/Controllers/NewsController), 'realtimeDashboa...')
#18 C:/Users/Victus/supply-chain-platform/vendor/laravel/framework/src/Illuminate/Routing/Route.php(212): Illuminate/Routing/Route->runController()
#19 C:/Users/Victus/supply-chain-platform/vendor/laravel/framework/src/Illuminate/Routing/Router.php(808): Illuminate/Routing/Route->run()
#20 C:/Users/Victus/supply-chain-platform/vendor/laravel/framework/src/Illuminate/Pipeline/Pipeline.php(170): Illuminate/Routing/Router->Illuminate/Routing/{closure}(Object(Illuminate/Http/Request))
#21 C:/Users/Victus/supply-chain-platform/vendor/laravel/framework/src/Illuminate/Routing/Middleware/SubstituteBindings.php(51): Illuminate/Pipeline/Pipeline->Illuminate/Pipeline/{closure}(Object(Illuminate/Http/Request))
#22 C:/Users/Victus/supply-chain-platform/vendor/laravel/framework/src/Illuminate/Pipeline/Pipeline.php(209): Illuminate/Routing/Middleware/SubstituteBindings->handle(Object(Illuminate/Http/Request), Object(Closure))
#23 C:/Users/Victus/supply-chain-platform/vendor/laravel/framework/src/Illuminate/Auth/Middleware/Authenticate.php(64): Illuminate/Pipeline/Pipeline->Illuminate/Pipeline/{closure}(Object(Illuminate/Http/Request))
#24 C:/Users/Victus/supply-chain-platform/vendor/laravel/framework/src/Illuminate/Pipeline/Pipeline.php(209): Illuminate/Auth/Middleware/Authenticate->handle(Object(Illuminate/Http/Request), Object(Closure))
#25 C:/Users/Victus/supply-chain-platform/vendor/laravel/framework/src/Illuminate/Foundation/Http/Middleware/VerifyCsrfToken.php(88): Illuminate/Pipeline/Pipeline->Illuminate/Pipeline/{closure}(Object(Illuminate/Http/Request))
#26 C:/Users/Victus/supply-chain-platform/vendor/laravel/framework/src/Illuminate/Pipeline/Pipeline.php(209): Illuminate/Foundation/Http/Middleware/VerifyCsrfToken->handle(Object(Illuminate/Http/Request), Object(Closure))
#27 C:/Users/Victus/supply-chain-platform/vendor/laravel/framework/src/Illuminate/View/Middleware/ShareErrorsFromSession.php(49): Illuminate/Pipeline/Pipeline->Illuminate/Pipeline/{closure}(Object(Illuminate/Http/Request))
#28 C:/Users/Victus/supply-chain-platform/vendor/laravel/framework/src/Illuminate/Pipeline/Pipeline.php(209): Illuminate/View/Middleware/ShareErrorsFromSession->handle(Object(Illuminate/Http/Request), Object(Closure))
#29 C:/Users/Victus/supply-chain-platform/vendor/laravel/framework/src/Illuminate/Session/Middleware/StartSession.php(121): Illuminate/Pipeline/Pipeline->Illuminate/Pipeline/{closure}(Object(Illuminate/Http/Request))
#30 C:/Users/Victus/supply-chain-platform/vendor/laravel/framework/src/Illuminate/Session/Middleware/StartSession.php(64): Illuminate/Session/Middleware/StartSession->handleStatefulRequest(Object(Illuminate/Http/Request), Object(Illuminate/Session/Store), Object(Closure))
#31 C:/Users/Victus/supply-chain-platform/vendor/laravel/framework/src/Illuminate/Pipeline/Pipeline.php(209): Illuminate/Session/Middleware/StartSession->handle(Object(Illuminate/Http/Request), Object(Closure))
#32 C:/Users/Victus/supply-chain-platform/vendor/laravel/framework/src/Illuminate/Cookie/Middleware/AddQueuedCookiesToResponse.php(37): Illuminate/Pipeline/Pipeline->Illuminate/Pipeline/{closure}(Object(Illuminate/Http/Request))
#33 C:/Users/Victus/supply-chain-platform/vendor/laravel/framework/src/Illuminate/Pipeline/Pipeline.php(209): Illuminate/Cookie/Middleware/AddQueuedCookiesToResponse->handle(Object(Illuminate/Http/Request), Object(Closure))
#34 C:/Users/Victus/supply-chain-platform/vendor/laravel/framework/src/Illuminate/Cookie/Middleware/EncryptCookies.php(75): Illuminate/Pipeline/Pipeline->Illuminate/Pipeline/{closure}(Object(Illuminate/Http/Request))
#35 C:/Users/Victus/supply-chain-platform/vendor/laravel/framework/src/Illuminate/Pipeline/Pipeline.php(209): Illuminate/Cookie/Middleware/EncryptCookies->handle(Object(Illuminate/Http/Request), Object(Closure))
#36 C:/Users/Victus/supply-chain-platform/vendor/laravel/framework/src/Illuminate/Pipeline/Pipeline.php(127): Illuminate/Pipeline/Pipeline->Illuminate/Pipeline/{closure}(Object(Illuminate/Http/Request))
#37 C:/Users/Victus/supply-chain-platform/vendor/laravel/framework/src/Illuminate/Routing/Router.php(807): Illuminate/Pipeline/Pipeline->then(Object(Closure))
#38 C:/Users/Victus/supply-chain-platform/vendor/laravel/framework/src/Illuminate/Routing/Router.php(786): Illuminate/Routing/Router->runRouteWithinStack(Object(Illuminate/Routing/Route), Object(Illuminate/Http/Request))
#39 C:/Users/Victus/supply-chain-platform/vendor/laravel/framework/src/Illuminate/Routing/Router.php(750): Illuminate/Routing/Router->runRoute(Object(Illuminate/Http/Request), Object(Illuminate/Routing/Route))
#40 C:/Users/Victus/supply-chain-platform/vendor/laravel/framework/src/Illuminate/Routing/Router.php(739): Illuminate/Routing/Router->dispatchToRoute(Object(Illuminate/Http/Request))
#41 C:/Users/Victus/supply-chain-platform/vendor/laravel/framework/src/Illuminate/Foundation/Http/Kernel.php(201): Illuminate/Routing/Router->dispatch(Object(Illuminate/Http/Request))
#42 C:/Users/Victus/supply-chain-platform/vendor/laravel/framework/src/Illuminate/Pipeline/Pipeline.php(170): Illuminate/Foundation/Http/Kernel->Illuminate/Foundation/Http/{closure}(Object(Illuminate/Http/Request))
#43 C:/Users/Victus/supply-chain-platform/app/Http/Middleware/CopyrightMiddleware.php(16): Illuminate/Pipeline/Pipeline->Illuminate/Pipeline/{closure}(Object(Illuminate/Http/Request))
#44 C:/Users/Victus/supply-chain-platform/vendor/laravel/framework/src/Illuminate/Pipeline/Pipeline.php(209): App/Http/Middleware/CopyrightMiddleware->handle(Object(Illuminate/Http/Request), Object(Closure))
#45 C:/Users/Victus/supply-chain-platform/vendor/laravel/framework/src/Illuminate/Foundation/Http/Middleware/TransformsRequest.php(21): Illuminate/Pipeline/Pipeline->Illuminate/Pipeline/{closure}(Object(Illuminate/Http/Request))
#46 C:/Users/Victus/supply-chain-platform/vendor/laravel/framework/src/Illuminate/Foundation/Http/Middleware/ConvertEmptyStringsToNull.php(31): Illuminate/Foundation/Http/Middleware/TransformsRequest->handle(Object(Illuminate/Http/Request), Object(Closure))
#47 C:/Users/Victus/supply-chain-platform/vendor/laravel/framework/src/Illuminate/Pipeline/Pipeline.php(209): Illuminate/Foundation/Http/Middleware/ConvertEmptyStringsToNull->handle(Object(Illuminate/Http/Request), Object(Closure))
#48 C:/Users/Victus/supply-chain-platform/vendor/laravel/framework/src/Illuminate/Foundation/Http/Middleware/TransformsRequest.php(21): Illuminate/Pipeline/Pipeline->Illuminate/Pipeline/{closure}(Object(Illuminate/Http/Request))
#49 C:/Users/Victus/supply-chain-platform/vendor/laravel/framework/src/Illuminate/Foundation/Http/Middleware/TrimStrings.php(51): Illuminate/Foundation/Http/Middleware/TransformsRequest->handle(Object(Illuminate/Http/Request), Object(Closure))
#50 C:/Users/Victus/supply-chain-platform/vendor/laravel/framework/src/Illuminate/Pipeline/Pipeline.php(209): Illuminate/Foundation/Http/Middleware/TrimStrings->handle(Object(Illuminate/Http/Request), Object(Closure))
#51 C:/Users/Victus/supply-chain-platform/vendor/laravel/framework/src/Illuminate/Http/Middleware/ValidatePostSize.php(27): Illuminate/Pipeline/Pipeline->Illuminate/Pipeline/{closure}(Object(Illuminate/Http/Request))
#52 C:/Users/Victus/supply-chain-platform/vendor/laravel/framework/src/Illuminate/Pipeline/Pipeline.php(209): Illuminate/Http/Middleware/ValidatePostSize->handle(Object(Illuminate/Http/Request), Object(Closure))
#53 C:/Users/Victus/supply-chain-platform/vendor/laravel/framework/src/Illuminate/Foundation/Http/Middleware/PreventRequestsDuringMaintenance.php(110): Illuminate/Pipeline/Pipeline->Illuminate/Pipeline/{closure}(Object(Illuminate/Http/Request))
#54 C:/Users/Victus/supply-chain-platform/vendor/laravel/framework/src/Illuminate/Pipeline/Pipeline.php(209): Illuminate/Foundation/Http/Middleware/PreventRequestsDuringMaintenance->handle(Object(Illuminate/Http/Request), Object(Closure))
#55 C:/Users/Victus/supply-chain-platform/vendor/laravel/framework/src/Illuminate/Http/Middleware/HandleCors.php(49): Illuminate/Pipeline/Pipeline->Illuminate/Pipeline/{closure}(Object(Illuminate/Http/Request))
#56 C:/Users/Victus/supply-chain-platform/vendor/laravel/framework/src/Illuminate/Pipeline/Pipeline.php(209): Illuminate/Http/Middleware/HandleCors->handle(Object(Illuminate/Http/Request), Object(Closure))
#57 C:/Users/Victus/supply-chain-platform/vendor/laravel/framework/src/Illuminate/Http/Middleware/TrustProxies.php(58): Illuminate/Pipeline/Pipeline->Illuminate/Pipeline/{closure}(Object(Illuminate/Http/Request))
#58 C:/Users/Victus/supply-chain-platform/vendor/laravel/framework/src/Illuminate/Pipeline/Pipeline.php(209): Illuminate/Http/Middleware/TrustProxies->handle(Object(Illuminate/Http/Request), Object(Closure))
#59 C:/Users/Victus/supply-chain-platform/vendor/laravel/framework/src/Illuminate/Foundation/Http/Middleware/InvokeDeferredCallbacks.php(22): Illuminate/Pipeline/Pipeline->Illuminate/Pipeline/{closure}(Object(Illuminate/Http/Request))
#60 C:/Users/Victus/supply-chain-platform/vendor/laravel/framework/src/Illuminate/Pipeline/Pipeline.php(209): Illuminate/Foundation/Http/Middleware/InvokeDeferredCallbacks->handle(Object(Illuminate/Http/Request), Object(Closure))
#61 C:/Users/Victus/supply-chain-platform/vendor/laravel/framework/src/Illuminate/Pipeline/Pipeline.php(127): Illuminate/Pipeline/Pipeline->Illuminate/Pipeline/{closure}(Object(Illuminate/Http/Request))
#62 C:/Users/Victus/supply-chain-platform/vendor/laravel/framework/src/Illuminate/Foundation/Http/Kernel.php(176): Illuminate/Pipeline/Pipeline->then(Object(Closure))
#63 C:/Users/Victus/supply-chain-platform/vendor/laravel/framework/src/Illuminate/Foundation/Http/Kernel.php(145): Illuminate/Foundation/Http/Kernel->sendRequestThroughRouter(Object(Illuminate/Http/Request))
#64 C:/Users/Victus/supply-chain-platform/vendor/laravel/framework/src/Illuminate/Foundation/Application.php(1220): Illuminate/Foundation/Http/Kernel->handle(Object(Illuminate/Http/Request))
#65 C:/Users/Victus/supply-chain-platform/public/index.php(24): Illuminate/Foundation/Application->handleRequest(Object(Illuminate/Http/Request))
#66 C:/Users/Victus/supply-chain-platform/vendor/laravel/framework/src/Illuminate/Foundation/resources/server.php(23): require_once('C://Users//Victus...')
#67 {main}
"} 
[2026-07-21 00:30:56] local.ERROR: SQLSTATE[42000]: Syntax error or access violation: 1055 'supply_chain_db.news_cache.id' isn't in GROUP BY (Connection: mysql, SQL: select `id`, COUNT(*) as mention_count from `news_cache` where `published_at` >= 2026-07-20 00:30:56 group by `source_name` order by `mention_count` desc, `published_at` desc limit 5) {"userId":1,"exception":"[object] (Illuminate\\Database\\QueryException(code: 42000): SQLSTATE[42000]: Syntax error or access violation: 1055 'supply_chain_db.news_cache.id' isn't in GROUP BY (Connection: mysql, SQL: select `id`, COUNT(*) as mention_count from `news_cache` where `published_at` >= 2026-07-20 00:30:56 group by `source_name` order by `mention_count` desc, `published_at` desc limit 5) at C:/Users/Victus/supply-chain-platform/vendor/laravel/framework/src/Illuminate/Database/Connection.php:825)
[stacktrace]
#0 C:/Users/Victus/supply-chain-platform/vendor/laravel/framework/src/Illuminate/Database/Connection.php(779): Illuminate/Database/Connection->runQueryCallback('select `id`, CO...', Array, Object(Closure))
#1 C:/Users/Victus/supply-chain-platform/vendor/laravel/framework/src/Illuminate/Database/Connection.php(398): Illuminate/Database/Connection->run('select `id`, CO...', Array, Object(Closure))
#2 C:/Users/Victus/supply-chain-platform/vendor/laravel/framework/src/Illuminate/Database/Query/Builder.php(3106): Illuminate/Database/Connection->select('select `id`, CO...', Array, true)
#3 C:/Users/Victus/supply-chain-platform/vendor/laravel/framework/src/Illuminate/Database/Query/Builder.php(3362): Illuminate/Database/Query/Builder->runSelect()
#4 C:/Users/Victus/supply-chain-platform/vendor/laravel/framework/src/Illuminate/Database/Query/Builder.php(3676): Illuminate/Database/Query/Builder->Illuminate/Database/Query/{closure}()
#5 C:/Users/Victus/supply-chain-platform/vendor/laravel/framework/src/Illuminate/Database/Query/Builder.php(3358): Illuminate/Database/Query/Builder->onceWithColumns(Array, Object(Closure))
#6 C:/Users/Victus/supply-chain-platform/vendor/laravel/framework/src/Illuminate/Database/Eloquent/Builder.php(991): Illuminate/Database/Query/Builder->pluck('id', NULL)
#7 C:/Users/Victus/supply-chain-platform/app/Services/RealtimeNewsService.php(110): Illuminate/Database/Eloquent/Builder->pluck('id')
#8 C:/Users/Victus/supply-chain-platform/vendor/laravel/framework/src/Illuminate/Cache/Repository.php(427): App/Services/RealtimeNewsService->App/Services/{closure}()
#9 C:/Users/Victus/supply-chain-platform/vendor/laravel/framework/src/Illuminate/Cache/CacheManager.php(453): Illuminate/Cache/Repository->remember('realtime:trendi...', 300, Object(Closure))
#10 C:/Users/Victus/supply-chain-platform/vendor/laravel/framework/src/Illuminate/Support/Facades/Facade.php(361): Illuminate/Cache/CacheManager->__call('remember', Array)
#11 C:/Users/Victus/supply-chain-platform/app/Services/RealtimeNewsService.php(103): Illuminate/Support/Facades/Facade::__callStatic('remember', Array)
#12 C:/Users/Victus/supply-chain-platform/app/Http/Controllers/NewsController.php(308): App/Services/RealtimeNewsService->getTrendingNews(5)
#13 C:/Users/Victus/supply-chain-platform/vendor/laravel/framework/src/Illuminate/Routing/ControllerDispatcher.php(47): App/Http/Controllers/NewsController->realtimeDashboard()
#14 C:/Users/Victus/supply-chain-platform/vendor/laravel/framework/src/Illuminate/Routing/Route.php(266): Illuminate/Routing/ControllerDispatcher->dispatch(Object(Illuminate/Routing/Route), Object(App/Http/Controllers/NewsController), 'realtimeDashboa...')
#15 C:/Users/Victus/supply-chain-platform/vendor/laravel/framework/src/Illuminate/Routing/Route.php(212): Illuminate/Routing/Route->runController()
#16 C:/Users/Victus/supply-chain-platform/vendor/laravel/framework/src/Illuminate/Routing/Router.php(808): Illuminate/Routing/Route->run()
#17 C:/Users/Victus/supply-chain-platform/vendor/laravel/framework/src/Illuminate/Pipeline/Pipeline.php(170): Illuminate/Routing/Router->Illuminate/Routing/{closure}(Object(Illuminate/Http/Request))
#18 C:/Users/Victus/supply-chain-platform/vendor/laravel/framework/src/Illuminate/Routing/Middleware/SubstituteBindings.php(51): Illuminate/Pipeline/Pipeline->Illuminate/Pipeline/{closure}(Object(Illuminate/Http/Request))
#19 C:/Users/Victus/supply-chain-platform/vendor/laravel/framework/src/Illuminate/Pipeline/Pipeline.php(209): Illuminate/Routing/Middleware/SubstituteBindings->handle(Object(Illuminate/Http/Request), Object(Closure))
#20 C:/Users/Victus/supply-chain-platform/vendor/laravel/framework/src/Illuminate/Auth/Middleware/Authenticate.php(64): Illuminate/Pipeline/Pipeline->Illuminate/Pipeline/{closure}(Object(Illuminate/Http/Request))
#21 C:/Users/Victus/supply-chain-platform/vendor/laravel/framework/src/Illuminate/Pipeline/Pipeline.php(209): Illuminate/Auth/Middleware/Authenticate->handle(Object(Illuminate/Http/Request), Object(Closure))
#22 C:/Users/Victus/supply-chain-platform/vendor/laravel/framework/src/Illuminate/Foundation/Http/Middleware/VerifyCsrfToken.php(88): Illuminate/Pipeline/Pipeline->Illuminate/Pipeline/{closure}(Object(Illuminate/Http/Request))
#23 C:/Users/Victus/supply-chain-platform/vendor/laravel/framework/src/Illuminate/Pipeline/Pipeline.php(209): Illuminate/Foundation/Http/Middleware/VerifyCsrfToken->handle(Object(Illuminate/Http/Request), Object(Closure))
#24 C:/Users/Victus/supply-chain-platform/vendor/laravel/framework/src/Illuminate/View/Middleware/ShareErrorsFromSession.php(49): Illuminate/Pipeline/Pipeline->Illuminate/Pipeline/{closure}(Object(Illuminate/Http/Request))
#25 C:/Users/Victus/supply-chain-platform/vendor/laravel/framework/src/Illuminate/Pipeline/Pipeline.php(209): Illuminate/View/Middleware/ShareErrorsFromSession->handle(Object(Illuminate/Http/Request), Object(Closure))
#26 C:/Users/Victus/supply-chain-platform/vendor/laravel/framework/src/Illuminate/Session/Middleware/StartSession.php(121): Illuminate/Pipeline/Pipeline->Illuminate/Pipeline/{closure}(Object(Illuminate/Http/Request))
#27 C:/Users/Victus/supply-chain-platform/vendor/laravel/framework/src/Illuminate/Session/Middleware/StartSession.php(64): Illuminate/Session/Middleware/StartSession->handleStatefulRequest(Object(Illuminate/Http/Request), Object(Illuminate/Session/Store), Object(Closure))
#28 C:/Users/Victus/supply-chain-platform/vendor/laravel/framework/src/Illuminate/Pipeline/Pipeline.php(209): Illuminate/Session/Middleware/StartSession->handle(Object(Illuminate/Http/Request), Object(Closure))
#29 C:/Users/Victus/supply-chain-platform/vendor/laravel/framework/src/Illuminate/Cookie/Middleware/AddQueuedCookiesToResponse.php(37): Illuminate/Pipeline/Pipeline->Illuminate/Pipeline/{closure}(Object(Illuminate/Http/Request))
#30 C:/Users/Victus/supply-chain-platform/vendor/laravel/framework/src/Illuminate/Pipeline/Pipeline.php(209): Illuminate/Cookie/Middleware/AddQueuedCookiesToResponse->handle(Object(Illuminate/Http/Request), Object(Closure))
#31 C:/Users/Victus/supply-chain-platform/vendor/laravel/framework/src/Illuminate/Cookie/Middleware/EncryptCookies.php(75): Illuminate/Pipeline/Pipeline->Illuminate/Pipeline/{closure}(Object(Illuminate/Http/Request))
#32 C:/Users/Victus/supply-chain-platform/vendor/laravel/framework/src/Illuminate/Pipeline/Pipeline.php(209): Illuminate/Cookie/Middleware/EncryptCookies->handle(Object(Illuminate/Http/Request), Object(Closure))
#33 C:/Users/Victus/supply-chain-platform/vendor/laravel/framework/src/Illuminate/Pipeline/Pipeline.php(127): Illuminate/Pipeline/Pipeline->Illuminate/Pipeline/{closure}(Object(Illuminate/Http/Request))
#34 C:/Users/Victus/supply-chain-platform/vendor/laravel/framework/src/Illuminate/Routing/Router.php(807): Illuminate/Pipeline/Pipeline->then(Object(Closure))
#35 C:/Users/Victus/supply-chain-platform/vendor/laravel/framework/src/Illuminate/Routing/Router.php(786): Illuminate/Routing/Router->runRouteWithinStack(Object(Illuminate/Routing/Route), Object(Illuminate/Http/Request))
#36 C:/Users/Victus/supply-chain-platform/vendor/laravel/framework/src/Illuminate/Routing/Router.php(750): Illuminate/Routing/Router->runRoute(Object(Illuminate/Http/Request), Object(Illuminate/Routing/Route))
#37 C:/Users/Victus/supply-chain-platform/vendor/laravel/framework/src/Illuminate/Routing/Router.php(739): Illuminate/Routing/Router->dispatchToRoute(Object(Illuminate/Http/Request))
#38 C:/Users/Victus/supply-chain-platform/vendor/laravel/framework/src/Illuminate/Foundation/Http/Kernel.php(201): Illuminate/Routing/Router->dispatch(Object(Illuminate/Http/Request))
#39 C:/Users/Victus/supply-chain-platform/vendor/laravel/framework/src/Illuminate/Pipeline/Pipeline.php(170): Illuminate/Foundation/Http/Kernel->Illuminate/Foundation/Http/{closure}(Object(Illuminate/Http/Request))
#40 C:/Users/Victus/supply-chain-platform/app/Http/Middleware/CopyrightMiddleware.php(16): Illuminate/Pipeline/Pipeline->Illuminate/Pipeline/{closure}(Object(Illuminate/Http/Request))
#41 C:/Users/Victus/supply-chain-platform/vendor/laravel/framework/src/Illuminate/Pipeline/Pipeline.php(209): App/Http/Middleware/CopyrightMiddleware->handle(Object(Illuminate/Http/Request), Object(Closure))
#42 C:/Users/Victus/supply-chain-platform/vendor/laravel/framework/src/Illuminate/Foundation/Http/Middleware/TransformsRequest.php(21): Illuminate/Pipeline/Pipeline->Illuminate/Pipeline/{closure}(Object(Illuminate/Http/Request))
#43 C:/Users/Victus/supply-chain-platform/vendor/laravel/framework/src/Illuminate/Foundation/Http/Middleware/ConvertEmptyStringsToNull.php(31): Illuminate/Foundation/Http/Middleware/TransformsRequest->handle(Object(Illuminate/Http/Request), Object(Closure))
#44 C:/Users/Victus/supply-chain-platform/vendor/laravel/framework/src/Illuminate/Pipeline/Pipeline.php(209): Illuminate/Foundation/Http/Middleware/ConvertEmptyStringsToNull->handle(Object(Illuminate/Http/Request), Object(Closure))
#45 C:/Users/Victus/supply-chain-platform/vendor/laravel/framework/src/Illuminate/Foundation/Http/Middleware/TransformsRequest.php(21): Illuminate/Pipeline/Pipeline->Illuminate/Pipeline/{closure}(Object(Illuminate/Http/Request))
#46 C:/Users/Victus/supply-chain-platform/vendor/laravel/framework/src/Illuminate/Foundation/Http/Middleware/TrimStrings.php(51): Illuminate/Foundation/Http/Middleware/TransformsRequest->handle(Object(Illuminate/Http/Request), Object(Closure))
#47 C:/Users/Victus/supply-chain-platform/vendor/laravel/framework/src/Illuminate/Pipeline/Pipeline.php(209): Illuminate/Foundation/Http/Middleware/TrimStrings->handle(Object(Illuminate/Http/Request), Object(Closure))
#48 C:/Users/Victus/supply-chain-platform/vendor/laravel/framework/src/Illuminate/Http/Middleware/ValidatePostSize.php(27): Illuminate/Pipeline/Pipeline->Illuminate/Pipeline/{closure}(Object(Illuminate/Http/Request))
#49 C:/Users/Victus/supply-chain-platform/vendor/laravel/framework/src/Illuminate/Pipeline/Pipeline.php(209): Illuminate/Http/Middleware/ValidatePostSize->handle(Object(Illuminate/Http/Request), Object(Closure))
#50 C:/Users/Victus/supply-chain-platform/vendor/laravel/framework/src/Illuminate/Foundation/Http/Middleware/PreventRequestsDuringMaintenance.php(110): Illuminate/Pipeline/Pipeline->Illuminate/Pipeline/{closure}(Object(Illuminate/Http/Request))
#51 C:/Users/Victus/supply-chain-platform/vendor/laravel/framework/src/Illuminate/Pipeline/Pipeline.php(209): Illuminate/Foundation/Http/Middleware/PreventRequestsDuringMaintenance->handle(Object(Illuminate/Http/Request), Object(Closure))
#52 C:/Users/Victus/supply-chain-platform/vendor/laravel/framework/src/Illuminate/Http/Middleware/HandleCors.php(49): Illuminate/Pipeline/Pipeline->Illuminate/Pipeline/{closure}(Object(Illuminate/Http/Request))
#53 C:/Users/Victus/supply-chain-platform/vendor/laravel/framework/src/Illuminate/Pipeline/Pipeline.php(209): Illuminate/Http/Middleware/HandleCors->handle(Object(Illuminate/Http/Request), Object(Closure))
#54 C:/Users/Victus/supply-chain-platform/vendor/laravel/framework/src/Illuminate/Http/Middleware/TrustProxies.php(58): Illuminate/Pipeline/Pipeline->Illuminate/Pipeline/{closure}(Object(Illuminate/Http/Request))
#55 C:/Users/Victus/supply-chain-platform/vendor/laravel/framework/src/Illuminate/Pipeline/Pipeline.php(209): Illuminate/Http/Middleware/TrustProxies->handle(Object(Illuminate/Http/Request), Object(Closure))
#56 C:/Users/Victus/supply-chain-platform/vendor/laravel/framework/src/Illuminate/Foundation/Http/Middleware/InvokeDeferredCallbacks.php(22): Illuminate/Pipeline/Pipeline->Illuminate/Pipeline/{closure}(Object(Illuminate/Http/Request))
#57 C:/Users/Victus/supply-chain-platform/vendor/laravel/framework/src/Illuminate/Pipeline/Pipeline.php(209): Illuminate/Foundation/Http/Middleware/InvokeDeferredCallbacks->handle(Object(Illuminate/Http/Request), Object(Closure))
#58 C:/Users/Victus/supply-chain-platform/vendor/laravel/framework/src/Illuminate/Pipeline/Pipeline.php(127): Illuminate/Pipeline/Pipeline->Illuminate/Pipeline/{closure}(Object(Illuminate/Http/Request))
#59 C:/Users/Victus/supply-chain-platform/vendor/laravel/framework/src/Illuminate/Foundation/Http/Kernel.php(176): Illuminate/Pipeline/Pipeline->then(Object(Closure))
#60 C:/Users/Victus/supply-chain-platform/vendor/laravel/framework/src/Illuminate/Foundation/Http/Kernel.php(145): Illuminate/Foundation/Http/Kernel->sendRequestThroughRouter(Object(Illuminate/Http/Request))
#61 C:/Users/Victus/supply-chain-platform/vendor/laravel/framework/src/Illuminate/Foundation/Application.php(1220): Illuminate/Foundation/Http/Kernel->handle(Object(Illuminate/Http/Request))
#62 C:/Users/Victus/supply-chain-platform/public/index.php(24): Illuminate/Foundation/Application->handleRequest(Object(Illuminate/Http/Request))
#63 C:/Users/Victus/supply-chain-platform/vendor/laravel/framework/src/Illuminate/Foundation/resources/server.php(23): require_once('C://Users//Victus...')
#64 {main}

[previous exception] [object] (PDOException(code: 42000): SQLSTATE[42000]: Syntax error or access violation: 1055 'supply_chain_db.news_cache.id' isn't in GROUP BY at C:/Users/Victus/supply-chain-platform/vendor/laravel/framework/src/Illuminate/Database/Connection.php:407)
[stacktrace]
#0 C:/Users/Victus/supply-chain-platform/vendor/laravel/framework/src/Illuminate/Database/Connection.php(407): PDO->prepare('select `id`, CO...')
#1 C:/Users/Victus/supply-chain-platform/vendor/laravel/framework/src/Illuminate/Database/Connection.php(812): Illuminate/Database/Connection->Illuminate/Database/{closure}('select `id`, CO...', Array)
#2 C:/Users/Victus/supply-chain-platform/vendor/laravel/framework/src/Illuminate/Database/Connection.php(779): Illuminate/Database/Connection->runQueryCallback('select `id`, CO...', Array, Object(Closure))
#3 C:/Users/Victus/supply-chain-platform/vendor/laravel/framework/src/Illuminate/Database/Connection.php(398): Illuminate/Database/Connection->run('select `id`, CO...', Array, Object(Closure))
#4 C:/Users/Victus/supply-chain-platform/vendor/laravel/framework/src/Illuminate/Database/Query/Builder.php(3106): Illuminate/Database/Connection->select('select `id`, CO...', Array, true)
#5 C:/Users/Victus/supply-chain-platform/vendor/laravel/framework/src/Illuminate/Database/Query/Builder.php(3362): Illuminate/Database/Query/Builder->runSelect()
#6 C:/Users/Victus/supply-chain-platform/vendor/laravel/framework/src/Illuminate/Database/Query/Builder.php(3676): Illuminate/Database/Query/Builder->Illuminate/Database/Query/{closure}()
#7 C:/Users/Victus/supply-chain-platform/vendor/laravel/framework/src/Illuminate/Database/Query/Builder.php(3358): Illuminate/Database/Query/Builder->onceWithColumns(Array, Object(Closure))
#8 C:/Users/Victus/supply-chain-platform/vendor/laravel/framework/src/Illuminate/Database/Eloquent/Builder.php(991): Illuminate/Database/Query/Builder->pluck('id', NULL)
#9 C:/Users/Victus/supply-chain-platform/app/Services/RealtimeNewsService.php(110): Illuminate/Database/Eloquent/Builder->pluck('id')
#10 C:/Users/Victus/supply-chain-platform/vendor/laravel/framework/src/Illuminate/Cache/Repository.php(427): App/Services/RealtimeNewsService->App/Services/{closure}()
#11 C:/Users/Victus/supply-chain-platform/vendor/laravel/framework/src/Illuminate/Cache/CacheManager.php(453): Illuminate/Cache/Repository->remember('realtime:trendi...', 300, Object(Closure))
#12 C:/Users/Victus/supply-chain-platform/vendor/laravel/framework/src/Illuminate/Support/Facades/Facade.php(361): Illuminate/Cache/CacheManager->__call('remember', Array)
#13 C:/Users/Victus/supply-chain-platform/app/Services/RealtimeNewsService.php(103): Illuminate/Support/Facades/Facade::__callStatic('remember', Array)
#14 C:/Users/Victus/supply-chain-platform/app/Http/Controllers/NewsController.php(308): App/Services/RealtimeNewsService->getTrendingNews(5)
#15 C:/Users/Victus/supply-chain-platform/vendor/laravel/framework/src/Illuminate/Routing/ControllerDispatcher.php(47): App/Http/Controllers/NewsController->realtimeDashboard()
#16 C:/Users/Victus/supply-chain-platform/vendor/laravel/framework/src/Illuminate/Routing/Route.php(266): Illuminate/Routing/ControllerDispatcher->dispatch(Object(Illuminate/Routing/Route), Object(App/Http/Controllers/NewsController), 'realtimeDashboa...')
#17 C:/Users/Victus/supply-chain-platform/vendor/laravel/framework/src/Illuminate/Routing/Route.php(212): Illuminate/Routing/Route->runController()
#18 C:/Users/Victus/supply-chain-platform/vendor/laravel/framework/src/Illuminate/Routing/Router.php(808): Illuminate/Routing/Route->run()
#19 C:/Users/Victus/supply-chain-platform/vendor/laravel/framework/src/Illuminate/Pipeline/Pipeline.php(170): Illuminate/Routing/Router->Illuminate/Routing/{closure}(Object(Illuminate/Http/Request))
#20 C:/Users/Victus/supply-chain-platform/vendor/laravel/framework/src/Illuminate/Routing/Middleware/SubstituteBindings.php(51): Illuminate/Pipeline/Pipeline->Illuminate/Pipeline/{closure}(Object(Illuminate/Http/Request))
#21 C:/Users/Victus/supply-chain-platform/vendor/laravel/framework/src/Illuminate/Pipeline/Pipeline.php(209): Illuminate/Routing/Middleware/SubstituteBindings->handle(Object(Illuminate/Http/Request), Object(Closure))
#22 C:/Users/Victus/supply-chain-platform/vendor/laravel/framework/src/Illuminate/Auth/Middleware/Authenticate.php(64): Illuminate/Pipeline/Pipeline->Illuminate/Pipeline/{closure}(Object(Illuminate/Http/Request))
#23 C:/Users/Victus/supply-chain-platform/vendor/laravel/framework/src/Illuminate/Pipeline/Pipeline.php(209): Illuminate/Auth/Middleware/Authenticate->handle(Object(Illuminate/Http/Request), Object(Closure))
#24 C:/Users/Victus/supply-chain-platform/vendor/laravel/framework/src/Illuminate/Foundation/Http/Middleware/VerifyCsrfToken.php(88): Illuminate/Pipeline/Pipeline->Illuminate/Pipeline/{closure}(Object(Illuminate/Http/Request))
#25 C:/Users/Victus/supply-chain-platform/vendor/laravel/framework/src/Illuminate/Pipeline/Pipeline.php(209): Illuminate/Foundation/Http/Middleware/VerifyCsrfToken->handle(Object(Illuminate/Http/Request), Object(Closure))
#26 C:/Users/Victus/supply-chain-platform/vendor/laravel/framework/src/Illuminate/View/Middleware/ShareErrorsFromSession.php(49): Illuminate/Pipeline/Pipeline->Illuminate/Pipeline/{closure}(Object(Illuminate/Http/Request))
#27 C:/Users/Victus/supply-chain-platform/vendor/laravel/framework/src/Illuminate/Pipeline/Pipeline.php(209): Illuminate/View/Middleware/ShareErrorsFromSession->handle(Object(Illuminate/Http/Request), Object(Closure))
#28 C:/Users/Victus/supply-chain-platform/vendor/laravel/framework/src/Illuminate/Session/Middleware/StartSession.php(121): Illuminate/Pipeline/Pipeline->Illuminate/Pipeline/{closure}(Object(Illuminate/Http/Request))
#29 C:/Users/Victus/supply-chain-platform/vendor/laravel/framework/src/Illuminate/Session/Middleware/StartSession.php(64): Illuminate/Session/Middleware/StartSession->handleStatefulRequest(Object(Illuminate/Http/Request), Object(Illuminate/Session/Store), Object(Closure))
#30 C:/Users/Victus/supply-chain-platform/vendor/laravel/framework/src/Illuminate/Pipeline/Pipeline.php(209): Illuminate/Session/Middleware/StartSession->handle(Object(Illuminate/Http/Request), Object(Closure))
#31 C:/Users/Victus/supply-chain-platform/vendor/laravel/framework/src/Illuminate/Cookie/Middleware/AddQueuedCookiesToResponse.php(37): Illuminate/Pipeline/Pipeline->Illuminate/Pipeline/{closure}(Object(Illuminate/Http/Request))
#32 C:/Users/Victus/supply-chain-platform/vendor/laravel/framework/src/Illuminate/Pipeline/Pipeline.php(209): Illuminate/Cookie/Middleware/AddQueuedCookiesToResponse->handle(Object(Illuminate/Http/Request), Object(Closure))
#33 C:/Users/Victus/supply-chain-platform/vendor/laravel/framework/src/Illuminate/Cookie/Middleware/EncryptCookies.php(75): Illuminate/Pipeline/Pipeline->Illuminate/Pipeline/{closure}(Object(Illuminate/Http/Request))
#34 C:/Users/Victus/supply-chain-platform/vendor/laravel/framework/src/Illuminate/Pipeline/Pipeline.php(209): Illuminate/Cookie/Middleware/EncryptCookies->handle(Object(Illuminate/Http/Request), Object(Closure))
#35 C:/Users/Victus/supply-chain-platform/vendor/laravel/framework/src/Illuminate/Pipeline/Pipeline.php(127): Illuminate/Pipeline/Pipeline->Illuminate/Pipeline/{closure}(Object(Illuminate/Http/Request))
#36 C:/Users/Victus/supply-chain-platform/vendor/laravel/framework/src/Illuminate/Routing/Router.php(807): Illuminate/Pipeline/Pipeline->then(Object(Closure))
#37 C:/Users/Victus/supply-chain-platform/vendor/laravel/framework/src/Illuminate/Routing/Router.php(786): Illuminate/Routing/Router->runRouteWithinStack(Object(Illuminate/Routing/Route), Object(Illuminate/Http/Request))
#38 C:/Users/Victus/supply-chain-platform/vendor/laravel/framework/src/Illuminate/Routing/Router.php(750): Illuminate/Routing/Router->runRoute(Object(Illuminate/Http/Request), Object(Illuminate/Routing/Route))
#39 C:/Users/Victus/supply-chain-platform/vendor/laravel/framework/src/Illuminate/Routing/Router.php(739): Illuminate/Routing/Router->dispatchToRoute(Object(Illuminate/Http/Request))
#40 C:/Users/Victus/supply-chain-platform/vendor/laravel/framework/src/Illuminate/Foundation/Http/Kernel.php(201): Illuminate/Routing/Router->dispatch(Object(Illuminate/Http/Request))
#41 C:/Users/Victus/supply-chain-platform/vendor/laravel/framework/src/Illuminate/Pipeline/Pipeline.php(170): Illuminate/Foundation/Http/Kernel->Illuminate/Foundation/Http/{closure}(Object(Illuminate/Http/Request))
#42 C:/Users/Victus/supply-chain-platform/app/Http/Middleware/CopyrightMiddleware.php(16): Illuminate/Pipeline/Pipeline->Illuminate/Pipeline/{closure}(Object(Illuminate/Http/Request))
#43 C:/Users/Victus/supply-chain-platform/vendor/laravel/framework/src/Illuminate/Pipeline/Pipeline.php(209): App/Http/Middleware/CopyrightMiddleware->handle(Object(Illuminate/Http/Request), Object(Closure))
#44 C:/Users/Victus/supply-chain-platform/vendor/laravel/framework/src/Illuminate/Foundation/Http/Middleware/TransformsRequest.php(21): Illuminate/Pipeline/Pipeline->Illuminate/Pipeline/{closure}(Object(Illuminate/Http/Request))
#45 C:/Users/Victus/supply-chain-platform/vendor/laravel/framework/src/Illuminate/Foundation/Http/Middleware/ConvertEmptyStringsToNull.php(31): Illuminate/Foundation/Http/Middleware/TransformsRequest->handle(Object(Illuminate/Http/Request), Object(Closure))
#46 C:/Users/Victus/supply-chain-platform/vendor/laravel/framework/src/Illuminate/Pipeline/Pipeline.php(209): Illuminate/Foundation/Http/Middleware/ConvertEmptyStringsToNull->handle(Object(Illuminate/Http/Request), Object(Closure))
#47 C:/Users/Victus/supply-chain-platform/vendor/laravel/framework/src/Illuminate/Foundation/Http/Middleware/TransformsRequest.php(21): Illuminate/Pipeline/Pipeline->Illuminate/Pipeline/{closure}(Object(Illuminate/Http/Request))
#48 C:/Users/Victus/supply-chain-platform/vendor/laravel/framework/src/Illuminate/Foundation/Http/Middleware/TrimStrings.php(51): Illuminate/Foundation/Http/Middleware/TransformsRequest->handle(Object(Illuminate/Http/Request), Object(Closure))
#49 C:/Users/Victus/supply-chain-platform/vendor/laravel/framework/src/Illuminate/Pipeline/Pipeline.php(209): Illuminate/Foundation/Http/Middleware/TrimStrings->handle(Object(Illuminate/Http/Request), Object(Closure))
#50 C:/Users/Victus/supply-chain-platform/vendor/laravel/framework/src/Illuminate/Http/Middleware/ValidatePostSize.php(27): Illuminate/Pipeline/Pipeline->Illuminate/Pipeline/{closure}(Object(Illuminate/Http/Request))
#51 C:/Users/Victus/supply-chain-platform/vendor/laravel/framework/src/Illuminate/Pipeline/Pipeline.php(209): Illuminate/Http/Middleware/ValidatePostSize->handle(Object(Illuminate/Http/Request), Object(Closure))
#52 C:/Users/Victus/supply-chain-platform/vendor/laravel/framework/src/Illuminate/Foundation/Http/Middleware/PreventRequestsDuringMaintenance.php(110): Illuminate/Pipeline/Pipeline->Illuminate/Pipeline/{closure}(Object(Illuminate/Http/Request))
#53 C:/Users/Victus/supply-chain-platform/vendor/laravel/framework/src/Illuminate/Pipeline/Pipeline.php(209): Illuminate/Foundation/Http/Middleware/PreventRequestsDuringMaintenance->handle(Object(Illuminate/Http/Request), Object(Closure))
#54 C:/Users/Victus/supply-chain-platform/vendor/laravel/framework/src/Illuminate/Http/Middleware/HandleCors.php(49): Illuminate/Pipeline/Pipeline->Illuminate/Pipeline/{closure}(Object(Illuminate/Http/Request))
#55 C:/Users/Victus/supply-chain-platform/vendor/laravel/framework/src/Illuminate/Pipeline/Pipeline.php(209): Illuminate/Http/Middleware/HandleCors->handle(Object(Illuminate/Http/Request), Object(Closure))
#56 C:/Users/Victus/supply-chain-platform/vendor/laravel/framework/src/Illuminate/Http/Middleware/TrustProxies.php(58): Illuminate/Pipeline/Pipeline->Illuminate/Pipeline/{closure}(Object(Illuminate/Http/Request))
#57 C:/Users/Victus/supply-chain-platform/vendor/laravel/framework/src/Illuminate/Pipeline/Pipeline.php(209): Illuminate/Http/Middleware/TrustProxies->handle(Object(Illuminate/Http/Request), Object(Closure))
#58 C:/Users/Victus/supply-chain-platform/vendor/laravel/framework/src/Illuminate/Foundation/Http/Middleware/InvokeDeferredCallbacks.php(22): Illuminate/Pipeline/Pipeline->Illuminate/Pipeline/{closure}(Object(Illuminate/Http/Request))
#59 C:/Users/Victus/supply-chain-platform/vendor/laravel/framework/src/Illuminate/Pipeline/Pipeline.php(209): Illuminate/Foundation/Http/Middleware/InvokeDeferredCallbacks->handle(Object(Illuminate/Http/Request), Object(Closure))
#60 C:/Users/Victus/supply-chain-platform/vendor/laravel/framework/src/Illuminate/Pipeline/Pipeline.php(127): Illuminate/Pipeline/Pipeline->Illuminate/Pipeline/{closure}(Object(Illuminate/Http/Request))
#61 C:/Users/Victus/supply-chain-platform/vendor/laravel/framework/src/Illuminate/Foundation/Http/Kernel.php(176): Illuminate/Pipeline/Pipeline->then(Object(Closure))
#62 C:/Users/Victus/supply-chain-platform/vendor/laravel/framework/src/Illuminate/Foundation/Http/Kernel.php(145): Illuminate/Foundation/Http/Kernel->sendRequestThroughRouter(Object(Illuminate/Http/Request))
#63 C:/Users/Victus/supply-chain-platform/vendor/laravel/framework/src/Illuminate/Foundation/Application.php(1220): Illuminate/Foundation/Http/Kernel->handle(Object(Illuminate/Http/Request))
#64 C:/Users/Victus/supply-chain-platform/public/index.php(24): Illuminate/Foundation/Application->handleRequest(Object(Illuminate/Http/Request))
#65 C:/Users/Victus/supply-chain-platform/vendor/laravel/framework/src/Illuminate/Foundation/resources/server.php(23): require_once('C://Users//Victus...')
#66 {main}
"} 
[2026-07-21 00:33:07] local.ERROR: [worldbank] cURL error 28: Operation timed out after 5004 milliseconds with 0 bytes received (see https://curl.se/libcurl/c/libcurl-errors.html) for https://api.worldbank.org/v2/country/DE/indicator/SL.UEM.TOTL.ZS?format=json&date=2025%3A2025&per_page=1  
[2026-07-21 00:33:24] local.ERROR: [openmeteo] cURL error 28: Connection timed out after 5016 milliseconds (see https://curl.se/libcurl/c/libcurl-errors.html) for https://api.open-meteo.com/v1/forecast?latitude=36.2048&longitude=138.2529&current=temperature_2m%2Capparent_temperature%2Cprecipitation%2Cwindspeed_10m%2Cwindgusts_10m%2Cweathercode%2Ccloudcover%2Crelativehumidity_2m&timezone=auto&forecast_days=1  
